使用设备: cuda
Full path: 32ch; subnet path: 16ch; blocks: 5
模型总参数量: 15,072
==================================================
Training Started
==================================================
实验名称: DPSR_x4_0806_1439
放大倍数: 4
批次大小: 64
学习率: 0.0025
最小学习率: 8e-05
训练轮数: 200
设备: cuda
模型参数数量: 15,072
训练批次: 1110
==================================================
Begin Training
Epoch 1/200: Training loss=0.044774, lr=3.00e-04
Epoch 1/200: Validation combined_loss=0.054073
Validation configuration losses: 32ch=0.053997, 16ch=0.054148
Set5/32ch: PSNR(Y)=28.715, SSIM(Y)=0.8146
Set14/32ch: PSNR(Y)=26.265, SSIM(Y)=0.7086
B100/32ch: PSNR(Y)=26.056, SSIM(Y)=0.6732
U100/32ch: PSNR(Y)=23.273, SSIM(Y)=0.6616
M109/32ch: PSNR(Y)=25.082, SSIM(Y)=0.7885
Set5/16ch: PSNR(Y)=28.641, SSIM(Y)=0.8126
Set14/16ch: PSNR(Y)=26.212, SSIM(Y)=0.7060
B100/16ch: PSNR(Y)=26.016, SSIM(Y)=0.6707
U100/16ch: PSNR(Y)=23.230, SSIM(Y)=0.6590
M109/16ch: PSNR(Y)=25.017, SSIM(Y)=0.7863
Model saved! Best loss: 0.054073
Epoch 2/200: Training loss=0.039209, lr=4.10e-04
Epoch 2/200: Validation combined_loss=0.053038
Validation configuration losses: 32ch=0.052838, 16ch=0.053239
Set5/32ch: PSNR(Y)=29.050, SSIM(Y)=0.8227
Set14/32ch: PSNR(Y)=26.517, SSIM(Y)=0.7222
B100/32ch: PSNR(Y)=26.254, SSIM(Y)=0.6875
U100/32ch: PSNR(Y)=23.485, SSIM(Y)=0.6747
M109/32ch: PSNR(Y)=25.426, SSIM(Y)=0.7992
Set5/16ch: PSNR(Y)=28.929, SSIM(Y)=0.8201
Set14/16ch: PSNR(Y)=26.418, SSIM(Y)=0.7172
B100/16ch: PSNR(Y)=26.182, SSIM(Y)=0.6822
U100/16ch: PSNR(Y)=23.402, SSIM(Y)=0.6695
M109/16ch: PSNR(Y)=25.293, SSIM(Y)=0.7955
Model saved! Best loss: 0.053038
Epoch 3/200: Training loss=0.038604, lr=5.20e-04
Epoch 3/200: Validation combined_loss=0.052656
Validation configuration losses: 32ch=0.052534, 16ch=0.052779
Set5/32ch: PSNR(Y)=29.150, SSIM(Y)=0.8251
Set14/32ch: PSNR(Y)=26.582, SSIM(Y)=0.7247
B100/32ch: PSNR(Y)=26.300, SSIM(Y)=0.6899
U100/32ch: PSNR(Y)=23.541, SSIM(Y)=0.6774
M109/32ch: PSNR(Y)=25.518, SSIM(Y)=0.8009
Set5/16ch: PSNR(Y)=29.060, SSIM(Y)=0.8229
Set14/16ch: PSNR(Y)=26.521, SSIM(Y)=0.7226
B100/16ch: PSNR(Y)=26.261, SSIM(Y)=0.6879
U100/16ch: PSNR(Y)=23.493, SSIM(Y)=0.6752
M109/16ch: PSNR(Y)=25.444, SSIM(Y)=0.7995
Model saved! Best loss: 0.052656
Epoch 4/200: Training loss=0.038448, lr=6.30e-04
Epoch 4/200: Validation combined_loss=0.052442
Validation configuration losses: 32ch=0.052330, 16ch=0.052554
Set5/32ch: PSNR(Y)=29.250, SSIM(Y)=0.8271
Set14/32ch: PSNR(Y)=26.644, SSIM(Y)=0.7268
B100/32ch: PSNR(Y)=26.343, SSIM(Y)=0.6919
U100/32ch: PSNR(Y)=23.592, SSIM(Y)=0.6791
M109/32ch: PSNR(Y)=25.599, SSIM(Y)=0.8015
Set5/16ch: PSNR(Y)=29.149, SSIM(Y)=0.8250
Set14/16ch: PSNR(Y)=26.581, SSIM(Y)=0.7251
B100/16ch: PSNR(Y)=26.303, SSIM(Y)=0.6903
U100/16ch: PSNR(Y)=23.541, SSIM(Y)=0.6775
M109/16ch: PSNR(Y)=25.520, SSIM(Y)=0.8010
Model saved! Best loss: 0.052442
Epoch 5/200: Training loss=0.038231, lr=7.40e-04
Epoch 5/200: Validation combined_loss=0.052293
Validation configuration losses: 32ch=0.052202, 16ch=0.052384
Set5/32ch: PSNR(Y)=29.316, SSIM(Y)=0.8287
Set14/32ch: PSNR(Y)=26.681, SSIM(Y)=0.7280
B100/32ch: PSNR(Y)=26.372, SSIM(Y)=0.6932
U100/32ch: PSNR(Y)=23.624, SSIM(Y)=0.6802
M109/32ch: PSNR(Y)=25.655, SSIM(Y)=0.8019
Set5/16ch: PSNR(Y)=29.233, SSIM(Y)=0.8268
Set14/16ch: PSNR(Y)=26.630, SSIM(Y)=0.7267
B100/16ch: PSNR(Y)=26.337, SSIM(Y)=0.6919
U100/16ch: PSNR(Y)=23.581, SSIM(Y)=0.6788
M109/16ch: PSNR(Y)=25.587, SSIM(Y)=0.8014
Model saved! Best loss: 0.052293
Epoch 6/200: Training loss=0.038115, lr=8.50e-04
Epoch 6/200: Validation combined_loss=0.052160
Validation configuration losses: 32ch=0.052028, 16ch=0.052292
Set5/32ch: PSNR(Y)=29.375, SSIM(Y)=0.8306
Set14/32ch: PSNR(Y)=26.719, SSIM(Y)=0.7293
B100/32ch: PSNR(Y)=26.401, SSIM(Y)=0.6944
U100/32ch: PSNR(Y)=23.653, SSIM(Y)=0.6817
M109/32ch: PSNR(Y)=25.705, SSIM(Y)=0.8032
Set5/16ch: PSNR(Y)=29.285, SSIM(Y)=0.8281
Set14/16ch: PSNR(Y)=26.656, SSIM(Y)=0.7276
B100/16ch: PSNR(Y)=26.357, SSIM(Y)=0.6928
U100/16ch: PSNR(Y)=23.605, SSIM(Y)=0.6796
M109/16ch: PSNR(Y)=25.628, SSIM(Y)=0.8017
Model saved! Best loss: 0.052160
Epoch 7/200: Training loss=0.038022, lr=9.60e-04
Epoch 7/200: Validation combined_loss=0.051970
Validation configuration losses: 32ch=0.051718, 16ch=0.052221
Set5/32ch: PSNR(Y)=29.473, SSIM(Y)=0.8336
Set14/32ch: PSNR(Y)=26.785, SSIM(Y)=0.7313
B100/32ch: PSNR(Y)=26.446, SSIM(Y)=0.6962
U100/32ch: PSNR(Y)=23.700, SSIM(Y)=0.6843
M109/32ch: PSNR(Y)=25.789, SSIM(Y)=0.8059
Set5/16ch: PSNR(Y)=29.318, SSIM(Y)=0.8290
Set14/16ch: PSNR(Y)=26.675, SSIM(Y)=0.7283
B100/16ch: PSNR(Y)=26.373, SSIM(Y)=0.6935
U100/16ch: PSNR(Y)=23.621, SSIM(Y)=0.6803
M109/16ch: PSNR(Y)=25.656, SSIM(Y)=0.8020
Model saved! Best loss: 0.051970
Epoch 8/200: Training loss=0.037926, lr=1.07e-03
Epoch 8/200: Validation combined_loss=0.051695
Validation configuration losses: 32ch=0.051259, 16ch=0.052131
Set5/32ch: PSNR(Y)=29.603, SSIM(Y)=0.8378
Set14/32ch: PSNR(Y)=26.873, SSIM(Y)=0.7339
B100/32ch: PSNR(Y)=26.502, SSIM(Y)=0.6983
U100/32ch: PSNR(Y)=23.771, SSIM(Y)=0.6881
M109/32ch: PSNR(Y)=25.914, SSIM(Y)=0.8103
Set5/16ch: PSNR(Y)=29.349, SSIM(Y)=0.8300
Set14/16ch: PSNR(Y)=26.696, SSIM(Y)=0.7290
B100/16ch: PSNR(Y)=26.390, SSIM(Y)=0.6942
U100/16ch: PSNR(Y)=23.639, SSIM(Y)=0.6812
M109/16ch: PSNR(Y)=25.681, SSIM(Y)=0.8027
Model saved! Best loss: 0.051695
Epoch 9/200: Training loss=0.037840, lr=1.18e-03
Epoch 9/200: Validation combined_loss=0.051348
Validation configuration losses: 32ch=0.050697, 16ch=0.051999
Set5/32ch: PSNR(Y)=29.755, SSIM(Y)=0.8429
Set14/32ch: PSNR(Y)=26.976, SSIM(Y)=0.7369
B100/32ch: PSNR(Y)=26.563, SSIM(Y)=0.7004
U100/32ch: PSNR(Y)=23.859, SSIM(Y)=0.6929
M109/32ch: PSNR(Y)=26.068, SSIM(Y)=0.8155
Set5/16ch: PSNR(Y)=29.391, SSIM(Y)=0.8312
Set14/16ch: PSNR(Y)=26.723, SSIM(Y)=0.7299
B100/16ch: PSNR(Y)=26.410, SSIM(Y)=0.6950
U100/16ch: PSNR(Y)=23.662, SSIM(Y)=0.6823
M109/16ch: PSNR(Y)=25.716, SSIM(Y)=0.8038
Model saved! Best loss: 0.051348
Epoch 10/200: Training loss=0.037633, lr=1.29e-03
Epoch 10/200: Validation combined_loss=0.050950
Validation configuration losses: 32ch=0.050108, 16ch=0.051792
Set5/32ch: PSNR(Y)=29.909, SSIM(Y)=0.8478
Set14/32ch: PSNR(Y)=27.085, SSIM(Y)=0.7399
B100/32ch: PSNR(Y)=26.626, SSIM(Y)=0.7024
U100/32ch: PSNR(Y)=23.957, SSIM(Y)=0.6980
M109/32ch: PSNR(Y)=26.252, SSIM(Y)=0.8214
Set5/16ch: PSNR(Y)=29.449, SSIM(Y)=0.8331
Set14/16ch: PSNR(Y)=26.762, SSIM(Y)=0.7310
B100/16ch: PSNR(Y)=26.440, SSIM(Y)=0.6961
U100/16ch: PSNR(Y)=23.694, SSIM(Y)=0.6842
M109/16ch: PSNR(Y)=25.771, SSIM(Y)=0.8057
Model saved! Best loss: 0.050950
Epoch 11/200: Training loss=0.037520, lr=1.40e-03
Epoch 11/200: Validation combined_loss=0.050499
Validation configuration losses: 32ch=0.049551, 16ch=0.051447
Set5/32ch: PSNR(Y)=30.047, SSIM(Y)=0.8520
Set14/32ch: PSNR(Y)=27.186, SSIM(Y)=0.7427
B100/32ch: PSNR(Y)=26.686, SSIM(Y)=0.7044
U100/32ch: PSNR(Y)=24.057, SSIM(Y)=0.7028
M109/32ch: PSNR(Y)=26.443, SSIM(Y)=0.8271
Set5/16ch: PSNR(Y)=29.534, SSIM(Y)=0.8360
Set14/16ch: PSNR(Y)=26.824, SSIM(Y)=0.7328
B100/16ch: PSNR(Y)=26.482, SSIM(Y)=0.6977
U100/16ch: PSNR(Y)=23.742, SSIM(Y)=0.6871
M109/16ch: PSNR(Y)=25.857, SSIM(Y)=0.8089
Model saved! Best loss: 0.050499
Epoch 12/200: Training loss=0.037364, lr=1.51e-03
Epoch 12/200: Validation combined_loss=0.050038
Validation configuration losses: 32ch=0.049043, 16ch=0.051033
Set5/32ch: PSNR(Y)=30.162, SSIM(Y)=0.8556
Set14/32ch: PSNR(Y)=27.272, SSIM(Y)=0.7453
B100/32ch: PSNR(Y)=26.735, SSIM(Y)=0.7062
U100/32ch: PSNR(Y)=24.148, SSIM(Y)=0.7074
M109/32ch: PSNR(Y)=26.613, SSIM(Y)=0.8325
Set5/16ch: PSNR(Y)=29.652, SSIM(Y)=0.8398
Set14/16ch: PSNR(Y)=26.913, SSIM(Y)=0.7353
B100/16ch: PSNR(Y)=26.534, SSIM(Y)=0.6995
U100/16ch: PSNR(Y)=23.811, SSIM(Y)=0.6907
M109/16ch: PSNR(Y)=25.984, SSIM(Y)=0.8131
Model saved! Best loss: 0.050038
Epoch 13/200: Training loss=0.037155, lr=1.62e-03
Epoch 13/200: Validation combined_loss=0.049592
Validation configuration losses: 32ch=0.048653, 16ch=0.050531
Set5/32ch: PSNR(Y)=30.245, SSIM(Y)=0.8580
Set14/32ch: PSNR(Y)=27.338, SSIM(Y)=0.7472
B100/32ch: PSNR(Y)=26.771, SSIM(Y)=0.7074
U100/32ch: PSNR(Y)=24.218, SSIM(Y)=0.7107
M109/32ch: PSNR(Y)=26.748, SSIM(Y)=0.8366
Set5/16ch: PSNR(Y)=29.765, SSIM(Y)=0.8438
Set14/16ch: PSNR(Y)=26.999, SSIM(Y)=0.7380
B100/16ch: PSNR(Y)=26.585, SSIM(Y)=0.7013
U100/16ch: PSNR(Y)=23.885, SSIM(Y)=0.6948
M109/16ch: PSNR(Y)=26.123, SSIM(Y)=0.8183
Model saved! Best loss: 0.049592
Epoch 14/200: Training loss=0.036993, lr=1.73e-03
Epoch 14/200: Validation combined_loss=0.049224
Validation configuration losses: 32ch=0.048337, 16ch=0.050112
Set5/32ch: PSNR(Y)=30.306, SSIM(Y)=0.8598
Set14/32ch: PSNR(Y)=27.391, SSIM(Y)=0.7486
B100/32ch: PSNR(Y)=26.800, SSIM(Y)=0.7084
U100/32ch: PSNR(Y)=24.275, SSIM(Y)=0.7134
M109/32ch: PSNR(Y)=26.865, SSIM(Y)=0.8399
Set5/16ch: PSNR(Y)=29.858, SSIM(Y)=0.8471
Set14/16ch: PSNR(Y)=27.067, SSIM(Y)=0.7400
B100/16ch: PSNR(Y)=26.624, SSIM(Y)=0.7026
U100/16ch: PSNR(Y)=23.948, SSIM(Y)=0.6983
M109/16ch: PSNR(Y)=26.241, SSIM(Y)=0.8226
Model saved! Best loss: 0.049224
Epoch 15/200: Training loss=0.036898, lr=1.84e-03
Epoch 15/200: Validation combined_loss=0.048909
Validation configuration losses: 32ch=0.048049, 16ch=0.049768
Set5/32ch: PSNR(Y)=30.362, SSIM(Y)=0.8612
Set14/32ch: PSNR(Y)=27.441, SSIM(Y)=0.7499
B100/32ch: PSNR(Y)=26.827, SSIM(Y)=0.7094
U100/32ch: PSNR(Y)=24.327, SSIM(Y)=0.7158
M109/32ch: PSNR(Y)=26.987, SSIM(Y)=0.8430
Set5/16ch: PSNR(Y)=29.945, SSIM(Y)=0.8500
Set14/16ch: PSNR(Y)=27.128, SSIM(Y)=0.7418
B100/16ch: PSNR(Y)=26.658, SSIM(Y)=0.7038
U100/16ch: PSNR(Y)=24.003, SSIM(Y)=0.7012
M109/16ch: PSNR(Y)=26.349, SSIM(Y)=0.8262
Model saved! Best loss: 0.048909
Epoch 16/200: Training loss=0.036847, lr=1.95e-03
Epoch 16/200: Validation combined_loss=0.048623
Validation configuration losses: 32ch=0.047783, 16ch=0.049464
Set5/32ch: PSNR(Y)=30.411, SSIM(Y)=0.8625
Set14/32ch: PSNR(Y)=27.490, SSIM(Y)=0.7511
B100/32ch: PSNR(Y)=26.852, SSIM(Y)=0.7103
U100/32ch: PSNR(Y)=24.375, SSIM(Y)=0.7180
M109/32ch: PSNR(Y)=27.113, SSIM(Y)=0.8461
Set5/16ch: PSNR(Y)=30.023, SSIM(Y)=0.8525
Set14/16ch: PSNR(Y)=27.186, SSIM(Y)=0.7434
B100/16ch: PSNR(Y)=26.689, SSIM(Y)=0.7049
U100/16ch: PSNR(Y)=24.056, SSIM(Y)=0.7038
M109/16ch: PSNR(Y)=26.452, SSIM(Y)=0.8294
Model saved! Best loss: 0.048623
Epoch 17/200: Training loss=0.036718, lr=2.06e-03
Epoch 17/200: Validation combined_loss=0.048384
Validation configuration losses: 32ch=0.047561, 16ch=0.049208
Set5/32ch: PSNR(Y)=30.459, SSIM(Y)=0.8637
Set14/32ch: PSNR(Y)=27.530, SSIM(Y)=0.7522
B100/32ch: PSNR(Y)=26.872, SSIM(Y)=0.7110
U100/32ch: PSNR(Y)=24.415, SSIM(Y)=0.7199
M109/32ch: PSNR(Y)=27.216, SSIM(Y)=0.8486
Set5/16ch: PSNR(Y)=30.085, SSIM(Y)=0.8544
Set14/16ch: PSNR(Y)=27.234, SSIM(Y)=0.7447
B100/16ch: PSNR(Y)=26.715, SSIM(Y)=0.7058
U100/16ch: PSNR(Y)=24.101, SSIM(Y)=0.7060
M109/16ch: PSNR(Y)=26.541, SSIM(Y)=0.8320
Model saved! Best loss: 0.048384
Epoch 18/200: Training loss=0.036630, lr=2.17e-03
Epoch 18/200: Validation combined_loss=0.048190
Validation configuration losses: 32ch=0.047399, 16ch=0.048980
Set5/32ch: PSNR(Y)=30.495, SSIM(Y)=0.8646
Set14/32ch: PSNR(Y)=27.555, SSIM(Y)=0.7528
B100/32ch: PSNR(Y)=26.886, SSIM(Y)=0.7116
U100/32ch: PSNR(Y)=24.446, SSIM(Y)=0.7213
M109/32ch: PSNR(Y)=27.288, SSIM(Y)=0.8502
Set5/16ch: PSNR(Y)=30.141, SSIM(Y)=0.8560
Set14/16ch: PSNR(Y)=27.274, SSIM(Y)=0.7458
B100/16ch: PSNR(Y)=26.737, SSIM(Y)=0.7066
U100/16ch: PSNR(Y)=24.141, SSIM(Y)=0.7079
M109/16ch: PSNR(Y)=26.623, SSIM(Y)=0.8344
Model saved! Best loss: 0.048190
Epoch 19/200: Training loss=0.036548, lr=2.28e-03
Epoch 19/200: Validation combined_loss=0.048012
Validation configuration losses: 32ch=0.047252, 16ch=0.048771
Set5/32ch: PSNR(Y)=30.527, SSIM(Y)=0.8655
Set14/32ch: PSNR(Y)=27.576, SSIM(Y)=0.7533
B100/32ch: PSNR(Y)=26.899, SSIM(Y)=0.7120
U100/32ch: PSNR(Y)=24.474, SSIM(Y)=0.7224
M109/32ch: PSNR(Y)=27.350, SSIM(Y)=0.8516
Set5/16ch: PSNR(Y)=30.198, SSIM(Y)=0.8574
Set14/16ch: PSNR(Y)=27.312, SSIM(Y)=0.7467
B100/16ch: PSNR(Y)=26.756, SSIM(Y)=0.7072
U100/16ch: PSNR(Y)=24.179, SSIM(Y)=0.7096
M109/16ch: PSNR(Y)=26.701, SSIM(Y)=0.8364
Model saved! Best loss: 0.048012
Epoch 20/200: Training loss=0.036516, lr=2.39e-03
Epoch 20/200: Validation combined_loss=0.047856
Validation configuration losses: 32ch=0.047109, 16ch=0.048603
Set5/32ch: PSNR(Y)=30.555, SSIM(Y)=0.8662
Set14/32ch: PSNR(Y)=27.597, SSIM(Y)=0.7539
B100/32ch: PSNR(Y)=26.913, SSIM(Y)=0.7124
U100/32ch: PSNR(Y)=24.502, SSIM(Y)=0.7236
M109/32ch: PSNR(Y)=27.411, SSIM(Y)=0.8530
Set5/16ch: PSNR(Y)=30.243, SSIM(Y)=0.8585
Set14/16ch: PSNR(Y)=27.346, SSIM(Y)=0.7475
B100/16ch: PSNR(Y)=26.772, SSIM(Y)=0.7078
U100/16ch: PSNR(Y)=24.212, SSIM(Y)=0.7110
M109/16ch: PSNR(Y)=26.769, SSIM(Y)=0.8381
Model saved! Best loss: 0.047856
Epoch 21/200: Training loss=0.036460, lr=2.50e-03
Epoch 21/200: Validation combined_loss=0.047721
Validation configuration losses: 32ch=0.046975, 16ch=0.048468
Set5/32ch: PSNR(Y)=30.580, SSIM(Y)=0.8667
Set14/32ch: PSNR(Y)=27.617, SSIM(Y)=0.7545
B100/32ch: PSNR(Y)=26.925, SSIM(Y)=0.7128
U100/32ch: PSNR(Y)=24.528, SSIM(Y)=0.7248
M109/32ch: PSNR(Y)=27.470, SSIM(Y)=0.8543
Set5/16ch: PSNR(Y)=30.274, SSIM(Y)=0.8593
Set14/16ch: PSNR(Y)=27.372, SSIM(Y)=0.7482
B100/16ch: PSNR(Y)=26.787, SSIM(Y)=0.7082
U100/16ch: PSNR(Y)=24.239, SSIM(Y)=0.7121
M109/16ch: PSNR(Y)=26.822, SSIM(Y)=0.8395
Model saved! Best loss: 0.047721
Epoch 22/200: Training loss=0.036415, lr=2.50e-03
Epoch 22/200: Validation combined_loss=0.047584
Validation configuration losses: 32ch=0.046829, 16ch=0.048339
Set5/32ch: PSNR(Y)=30.616, SSIM(Y)=0.8675
Set14/32ch: PSNR(Y)=27.639, SSIM(Y)=0.7552
B100/32ch: PSNR(Y)=26.939, SSIM(Y)=0.7133
U100/32ch: PSNR(Y)=24.555, SSIM(Y)=0.7260
M109/32ch: PSNR(Y)=27.542, SSIM(Y)=0.8558
Set5/16ch: PSNR(Y)=30.303, SSIM(Y)=0.8600
Set14/16ch: PSNR(Y)=27.394, SSIM(Y)=0.7488
B100/16ch: PSNR(Y)=26.800, SSIM(Y)=0.7086
U100/16ch: PSNR(Y)=24.265, SSIM(Y)=0.7133
M109/16ch: PSNR(Y)=26.879, SSIM(Y)=0.8409
Model saved! Best loss: 0.047584
Epoch 23/200: Training loss=0.036353, lr=2.50e-03
Epoch 23/200: Validation combined_loss=0.047457
Validation configuration losses: 32ch=0.046692, 16ch=0.048222
Set5/32ch: PSNR(Y)=30.646, SSIM(Y)=0.8681
Set14/32ch: PSNR(Y)=27.660, SSIM(Y)=0.7558
B100/32ch: PSNR(Y)=26.953, SSIM(Y)=0.7139
U100/32ch: PSNR(Y)=24.579, SSIM(Y)=0.7271
M109/32ch: PSNR(Y)=27.608, SSIM(Y)=0.8572
Set5/16ch: PSNR(Y)=30.327, SSIM(Y)=0.8606
Set14/16ch: PSNR(Y)=27.414, SSIM(Y)=0.7495
B100/16ch: PSNR(Y)=26.813, SSIM(Y)=0.7091
U100/16ch: PSNR(Y)=24.289, SSIM(Y)=0.7144
M109/16ch: PSNR(Y)=26.933, SSIM(Y)=0.8422
Model saved! Best loss: 0.047457
Epoch 24/200: Training loss=0.036338, lr=2.50e-03
Epoch 24/200: Validation combined_loss=0.047358
Validation configuration losses: 32ch=0.046589, 16ch=0.048127
Set5/32ch: PSNR(Y)=30.671, SSIM(Y)=0.8686
Set14/32ch: PSNR(Y)=27.675, SSIM(Y)=0.7563
B100/32ch: PSNR(Y)=26.966, SSIM(Y)=0.7144
U100/32ch: PSNR(Y)=24.599, SSIM(Y)=0.7279
M109/32ch: PSNR(Y)=27.653, SSIM(Y)=0.8583
Set5/16ch: PSNR(Y)=30.348, SSIM(Y)=0.8611
Set14/16ch: PSNR(Y)=27.430, SSIM(Y)=0.7500
B100/16ch: PSNR(Y)=26.822, SSIM(Y)=0.7095
U100/16ch: PSNR(Y)=24.309, SSIM(Y)=0.7153
M109/16ch: PSNR(Y)=26.973, SSIM(Y)=0.8432
Model saved! Best loss: 0.047358
Epoch 25/200: Training loss=0.036329, lr=2.50e-03
Epoch 25/200: Validation combined_loss=0.047276
Validation configuration losses: 32ch=0.046501, 16ch=0.048051
Set5/32ch: PSNR(Y)=30.690, SSIM(Y)=0.8689
Set14/32ch: PSNR(Y)=27.688, SSIM(Y)=0.7566
B100/32ch: PSNR(Y)=26.975, SSIM(Y)=0.7147
U100/32ch: PSNR(Y)=24.615, SSIM(Y)=0.7286
M109/32ch: PSNR(Y)=27.694, SSIM(Y)=0.8591
Set5/16ch: PSNR(Y)=30.363, SSIM(Y)=0.8614
Set14/16ch: PSNR(Y)=27.442, SSIM(Y)=0.7504
B100/16ch: PSNR(Y)=26.829, SSIM(Y)=0.7098
U100/16ch: PSNR(Y)=24.324, SSIM(Y)=0.7160
M109/16ch: PSNR(Y)=27.007, SSIM(Y)=0.8441
Model saved! Best loss: 0.047276
Epoch 26/200: Training loss=0.036298, lr=2.50e-03
Epoch 26/200: Validation combined_loss=0.047204
Validation configuration losses: 32ch=0.046421, 16ch=0.047987
Set5/32ch: PSNR(Y)=30.705, SSIM(Y)=0.8692
Set14/32ch: PSNR(Y)=27.699, SSIM(Y)=0.7570
B100/32ch: PSNR(Y)=26.983, SSIM(Y)=0.7149
U100/32ch: PSNR(Y)=24.629, SSIM(Y)=0.7292
M109/32ch: PSNR(Y)=27.730, SSIM(Y)=0.8599
Set5/16ch: PSNR(Y)=30.374, SSIM(Y)=0.8617
Set14/16ch: PSNR(Y)=27.453, SSIM(Y)=0.7507
B100/16ch: PSNR(Y)=26.836, SSIM(Y)=0.7100
U100/16ch: PSNR(Y)=24.337, SSIM(Y)=0.7167
M109/16ch: PSNR(Y)=27.034, SSIM(Y)=0.8447
Model saved! Best loss: 0.047204
Epoch 27/200: Training loss=0.036314, lr=2.49e-03
Epoch 27/200: Validation combined_loss=0.047140
Validation configuration losses: 32ch=0.046351, 16ch=0.047929
Set5/32ch: PSNR(Y)=30.719, SSIM(Y)=0.8695
Set14/32ch: PSNR(Y)=27.708, SSIM(Y)=0.7572
B100/32ch: PSNR(Y)=26.989, SSIM(Y)=0.7152
U100/32ch: PSNR(Y)=24.640, SSIM(Y)=0.7297
M109/32ch: PSNR(Y)=27.760, SSIM(Y)=0.8606
Set5/16ch: PSNR(Y)=30.383, SSIM(Y)=0.8619
Set14/16ch: PSNR(Y)=27.463, SSIM(Y)=0.7510
B100/16ch: PSNR(Y)=26.841, SSIM(Y)=0.7102
U100/16ch: PSNR(Y)=24.348, SSIM(Y)=0.7172
M109/16ch: PSNR(Y)=27.060, SSIM(Y)=0.8453
Model saved! Best loss: 0.047140
Epoch 28/200: Training loss=0.036239, lr=2.49e-03
Epoch 28/200: Validation combined_loss=0.047084
Validation configuration losses: 32ch=0.046293, 16ch=0.047876
Set5/32ch: PSNR(Y)=30.732, SSIM(Y)=0.8698
Set14/32ch: PSNR(Y)=27.717, SSIM(Y)=0.7574
B100/32ch: PSNR(Y)=26.994, SSIM(Y)=0.7153
U100/32ch: PSNR(Y)=24.650, SSIM(Y)=0.7301
M109/32ch: PSNR(Y)=27.787, SSIM(Y)=0.8612
Set5/16ch: PSNR(Y)=30.396, SSIM(Y)=0.8621
Set14/16ch: PSNR(Y)=27.471, SSIM(Y)=0.7513
B100/16ch: PSNR(Y)=26.846, SSIM(Y)=0.7104
U100/16ch: PSNR(Y)=24.359, SSIM(Y)=0.7177
M109/16ch: PSNR(Y)=27.083, SSIM(Y)=0.8459
Model saved! Best loss: 0.047084
Epoch 29/200: Training loss=0.036289, lr=2.49e-03
Epoch 29/200: Validation combined_loss=0.047034
Validation configuration losses: 32ch=0.046241, 16ch=0.047827
Set5/32ch: PSNR(Y)=30.745, SSIM(Y)=0.8702
Set14/32ch: PSNR(Y)=27.724, SSIM(Y)=0.7576
B100/32ch: PSNR(Y)=26.997, SSIM(Y)=0.7154
U100/32ch: PSNR(Y)=24.659, SSIM(Y)=0.7304
M109/32ch: PSNR(Y)=27.811, SSIM(Y)=0.8617
Set5/16ch: PSNR(Y)=30.410, SSIM(Y)=0.8624
Set14/16ch: PSNR(Y)=27.479, SSIM(Y)=0.7514
B100/16ch: PSNR(Y)=26.850, SSIM(Y)=0.7106
U100/16ch: PSNR(Y)=24.368, SSIM(Y)=0.7181
M109/16ch: PSNR(Y)=27.106, SSIM(Y)=0.8464
Model saved! Best loss: 0.047034
Epoch 30/200: Training loss=0.036260, lr=2.49e-03
Epoch 30/200: Validation combined_loss=0.046986
Validation configuration losses: 32ch=0.046194, 16ch=0.047778
Set5/32ch: PSNR(Y)=30.757, SSIM(Y)=0.8705
Set14/32ch: PSNR(Y)=27.732, SSIM(Y)=0.7577
B100/32ch: PSNR(Y)=27.002, SSIM(Y)=0.7155
U100/32ch: PSNR(Y)=24.667, SSIM(Y)=0.7308
M109/32ch: PSNR(Y)=27.829, SSIM(Y)=0.8620
Set5/16ch: PSNR(Y)=30.425, SSIM(Y)=0.8626
Set14/16ch: PSNR(Y)=27.488, SSIM(Y)=0.7516
B100/16ch: PSNR(Y)=26.854, SSIM(Y)=0.7107
U100/16ch: PSNR(Y)=24.378, SSIM(Y)=0.7186
M109/16ch: PSNR(Y)=27.128, SSIM(Y)=0.8469
Model saved! Best loss: 0.046986
Epoch 31/200: Training loss=0.036172, lr=2.48e-03
Epoch 31/200: Validation combined_loss=0.046941
Validation configuration losses: 32ch=0.046148, 16ch=0.047734
Set5/32ch: PSNR(Y)=30.766, SSIM(Y)=0.8707
Set14/32ch: PSNR(Y)=27.738, SSIM(Y)=0.7579
B100/32ch: PSNR(Y)=27.005, SSIM(Y)=0.7157
U100/32ch: PSNR(Y)=24.675, SSIM(Y)=0.7311
M109/32ch: PSNR(Y)=27.849, SSIM(Y)=0.8624
Set5/16ch: PSNR(Y)=30.437, SSIM(Y)=0.8629
Set14/16ch: PSNR(Y)=27.496, SSIM(Y)=0.7518
B100/16ch: PSNR(Y)=26.859, SSIM(Y)=0.7108
U100/16ch: PSNR(Y)=24.387, SSIM(Y)=0.7189
M109/16ch: PSNR(Y)=27.147, SSIM(Y)=0.8473
Model saved! Best loss: 0.046941
Epoch 32/200: Training loss=0.036156, lr=2.48e-03
Epoch 32/200: Validation combined_loss=0.046900
Validation configuration losses: 32ch=0.046103, 16ch=0.047698
Set5/32ch: PSNR(Y)=30.777, SSIM(Y)=0.8710
Set14/32ch: PSNR(Y)=27.744, SSIM(Y)=0.7580
B100/32ch: PSNR(Y)=27.009, SSIM(Y)=0.7158
U100/32ch: PSNR(Y)=24.682, SSIM(Y)=0.7314
M109/32ch: PSNR(Y)=27.867, SSIM(Y)=0.8627
Set5/16ch: PSNR(Y)=30.447, SSIM(Y)=0.8631
Set14/16ch: PSNR(Y)=27.502, SSIM(Y)=0.7520
B100/16ch: PSNR(Y)=26.862, SSIM(Y)=0.7110
U100/16ch: PSNR(Y)=24.394, SSIM(Y)=0.7192
M109/16ch: PSNR(Y)=27.161, SSIM(Y)=0.8476
Model saved! Best loss: 0.046900
Epoch 33/200: Training loss=0.036154, lr=2.47e-03
Epoch 33/200: Validation combined_loss=0.046863
Validation configuration losses: 32ch=0.046064, 16ch=0.047662
Set5/32ch: PSNR(Y)=30.789, SSIM(Y)=0.8712
Set14/32ch: PSNR(Y)=27.749, SSIM(Y)=0.7581
B100/32ch: PSNR(Y)=27.012, SSIM(Y)=0.7159
U100/32ch: PSNR(Y)=24.689, SSIM(Y)=0.7317
M109/32ch: PSNR(Y)=27.883, SSIM(Y)=0.8631
Set5/16ch: PSNR(Y)=30.455, SSIM(Y)=0.8633
Set14/16ch: PSNR(Y)=27.507, SSIM(Y)=0.7521
B100/16ch: PSNR(Y)=26.865, SSIM(Y)=0.7111
U100/16ch: PSNR(Y)=24.400, SSIM(Y)=0.7196
M109/16ch: PSNR(Y)=27.177, SSIM(Y)=0.8479
Model saved! Best loss: 0.046863
Epoch 34/200: Training loss=0.036119, lr=2.47e-03
Epoch 34/200: Validation combined_loss=0.046826
Validation configuration losses: 32ch=0.046027, 16ch=0.047624
Set5/32ch: PSNR(Y)=30.800, SSIM(Y)=0.8714
Set14/32ch: PSNR(Y)=27.754, SSIM(Y)=0.7582
B100/32ch: PSNR(Y)=27.016, SSIM(Y)=0.7160
U100/32ch: PSNR(Y)=24.695, SSIM(Y)=0.7319
M109/32ch: PSNR(Y)=27.899, SSIM(Y)=0.8633
Set5/16ch: PSNR(Y)=30.463, SSIM(Y)=0.8635
Set14/16ch: PSNR(Y)=27.512, SSIM(Y)=0.7522
B100/16ch: PSNR(Y)=26.869, SSIM(Y)=0.7112
U100/16ch: PSNR(Y)=24.407, SSIM(Y)=0.7198
M109/16ch: PSNR(Y)=27.193, SSIM(Y)=0.8483
Model saved! Best loss: 0.046826
Epoch 35/200: Training loss=0.036163, lr=2.46e-03
Epoch 35/200: Validation combined_loss=0.046792
Validation configuration losses: 32ch=0.045997, 16ch=0.047587
Set5/32ch: PSNR(Y)=30.811, SSIM(Y)=0.8715
Set14/32ch: PSNR(Y)=27.757, SSIM(Y)=0.7583
B100/32ch: PSNR(Y)=27.019, SSIM(Y)=0.7161
U100/32ch: PSNR(Y)=24.700, SSIM(Y)=0.7322
M109/32ch: PSNR(Y)=27.908, SSIM(Y)=0.8635
Set5/16ch: PSNR(Y)=30.469, SSIM(Y)=0.8636
Set14/16ch: PSNR(Y)=27.515, SSIM(Y)=0.7523
B100/16ch: PSNR(Y)=26.872, SSIM(Y)=0.7113
U100/16ch: PSNR(Y)=24.413, SSIM(Y)=0.7201
M109/16ch: PSNR(Y)=27.210, SSIM(Y)=0.8487
Model saved! Best loss: 0.046792
Epoch 36/200: Training loss=0.036137, lr=2.46e-03
Epoch 36/200: Validation combined_loss=0.046758
Validation configuration losses: 32ch=0.045962, 16ch=0.047553
Set5/32ch: PSNR(Y)=30.817, SSIM(Y)=0.8715
Set14/32ch: PSNR(Y)=27.761, SSIM(Y)=0.7584
B100/32ch: PSNR(Y)=27.022, SSIM(Y)=0.7162
U100/32ch: PSNR(Y)=24.706, SSIM(Y)=0.7325
M109/32ch: PSNR(Y)=27.926, SSIM(Y)=0.8638
Set5/16ch: PSNR(Y)=30.476, SSIM(Y)=0.8637
Set14/16ch: PSNR(Y)=27.518, SSIM(Y)=0.7524
B100/16ch: PSNR(Y)=26.875, SSIM(Y)=0.7114
U100/16ch: PSNR(Y)=24.419, SSIM(Y)=0.7204
M109/16ch: PSNR(Y)=27.226, SSIM(Y)=0.8490
Model saved! Best loss: 0.046758
Epoch 37/200: Training loss=0.036068, lr=2.45e-03
Epoch 37/200: Validation combined_loss=0.046724
Validation configuration losses: 32ch=0.045931, 16ch=0.047518
Set5/32ch: PSNR(Y)=30.825, SSIM(Y)=0.8715
Set14/32ch: PSNR(Y)=27.762, SSIM(Y)=0.7585
B100/32ch: PSNR(Y)=27.025, SSIM(Y)=0.7163
U100/32ch: PSNR(Y)=24.711, SSIM(Y)=0.7327
M109/32ch: PSNR(Y)=27.939, SSIM(Y)=0.8641
Set5/16ch: PSNR(Y)=30.485, SSIM(Y)=0.8639
Set14/16ch: PSNR(Y)=27.521, SSIM(Y)=0.7525
B100/16ch: PSNR(Y)=26.878, SSIM(Y)=0.7115
U100/16ch: PSNR(Y)=24.425, SSIM(Y)=0.7206
M109/16ch: PSNR(Y)=27.243, SSIM(Y)=0.8494
Model saved! Best loss: 0.046724
Epoch 38/200: Training loss=0.036068, lr=2.45e-03
Epoch 38/200: Validation combined_loss=0.046701
Validation configuration losses: 32ch=0.045910, 16ch=0.047493
Set5/32ch: PSNR(Y)=30.835, SSIM(Y)=0.8717
Set14/32ch: PSNR(Y)=27.768, SSIM(Y)=0.7586
B100/32ch: PSNR(Y)=27.027, SSIM(Y)=0.7164
U100/32ch: PSNR(Y)=24.715, SSIM(Y)=0.7329
M109/32ch: PSNR(Y)=27.946, SSIM(Y)=0.8643
Set5/16ch: PSNR(Y)=30.492, SSIM(Y)=0.8640
Set14/16ch: PSNR(Y)=27.523, SSIM(Y)=0.7526
B100/16ch: PSNR(Y)=26.880, SSIM(Y)=0.7116
U100/16ch: PSNR(Y)=24.429, SSIM(Y)=0.7209
M109/16ch: PSNR(Y)=27.255, SSIM(Y)=0.8497
Model saved! Best loss: 0.046701
Epoch 39/200: Training loss=0.036101, lr=2.44e-03
Epoch 39/200: Validation combined_loss=0.046672
Validation configuration losses: 32ch=0.045881, 16ch=0.047463
Set5/32ch: PSNR(Y)=30.844, SSIM(Y)=0.8718
Set14/32ch: PSNR(Y)=27.771, SSIM(Y)=0.7587
B100/32ch: PSNR(Y)=27.029, SSIM(Y)=0.7165
U100/32ch: PSNR(Y)=24.721, SSIM(Y)=0.7331
M109/32ch: PSNR(Y)=27.958, SSIM(Y)=0.8646
Set5/16ch: PSNR(Y)=30.498, SSIM(Y)=0.8642
Set14/16ch: PSNR(Y)=27.525, SSIM(Y)=0.7527
B100/16ch: PSNR(Y)=26.883, SSIM(Y)=0.7117
U100/16ch: PSNR(Y)=24.435, SSIM(Y)=0.7211
M109/16ch: PSNR(Y)=27.270, SSIM(Y)=0.8500
Model saved! Best loss: 0.046672
Epoch 40/200: Training loss=0.036103, lr=2.43e-03
Epoch 40/200: Validation combined_loss=0.046645
Validation configuration losses: 32ch=0.045858, 16ch=0.047432
Set5/32ch: PSNR(Y)=30.851, SSIM(Y)=0.8719
Set14/32ch: PSNR(Y)=27.773, SSIM(Y)=0.7587
B100/32ch: PSNR(Y)=27.031, SSIM(Y)=0.7166
U100/32ch: PSNR(Y)=24.726, SSIM(Y)=0.7333
M109/32ch: PSNR(Y)=27.967, SSIM(Y)=0.8647
Set5/16ch: PSNR(Y)=30.503, SSIM(Y)=0.8643
Set14/16ch: PSNR(Y)=27.528, SSIM(Y)=0.7527
B100/16ch: PSNR(Y)=26.886, SSIM(Y)=0.7118
U100/16ch: PSNR(Y)=24.440, SSIM(Y)=0.7214
M109/16ch: PSNR(Y)=27.286, SSIM(Y)=0.8503
Model saved! Best loss: 0.046645
Epoch 41/200: Training loss=0.036101, lr=2.43e-03
Epoch 41/200: Validation combined_loss=0.046622
Validation configuration losses: 32ch=0.045842, 16ch=0.047402
Set5/32ch: PSNR(Y)=30.859, SSIM(Y)=0.8720
Set14/32ch: PSNR(Y)=27.774, SSIM(Y)=0.7587
B100/32ch: PSNR(Y)=27.032, SSIM(Y)=0.7166
U100/32ch: PSNR(Y)=24.729, SSIM(Y)=0.7334
M109/32ch: PSNR(Y)=27.969, SSIM(Y)=0.8648
Set5/16ch: PSNR(Y)=30.506, SSIM(Y)=0.8644
Set14/16ch: PSNR(Y)=27.531, SSIM(Y)=0.7528
B100/16ch: PSNR(Y)=26.888, SSIM(Y)=0.7119
U100/16ch: PSNR(Y)=24.445, SSIM(Y)=0.7216
M109/16ch: PSNR(Y)=27.301, SSIM(Y)=0.8506
Model saved! Best loss: 0.046622
Epoch 42/200: Training loss=0.036035, lr=2.42e-03
Epoch 42/200: Validation combined_loss=0.046600
Validation configuration losses: 32ch=0.045826, 16ch=0.047374
Set5/32ch: PSNR(Y)=30.866, SSIM(Y)=0.8721
Set14/32ch: PSNR(Y)=27.776, SSIM(Y)=0.7588
B100/32ch: PSNR(Y)=27.034, SSIM(Y)=0.7167
U100/32ch: PSNR(Y)=24.731, SSIM(Y)=0.7335
M109/32ch: PSNR(Y)=27.976, SSIM(Y)=0.8649
Set5/16ch: PSNR(Y)=30.512, SSIM(Y)=0.8645
Set14/16ch: PSNR(Y)=27.536, SSIM(Y)=0.7530
B100/16ch: PSNR(Y)=26.892, SSIM(Y)=0.7120
U100/16ch: PSNR(Y)=24.451, SSIM(Y)=0.7218
M109/16ch: PSNR(Y)=27.316, SSIM(Y)=0.8509
Model saved! Best loss: 0.046600
Epoch 43/200: Training loss=0.036041, lr=2.41e-03
Epoch 43/200: Validation combined_loss=0.046581
Validation configuration losses: 32ch=0.045814, 16ch=0.047348
Set5/32ch: PSNR(Y)=30.868, SSIM(Y)=0.8722
Set14/32ch: PSNR(Y)=27.778, SSIM(Y)=0.7589
B100/32ch: PSNR(Y)=27.035, SSIM(Y)=0.7167
U100/32ch: PSNR(Y)=24.733, SSIM(Y)=0.7336
M109/32ch: PSNR(Y)=27.977, SSIM(Y)=0.8649
Set5/16ch: PSNR(Y)=30.517, SSIM(Y)=0.8647
Set14/16ch: PSNR(Y)=27.539, SSIM(Y)=0.7531
B100/16ch: PSNR(Y)=26.894, SSIM(Y)=0.7121
U100/16ch: PSNR(Y)=24.455, SSIM(Y)=0.7220
M109/16ch: PSNR(Y)=27.327, SSIM(Y)=0.8511
Model saved! Best loss: 0.046581
Epoch 44/200: Training loss=0.036026, lr=2.40e-03
Epoch 44/200: Validation combined_loss=0.046559
Validation configuration losses: 32ch=0.045797, 16ch=0.047321
Set5/32ch: PSNR(Y)=30.874, SSIM(Y)=0.8723
Set14/32ch: PSNR(Y)=27.777, SSIM(Y)=0.7589
B100/32ch: PSNR(Y)=27.037, SSIM(Y)=0.7168
U100/32ch: PSNR(Y)=24.735, SSIM(Y)=0.7337
M109/32ch: PSNR(Y)=27.982, SSIM(Y)=0.8650
Set5/16ch: PSNR(Y)=30.522, SSIM(Y)=0.8648
Set14/16ch: PSNR(Y)=27.543, SSIM(Y)=0.7532
B100/16ch: PSNR(Y)=26.896, SSIM(Y)=0.7122
U100/16ch: PSNR(Y)=24.458, SSIM(Y)=0.7222
M109/16ch: PSNR(Y)=27.339, SSIM(Y)=0.8514
Model saved! Best loss: 0.046559
Epoch 45/200: Training loss=0.036047, lr=2.40e-03
Epoch 45/200: Validation combined_loss=0.046540
Validation configuration losses: 32ch=0.045781, 16ch=0.047299
Set5/32ch: PSNR(Y)=30.874, SSIM(Y)=0.8724
Set14/32ch: PSNR(Y)=27.777, SSIM(Y)=0.7589
B100/32ch: PSNR(Y)=27.038, SSIM(Y)=0.7168
U100/32ch: PSNR(Y)=24.739, SSIM(Y)=0.7338
M109/32ch: PSNR(Y)=27.990, SSIM(Y)=0.8651
Set5/16ch: PSNR(Y)=30.527, SSIM(Y)=0.8649
Set14/16ch: PSNR(Y)=27.548, SSIM(Y)=0.7533
B100/16ch: PSNR(Y)=26.898, SSIM(Y)=0.7123
U100/16ch: PSNR(Y)=24.462, SSIM(Y)=0.7224
M109/16ch: PSNR(Y)=27.349, SSIM(Y)=0.8516
Model saved! Best loss: 0.046540
Epoch 46/200: Training loss=0.036000, lr=2.39e-03
Epoch 46/200: Validation combined_loss=0.046518
Validation configuration losses: 32ch=0.045764, 16ch=0.047272
Set5/32ch: PSNR(Y)=30.879, SSIM(Y)=0.8725
Set14/32ch: PSNR(Y)=27.779, SSIM(Y)=0.7590
B100/32ch: PSNR(Y)=27.040, SSIM(Y)=0.7169
U100/32ch: PSNR(Y)=24.741, SSIM(Y)=0.7340
M109/32ch: PSNR(Y)=27.997, SSIM(Y)=0.8652
Set5/16ch: PSNR(Y)=30.532, SSIM(Y)=0.8650
Set14/16ch: PSNR(Y)=27.552, SSIM(Y)=0.7534
B100/16ch: PSNR(Y)=26.900, SSIM(Y)=0.7124
U100/16ch: PSNR(Y)=24.467, SSIM(Y)=0.7226
M109/16ch: PSNR(Y)=27.361, SSIM(Y)=0.8519
Model saved! Best loss: 0.046518
Epoch 47/200: Training loss=0.036015, lr=2.38e-03
Epoch 47/200: Validation combined_loss=0.046503
Validation configuration losses: 32ch=0.045752, 16ch=0.047255
Set5/32ch: PSNR(Y)=30.882, SSIM(Y)=0.8727
Set14/32ch: PSNR(Y)=27.781, SSIM(Y)=0.7590
B100/32ch: PSNR(Y)=27.042, SSIM(Y)=0.7169
U100/32ch: PSNR(Y)=24.744, SSIM(Y)=0.7341
M109/32ch: PSNR(Y)=28.001, SSIM(Y)=0.8654
Set5/16ch: PSNR(Y)=30.536, SSIM(Y)=0.8651
Set14/16ch: PSNR(Y)=27.556, SSIM(Y)=0.7535
B100/16ch: PSNR(Y)=26.902, SSIM(Y)=0.7124
U100/16ch: PSNR(Y)=24.470, SSIM(Y)=0.7227
M109/16ch: PSNR(Y)=27.369, SSIM(Y)=0.8521
Model saved! Best loss: 0.046503
Epoch 48/200: Training loss=0.036015, lr=2.37e-03
Epoch 48/200: Validation combined_loss=0.046483
Validation configuration losses: 32ch=0.045732, 16ch=0.047234
Set5/32ch: PSNR(Y)=30.892, SSIM(Y)=0.8728
Set14/32ch: PSNR(Y)=27.786, SSIM(Y)=0.7591
B100/32ch: PSNR(Y)=27.044, SSIM(Y)=0.7170
U100/32ch: PSNR(Y)=24.746, SSIM(Y)=0.7342
M109/32ch: PSNR(Y)=28.011, SSIM(Y)=0.8655
Set5/16ch: PSNR(Y)=30.541, SSIM(Y)=0.8652
Set14/16ch: PSNR(Y)=27.560, SSIM(Y)=0.7536
B100/16ch: PSNR(Y)=26.904, SSIM(Y)=0.7125
U100/16ch: PSNR(Y)=24.474, SSIM(Y)=0.7228
M109/16ch: PSNR(Y)=27.377, SSIM(Y)=0.8522
Model saved! Best loss: 0.046483
Epoch 49/200: Training loss=0.036060, lr=2.36e-03
Epoch 49/200: Validation combined_loss=0.046464
Validation configuration losses: 32ch=0.045710, 16ch=0.047218
Set5/32ch: PSNR(Y)=30.904, SSIM(Y)=0.8730
Set14/32ch: PSNR(Y)=27.791, SSIM(Y)=0.7592
B100/32ch: PSNR(Y)=27.045, SSIM(Y)=0.7171
U100/32ch: PSNR(Y)=24.749, SSIM(Y)=0.7343
M109/32ch: PSNR(Y)=28.023, SSIM(Y)=0.8658
Set5/16ch: PSNR(Y)=30.547, SSIM(Y)=0.8653
Set14/16ch: PSNR(Y)=27.560, SSIM(Y)=0.7536
B100/16ch: PSNR(Y)=26.905, SSIM(Y)=0.7126
U100/16ch: PSNR(Y)=24.476, SSIM(Y)=0.7229
M109/16ch: PSNR(Y)=27.383, SSIM(Y)=0.8524
Model saved! Best loss: 0.046464
Epoch 50/200: Training loss=0.035913, lr=2.35e-03
Epoch 50/200: Validation combined_loss=0.046446
Validation configuration losses: 32ch=0.045688, 16ch=0.047203
Set5/32ch: PSNR(Y)=30.910, SSIM(Y)=0.8732
Set14/32ch: PSNR(Y)=27.800, SSIM(Y)=0.7594
B100/32ch: PSNR(Y)=27.049, SSIM(Y)=0.7172
U100/32ch: PSNR(Y)=24.753, SSIM(Y)=0.7345
M109/32ch: PSNR(Y)=28.035, SSIM(Y)=0.8660
Set5/16ch: PSNR(Y)=30.552, SSIM(Y)=0.8655
Set14/16ch: PSNR(Y)=27.564, SSIM(Y)=0.7537
B100/16ch: PSNR(Y)=26.907, SSIM(Y)=0.7126
U100/16ch: PSNR(Y)=24.479, SSIM(Y)=0.7231
M109/16ch: PSNR(Y)=27.390, SSIM(Y)=0.8525
Model saved! Best loss: 0.046446
Epoch 51/200: Training loss=0.035920, lr=2.34e-03
Epoch 51/200: Validation combined_loss=0.046429
Validation configuration losses: 32ch=0.045671, 16ch=0.047187
Set5/32ch: PSNR(Y)=30.915, SSIM(Y)=0.8733
Set14/32ch: PSNR(Y)=27.806, SSIM(Y)=0.7595
B100/32ch: PSNR(Y)=27.051, SSIM(Y)=0.7173
U100/32ch: PSNR(Y)=24.756, SSIM(Y)=0.7346
M109/32ch: PSNR(Y)=28.044, SSIM(Y)=0.8662
Set5/16ch: PSNR(Y)=30.558, SSIM(Y)=0.8656
Set14/16ch: PSNR(Y)=27.568, SSIM(Y)=0.7538
B100/16ch: PSNR(Y)=26.908, SSIM(Y)=0.7127
U100/16ch: PSNR(Y)=24.482, SSIM(Y)=0.7232
M109/16ch: PSNR(Y)=27.398, SSIM(Y)=0.8526
Model saved! Best loss: 0.046429
Epoch 52/200: Training loss=0.035987, lr=2.33e-03
Epoch 52/200: Validation combined_loss=0.046416
Validation configuration losses: 32ch=0.045657, 16ch=0.047176
Set5/32ch: PSNR(Y)=30.913, SSIM(Y)=0.8733
Set14/32ch: PSNR(Y)=27.809, SSIM(Y)=0.7595
B100/32ch: PSNR(Y)=27.053, SSIM(Y)=0.7174
U100/32ch: PSNR(Y)=24.758, SSIM(Y)=0.7347
M109/32ch: PSNR(Y)=28.051, SSIM(Y)=0.8663
Set5/16ch: PSNR(Y)=30.561, SSIM(Y)=0.8656
Set14/16ch: PSNR(Y)=27.569, SSIM(Y)=0.7538
B100/16ch: PSNR(Y)=26.910, SSIM(Y)=0.7127
U100/16ch: PSNR(Y)=24.485, SSIM(Y)=0.7233
M109/16ch: PSNR(Y)=27.404, SSIM(Y)=0.8527
Model saved! Best loss: 0.046416
Epoch 53/200: Training loss=0.035986, lr=2.32e-03
Epoch 53/200: Validation combined_loss=0.046403
Validation configuration losses: 32ch=0.045644, 16ch=0.047163
Set5/32ch: PSNR(Y)=30.916, SSIM(Y)=0.8733
Set14/32ch: PSNR(Y)=27.811, SSIM(Y)=0.7596
B100/32ch: PSNR(Y)=27.054, SSIM(Y)=0.7174
U100/32ch: PSNR(Y)=24.759, SSIM(Y)=0.7348
M109/32ch: PSNR(Y)=28.056, SSIM(Y)=0.8664
Set5/16ch: PSNR(Y)=30.564, SSIM(Y)=0.8657
Set14/16ch: PSNR(Y)=27.572, SSIM(Y)=0.7539
B100/16ch: PSNR(Y)=26.910, SSIM(Y)=0.7128
U100/16ch: PSNR(Y)=24.487, SSIM(Y)=0.7233
M109/16ch: PSNR(Y)=27.410, SSIM(Y)=0.8528
Model saved! Best loss: 0.046403
Epoch 54/200: Training loss=0.035941, lr=2.30e-03
Epoch 54/200: Validation combined_loss=0.046391
Validation configuration losses: 32ch=0.045631, 16ch=0.047151
Set5/32ch: PSNR(Y)=30.916, SSIM(Y)=0.8733
Set14/32ch: PSNR(Y)=27.813, SSIM(Y)=0.7596
B100/32ch: PSNR(Y)=27.055, SSIM(Y)=0.7175
U100/32ch: PSNR(Y)=24.762, SSIM(Y)=0.7349
M109/32ch: PSNR(Y)=28.062, SSIM(Y)=0.8665
Set5/16ch: PSNR(Y)=30.565, SSIM(Y)=0.8657
Set14/16ch: PSNR(Y)=27.573, SSIM(Y)=0.7540
B100/16ch: PSNR(Y)=26.911, SSIM(Y)=0.7128
U100/16ch: PSNR(Y)=24.489, SSIM(Y)=0.7234
M109/16ch: PSNR(Y)=27.415, SSIM(Y)=0.8529
Model saved! Best loss: 0.046391
Epoch 55/200: Training loss=0.035949, lr=2.29e-03
Epoch 55/200: Validation combined_loss=0.046379
Validation configuration losses: 32ch=0.045619, 16ch=0.047139
Set5/32ch: PSNR(Y)=30.921, SSIM(Y)=0.8734
Set14/32ch: PSNR(Y)=27.817, SSIM(Y)=0.7597
B100/32ch: PSNR(Y)=27.057, SSIM(Y)=0.7175
U100/32ch: PSNR(Y)=24.765, SSIM(Y)=0.7350
M109/32ch: PSNR(Y)=28.067, SSIM(Y)=0.8666
Set5/16ch: PSNR(Y)=30.571, SSIM(Y)=0.8659
Set14/16ch: PSNR(Y)=27.575, SSIM(Y)=0.7540
B100/16ch: PSNR(Y)=26.912, SSIM(Y)=0.7128
U100/16ch: PSNR(Y)=24.491, SSIM(Y)=0.7235
M109/16ch: PSNR(Y)=27.418, SSIM(Y)=0.8530
Model saved! Best loss: 0.046379
Epoch 56/200: Training loss=0.035968, lr=2.28e-03
Epoch 56/200: Validation combined_loss=0.046363
Validation configuration losses: 32ch=0.045603, 16ch=0.047123
Set5/32ch: PSNR(Y)=30.921, SSIM(Y)=0.8734
Set14/32ch: PSNR(Y)=27.818, SSIM(Y)=0.7597
B100/32ch: PSNR(Y)=27.058, SSIM(Y)=0.7176
U100/32ch: PSNR(Y)=24.767, SSIM(Y)=0.7351
M109/32ch: PSNR(Y)=28.074, SSIM(Y)=0.8667
Set5/16ch: PSNR(Y)=30.572, SSIM(Y)=0.8659
Set14/16ch: PSNR(Y)=27.577, SSIM(Y)=0.7541
B100/16ch: PSNR(Y)=26.913, SSIM(Y)=0.7129
U100/16ch: PSNR(Y)=24.494, SSIM(Y)=0.7237
M109/16ch: PSNR(Y)=27.427, SSIM(Y)=0.8531
Model saved! Best loss: 0.046363
Epoch 57/200: Training loss=0.035901, lr=2.27e-03
Epoch 57/200: Validation combined_loss=0.046356
Validation configuration losses: 32ch=0.045595, 16ch=0.047117
Set5/32ch: PSNR(Y)=30.920, SSIM(Y)=0.8734
Set14/32ch: PSNR(Y)=27.822, SSIM(Y)=0.7598
B100/32ch: PSNR(Y)=27.059, SSIM(Y)=0.7176
U100/32ch: PSNR(Y)=24.769, SSIM(Y)=0.7352
M109/32ch: PSNR(Y)=28.076, SSIM(Y)=0.8668
Set5/16ch: PSNR(Y)=30.573, SSIM(Y)=0.8660
Set14/16ch: PSNR(Y)=27.579, SSIM(Y)=0.7541
B100/16ch: PSNR(Y)=26.914, SSIM(Y)=0.7129
U100/16ch: PSNR(Y)=24.495, SSIM(Y)=0.7237
M109/16ch: PSNR(Y)=27.428, SSIM(Y)=0.8532
Model saved! Best loss: 0.046356
Epoch 58/200: Training loss=0.035902, lr=2.26e-03
Epoch 58/200: Validation combined_loss=0.046350
Validation configuration losses: 32ch=0.045591, 16ch=0.047109
Set5/32ch: PSNR(Y)=30.924, SSIM(Y)=0.8735
Set14/32ch: PSNR(Y)=27.821, SSIM(Y)=0.7598
B100/32ch: PSNR(Y)=27.059, SSIM(Y)=0.7176
U100/32ch: PSNR(Y)=24.769, SSIM(Y)=0.7352
M109/32ch: PSNR(Y)=28.078, SSIM(Y)=0.8669
Set5/16ch: PSNR(Y)=30.576, SSIM(Y)=0.8660
Set14/16ch: PSNR(Y)=27.580, SSIM(Y)=0.7542
B100/16ch: PSNR(Y)=26.914, SSIM(Y)=0.7130
U100/16ch: PSNR(Y)=24.496, SSIM(Y)=0.7238
M109/16ch: PSNR(Y)=27.432, SSIM(Y)=0.8533
Model saved! Best loss: 0.046350
Epoch 59/200: Training loss=0.035923, lr=2.24e-03
Epoch 59/200: Validation combined_loss=0.046338
Validation configuration losses: 32ch=0.045579, 16ch=0.047096
Set5/32ch: PSNR(Y)=30.926, SSIM(Y)=0.8735
Set14/32ch: PSNR(Y)=27.822, SSIM(Y)=0.7598
B100/32ch: PSNR(Y)=27.060, SSIM(Y)=0.7177
U100/32ch: PSNR(Y)=24.770, SSIM(Y)=0.7353
M109/32ch: PSNR(Y)=28.084, SSIM(Y)=0.8670
Set5/16ch: PSNR(Y)=30.578, SSIM(Y)=0.8661
Set14/16ch: PSNR(Y)=27.581, SSIM(Y)=0.7542
B100/16ch: PSNR(Y)=26.915, SSIM(Y)=0.7130
U100/16ch: PSNR(Y)=24.498, SSIM(Y)=0.7239
M109/16ch: PSNR(Y)=27.436, SSIM(Y)=0.8534
Model saved! Best loss: 0.046338
Epoch 60/200: Training loss=0.035922, lr=2.23e-03
Epoch 60/200: Validation combined_loss=0.046330
Validation configuration losses: 32ch=0.045574, 16ch=0.047086
Set5/32ch: PSNR(Y)=30.920, SSIM(Y)=0.8734
Set14/32ch: PSNR(Y)=27.823, SSIM(Y)=0.7598
B100/32ch: PSNR(Y)=27.061, SSIM(Y)=0.7177
U100/32ch: PSNR(Y)=24.772, SSIM(Y)=0.7354
M109/32ch: PSNR(Y)=28.086, SSIM(Y)=0.8670
Set5/16ch: PSNR(Y)=30.579, SSIM(Y)=0.8661
Set14/16ch: PSNR(Y)=27.581, SSIM(Y)=0.7542
B100/16ch: PSNR(Y)=26.916, SSIM(Y)=0.7130
U100/16ch: PSNR(Y)=24.500, SSIM(Y)=0.7240
M109/16ch: PSNR(Y)=27.441, SSIM(Y)=0.8535
Model saved! Best loss: 0.046330
Epoch 61/200: Training loss=0.035903, lr=2.22e-03
Epoch 61/200: Validation combined_loss=0.046323
Validation configuration losses: 32ch=0.045568, 16ch=0.047078
Set5/32ch: PSNR(Y)=30.923, SSIM(Y)=0.8735
Set14/32ch: PSNR(Y)=27.825, SSIM(Y)=0.7599
B100/32ch: PSNR(Y)=27.062, SSIM(Y)=0.7178
U100/32ch: PSNR(Y)=24.773, SSIM(Y)=0.7354
M109/32ch: PSNR(Y)=28.087, SSIM(Y)=0.8671
Set5/16ch: PSNR(Y)=30.582, SSIM(Y)=0.8661
Set14/16ch: PSNR(Y)=27.583, SSIM(Y)=0.7543
B100/16ch: PSNR(Y)=26.917, SSIM(Y)=0.7131
U100/16ch: PSNR(Y)=24.501, SSIM(Y)=0.7240
M109/16ch: PSNR(Y)=27.444, SSIM(Y)=0.8536
Model saved! Best loss: 0.046323
Epoch 62/200: Training loss=0.035957, lr=2.20e-03
Epoch 62/200: Validation combined_loss=0.046312
Validation configuration losses: 32ch=0.045559, 16ch=0.047066
Set5/32ch: PSNR(Y)=30.924, SSIM(Y)=0.8735
Set14/32ch: PSNR(Y)=27.826, SSIM(Y)=0.7599
B100/32ch: PSNR(Y)=27.063, SSIM(Y)=0.7178
U100/32ch: PSNR(Y)=24.776, SSIM(Y)=0.7355
M109/32ch: PSNR(Y)=28.091, SSIM(Y)=0.8671
Set5/16ch: PSNR(Y)=30.585, SSIM(Y)=0.8662
Set14/16ch: PSNR(Y)=27.584, SSIM(Y)=0.7543
B100/16ch: PSNR(Y)=26.918, SSIM(Y)=0.7131
U100/16ch: PSNR(Y)=24.503, SSIM(Y)=0.7241
M109/16ch: PSNR(Y)=27.450, SSIM(Y)=0.8537
Model saved! Best loss: 0.046312
Epoch 63/200: Training loss=0.035908, lr=2.19e-03
Epoch 63/200: Validation combined_loss=0.046304
Validation configuration losses: 32ch=0.045551, 16ch=0.047057
Set5/32ch: PSNR(Y)=30.925, SSIM(Y)=0.8735
Set14/32ch: PSNR(Y)=27.826, SSIM(Y)=0.7599
B100/32ch: PSNR(Y)=27.064, SSIM(Y)=0.7178
U100/32ch: PSNR(Y)=24.776, SSIM(Y)=0.7356
M109/32ch: PSNR(Y)=28.092, SSIM(Y)=0.8672
Set5/16ch: PSNR(Y)=30.586, SSIM(Y)=0.8663
Set14/16ch: PSNR(Y)=27.584, SSIM(Y)=0.7543
B100/16ch: PSNR(Y)=26.918, SSIM(Y)=0.7132
U100/16ch: PSNR(Y)=24.504, SSIM(Y)=0.7242
M109/16ch: PSNR(Y)=27.454, SSIM(Y)=0.8538
Model saved! Best loss: 0.046304
Epoch 64/200: Training loss=0.035944, lr=2.17e-03
Epoch 64/200: Validation combined_loss=0.046297
Validation configuration losses: 32ch=0.045545, 16ch=0.047049
Set5/32ch: PSNR(Y)=30.923, SSIM(Y)=0.8735
Set14/32ch: PSNR(Y)=27.828, SSIM(Y)=0.7599
B100/32ch: PSNR(Y)=27.064, SSIM(Y)=0.7178
U100/32ch: PSNR(Y)=24.776, SSIM(Y)=0.7356
M109/32ch: PSNR(Y)=28.097, SSIM(Y)=0.8672
Set5/16ch: PSNR(Y)=30.588, SSIM(Y)=0.8663
Set14/16ch: PSNR(Y)=27.585, SSIM(Y)=0.7543
B100/16ch: PSNR(Y)=26.919, SSIM(Y)=0.7132
U100/16ch: PSNR(Y)=24.505, SSIM(Y)=0.7242
M109/16ch: PSNR(Y)=27.457, SSIM(Y)=0.8539
Model saved! Best loss: 0.046297
Epoch 65/200: Training loss=0.035945, lr=2.16e-03
Epoch 65/200: Validation combined_loss=0.046285
Validation configuration losses: 32ch=0.045533, 16ch=0.047036
Set5/32ch: PSNR(Y)=30.924, SSIM(Y)=0.8735
Set14/32ch: PSNR(Y)=27.829, SSIM(Y)=0.7600
B100/32ch: PSNR(Y)=27.065, SSIM(Y)=0.7178
U100/32ch: PSNR(Y)=24.778, SSIM(Y)=0.7356
M109/32ch: PSNR(Y)=28.104, SSIM(Y)=0.8673
Set5/16ch: PSNR(Y)=30.592, SSIM(Y)=0.8664
Set14/16ch: PSNR(Y)=27.587, SSIM(Y)=0.7544
B100/16ch: PSNR(Y)=26.919, SSIM(Y)=0.7132
U100/16ch: PSNR(Y)=24.507, SSIM(Y)=0.7243
M109/16ch: PSNR(Y)=27.464, SSIM(Y)=0.8540
Model saved! Best loss: 0.046285
Epoch 66/200: Training loss=0.035941, lr=2.15e-03
Epoch 66/200: Validation combined_loss=0.046277
Validation configuration losses: 32ch=0.045525, 16ch=0.047030
Set5/32ch: PSNR(Y)=30.928, SSIM(Y)=0.8736
Set14/32ch: PSNR(Y)=27.832, SSIM(Y)=0.7600
B100/32ch: PSNR(Y)=27.066, SSIM(Y)=0.7178
U100/32ch: PSNR(Y)=24.780, SSIM(Y)=0.7357
M109/32ch: PSNR(Y)=28.108, SSIM(Y)=0.8674
Set5/16ch: PSNR(Y)=30.593, SSIM(Y)=0.8664
Set14/16ch: PSNR(Y)=27.587, SSIM(Y)=0.7544
B100/16ch: PSNR(Y)=26.920, SSIM(Y)=0.7132
U100/16ch: PSNR(Y)=24.508, SSIM(Y)=0.7243
M109/16ch: PSNR(Y)=27.467, SSIM(Y)=0.8541
Model saved! Best loss: 0.046277
Epoch 67/200: Training loss=0.035942, lr=2.13e-03
Epoch 67/200: Validation combined_loss=0.046269
Validation configuration losses: 32ch=0.045517, 16ch=0.047021
Set5/32ch: PSNR(Y)=30.928, SSIM(Y)=0.8736
Set14/32ch: PSNR(Y)=27.832, SSIM(Y)=0.7600
B100/32ch: PSNR(Y)=27.066, SSIM(Y)=0.7179
U100/32ch: PSNR(Y)=24.782, SSIM(Y)=0.7357
M109/32ch: PSNR(Y)=28.110, SSIM(Y)=0.8674
Set5/16ch: PSNR(Y)=30.594, SSIM(Y)=0.8665
Set14/16ch: PSNR(Y)=27.588, SSIM(Y)=0.7544
B100/16ch: PSNR(Y)=26.920, SSIM(Y)=0.7132
U100/16ch: PSNR(Y)=24.509, SSIM(Y)=0.7244
M109/16ch: PSNR(Y)=27.471, SSIM(Y)=0.8541
Model saved! Best loss: 0.046269
Epoch 68/200: Training loss=0.035919, lr=2.12e-03
Epoch 68/200: Validation combined_loss=0.046264
Validation configuration losses: 32ch=0.045512, 16ch=0.047016
Set5/32ch: PSNR(Y)=30.926, SSIM(Y)=0.8736
Set14/32ch: PSNR(Y)=27.835, SSIM(Y)=0.7601
B100/32ch: PSNR(Y)=27.066, SSIM(Y)=0.7179
U100/32ch: PSNR(Y)=24.782, SSIM(Y)=0.7358
M109/32ch: PSNR(Y)=28.113, SSIM(Y)=0.8675
Set5/16ch: PSNR(Y)=30.595, SSIM(Y)=0.8665
Set14/16ch: PSNR(Y)=27.589, SSIM(Y)=0.7544
B100/16ch: PSNR(Y)=26.921, SSIM(Y)=0.7133
U100/16ch: PSNR(Y)=24.510, SSIM(Y)=0.7245
M109/16ch: PSNR(Y)=27.473, SSIM(Y)=0.8542
Model saved! Best loss: 0.046264
Epoch 69/200: Training loss=0.035884, lr=2.10e-03
Epoch 69/200: Validation combined_loss=0.046260
Validation configuration losses: 32ch=0.045510, 16ch=0.047011
Set5/32ch: PSNR(Y)=30.928, SSIM(Y)=0.8736
Set14/32ch: PSNR(Y)=27.835, SSIM(Y)=0.7601
B100/32ch: PSNR(Y)=27.067, SSIM(Y)=0.7179
U100/32ch: PSNR(Y)=24.783, SSIM(Y)=0.7358
M109/32ch: PSNR(Y)=28.114, SSIM(Y)=0.8675
Set5/16ch: PSNR(Y)=30.597, SSIM(Y)=0.8665
Set14/16ch: PSNR(Y)=27.589, SSIM(Y)=0.7544
B100/16ch: PSNR(Y)=26.922, SSIM(Y)=0.7133
U100/16ch: PSNR(Y)=24.510, SSIM(Y)=0.7245
M109/16ch: PSNR(Y)=27.475, SSIM(Y)=0.8542
Model saved! Best loss: 0.046260
Epoch 70/200: Training loss=0.035910, lr=2.08e-03
Epoch 70/200: Validation combined_loss=0.046252
Validation configuration losses: 32ch=0.045503, 16ch=0.047001
Set5/32ch: PSNR(Y)=30.931, SSIM(Y)=0.8737
Set14/32ch: PSNR(Y)=27.836, SSIM(Y)=0.7601
B100/32ch: PSNR(Y)=27.068, SSIM(Y)=0.7179
U100/32ch: PSNR(Y)=24.784, SSIM(Y)=0.7358
M109/32ch: PSNR(Y)=28.117, SSIM(Y)=0.8675
Set5/16ch: PSNR(Y)=30.602, SSIM(Y)=0.8666
Set14/16ch: PSNR(Y)=27.591, SSIM(Y)=0.7545
B100/16ch: PSNR(Y)=26.922, SSIM(Y)=0.7133
U100/16ch: PSNR(Y)=24.512, SSIM(Y)=0.7246
M109/16ch: PSNR(Y)=27.479, SSIM(Y)=0.8543
Model saved! Best loss: 0.046252
Epoch 71/200: Training loss=0.035898, lr=2.07e-03
Epoch 71/200: Validation combined_loss=0.046243
Validation configuration losses: 32ch=0.045493, 16ch=0.046993
Set5/32ch: PSNR(Y)=30.934, SSIM(Y)=0.8738
Set14/32ch: PSNR(Y)=27.838, SSIM(Y)=0.7601
B100/32ch: PSNR(Y)=27.069, SSIM(Y)=0.7179
U100/32ch: PSNR(Y)=24.786, SSIM(Y)=0.7359
M109/32ch: PSNR(Y)=28.119, SSIM(Y)=0.8676
Set5/16ch: PSNR(Y)=30.604, SSIM(Y)=0.8667
Set14/16ch: PSNR(Y)=27.592, SSIM(Y)=0.7545
B100/16ch: PSNR(Y)=26.923, SSIM(Y)=0.7133
U100/16ch: PSNR(Y)=24.513, SSIM(Y)=0.7246
M109/16ch: PSNR(Y)=27.482, SSIM(Y)=0.8544
Model saved! Best loss: 0.046243
Epoch 72/200: Training loss=0.035877, lr=2.05e-03
Epoch 72/200: Validation combined_loss=0.046237
Validation configuration losses: 32ch=0.045490, 16ch=0.046984
Set5/32ch: PSNR(Y)=30.936, SSIM(Y)=0.8738
Set14/32ch: PSNR(Y)=27.836, SSIM(Y)=0.7602
B100/32ch: PSNR(Y)=27.068, SSIM(Y)=0.7179
U100/32ch: PSNR(Y)=24.786, SSIM(Y)=0.7359
M109/32ch: PSNR(Y)=28.122, SSIM(Y)=0.8676
Set5/16ch: PSNR(Y)=30.607, SSIM(Y)=0.8668
Set14/16ch: PSNR(Y)=27.593, SSIM(Y)=0.7545
B100/16ch: PSNR(Y)=26.924, SSIM(Y)=0.7133
U100/16ch: PSNR(Y)=24.514, SSIM(Y)=0.7247
M109/16ch: PSNR(Y)=27.487, SSIM(Y)=0.8545
Model saved! Best loss: 0.046237
Epoch 73/200: Training loss=0.035863, lr=2.03e-03
Epoch 73/200: Validation combined_loss=0.046231
Validation configuration losses: 32ch=0.045484, 16ch=0.046977
Set5/32ch: PSNR(Y)=30.937, SSIM(Y)=0.8738
Set14/32ch: PSNR(Y)=27.838, SSIM(Y)=0.7602
B100/32ch: PSNR(Y)=27.068, SSIM(Y)=0.7179
U100/32ch: PSNR(Y)=24.786, SSIM(Y)=0.7360
M109/32ch: PSNR(Y)=28.124, SSIM(Y)=0.8677
Set5/16ch: PSNR(Y)=30.608, SSIM(Y)=0.8668
Set14/16ch: PSNR(Y)=27.594, SSIM(Y)=0.7545
B100/16ch: PSNR(Y)=26.924, SSIM(Y)=0.7134
U100/16ch: PSNR(Y)=24.515, SSIM(Y)=0.7247
M109/16ch: PSNR(Y)=27.491, SSIM(Y)=0.8546
Model saved! Best loss: 0.046231
Epoch 74/200: Training loss=0.035920, lr=2.02e-03
Epoch 74/200: Validation combined_loss=0.046223
Validation configuration losses: 32ch=0.045475, 16ch=0.046970
Set5/32ch: PSNR(Y)=30.938, SSIM(Y)=0.8738
Set14/32ch: PSNR(Y)=27.839, SSIM(Y)=0.7602
B100/32ch: PSNR(Y)=27.069, SSIM(Y)=0.7180
U100/32ch: PSNR(Y)=24.786, SSIM(Y)=0.7360
M109/32ch: PSNR(Y)=28.130, SSIM(Y)=0.8678
Set5/16ch: PSNR(Y)=30.610, SSIM(Y)=0.8669
Set14/16ch: PSNR(Y)=27.595, SSIM(Y)=0.7546
B100/16ch: PSNR(Y)=26.925, SSIM(Y)=0.7134
U100/16ch: PSNR(Y)=24.516, SSIM(Y)=0.7248
M109/16ch: PSNR(Y)=27.494, SSIM(Y)=0.8546
Model saved! Best loss: 0.046223
Epoch 75/200: Training loss=0.035829, lr=2.00e-03
Epoch 75/200: Validation combined_loss=0.046216
Validation configuration losses: 32ch=0.045471, 16ch=0.046962
Set5/32ch: PSNR(Y)=30.942, SSIM(Y)=0.8739
Set14/32ch: PSNR(Y)=27.840, SSIM(Y)=0.7602
B100/32ch: PSNR(Y)=27.070, SSIM(Y)=0.7180
U100/32ch: PSNR(Y)=24.788, SSIM(Y)=0.7360
M109/32ch: PSNR(Y)=28.132, SSIM(Y)=0.8678
Set5/16ch: PSNR(Y)=30.615, SSIM(Y)=0.8670
Set14/16ch: PSNR(Y)=27.596, SSIM(Y)=0.7545
B100/16ch: PSNR(Y)=26.926, SSIM(Y)=0.7134
U100/16ch: PSNR(Y)=24.518, SSIM(Y)=0.7248
M109/16ch: PSNR(Y)=27.497, SSIM(Y)=0.8547
Model saved! Best loss: 0.046216
Epoch 76/200: Training loss=0.035867, lr=1.98e-03
Epoch 76/200: Validation combined_loss=0.046210
Validation configuration losses: 32ch=0.045465, 16ch=0.046955
Set5/32ch: PSNR(Y)=30.945, SSIM(Y)=0.8740
Set14/32ch: PSNR(Y)=27.840, SSIM(Y)=0.7602
B100/32ch: PSNR(Y)=27.069, SSIM(Y)=0.7180
U100/32ch: PSNR(Y)=24.789, SSIM(Y)=0.7361
M109/32ch: PSNR(Y)=28.131, SSIM(Y)=0.8678
Set5/16ch: PSNR(Y)=30.615, SSIM(Y)=0.8670
Set14/16ch: PSNR(Y)=27.596, SSIM(Y)=0.7546
B100/16ch: PSNR(Y)=26.926, SSIM(Y)=0.7134
U100/16ch: PSNR(Y)=24.518, SSIM(Y)=0.7249
M109/16ch: PSNR(Y)=27.499, SSIM(Y)=0.8547
Model saved! Best loss: 0.046210
Epoch 77/200: Training loss=0.035861, lr=1.97e-03
Epoch 77/200: Validation combined_loss=0.046204
Validation configuration losses: 32ch=0.045458, 16ch=0.046949
Set5/32ch: PSNR(Y)=30.946, SSIM(Y)=0.8741
Set14/32ch: PSNR(Y)=27.842, SSIM(Y)=0.7603
B100/32ch: PSNR(Y)=27.071, SSIM(Y)=0.7180
U100/32ch: PSNR(Y)=24.790, SSIM(Y)=0.7361
M109/32ch: PSNR(Y)=28.135, SSIM(Y)=0.8679
Set5/16ch: PSNR(Y)=30.615, SSIM(Y)=0.8670
Set14/16ch: PSNR(Y)=27.597, SSIM(Y)=0.7546
B100/16ch: PSNR(Y)=26.927, SSIM(Y)=0.7135
U100/16ch: PSNR(Y)=24.519, SSIM(Y)=0.7249
M109/16ch: PSNR(Y)=27.501, SSIM(Y)=0.8548
Model saved! Best loss: 0.046204
Epoch 78/200: Training loss=0.035858, lr=1.95e-03
Epoch 78/200: Validation combined_loss=0.046202
Validation configuration losses: 32ch=0.045459, 16ch=0.046946
Set5/32ch: PSNR(Y)=30.949, SSIM(Y)=0.8741
Set14/32ch: PSNR(Y)=27.841, SSIM(Y)=0.7603
B100/32ch: PSNR(Y)=27.070, SSIM(Y)=0.7180
U100/32ch: PSNR(Y)=24.790, SSIM(Y)=0.7361
M109/32ch: PSNR(Y)=28.132, SSIM(Y)=0.8679
Set5/16ch: PSNR(Y)=30.617, SSIM(Y)=0.8671
Set14/16ch: PSNR(Y)=27.598, SSIM(Y)=0.7546
B100/16ch: PSNR(Y)=26.928, SSIM(Y)=0.7135
U100/16ch: PSNR(Y)=24.520, SSIM(Y)=0.7249
M109/16ch: PSNR(Y)=27.502, SSIM(Y)=0.8549
Model saved! Best loss: 0.046202
Epoch 79/200: Training loss=0.035921, lr=1.93e-03
Epoch 79/200: Validation combined_loss=0.046195
Validation configuration losses: 32ch=0.045450, 16ch=0.046940
Set5/32ch: PSNR(Y)=30.951, SSIM(Y)=0.8741
Set14/32ch: PSNR(Y)=27.842, SSIM(Y)=0.7603
B100/32ch: PSNR(Y)=27.071, SSIM(Y)=0.7180
U100/32ch: PSNR(Y)=24.791, SSIM(Y)=0.7362
M109/32ch: PSNR(Y)=28.137, SSIM(Y)=0.8679
Set5/16ch: PSNR(Y)=30.620, SSIM(Y)=0.8671
Set14/16ch: PSNR(Y)=27.598, SSIM(Y)=0.7546
B100/16ch: PSNR(Y)=26.928, SSIM(Y)=0.7135
U100/16ch: PSNR(Y)=24.521, SSIM(Y)=0.7250
M109/16ch: PSNR(Y)=27.505, SSIM(Y)=0.8549
Model saved! Best loss: 0.046195
Epoch 80/200: Training loss=0.035902, lr=1.91e-03
Epoch 80/200: Validation combined_loss=0.046191
Validation configuration losses: 32ch=0.045447, 16ch=0.046935
Set5/32ch: PSNR(Y)=30.950, SSIM(Y)=0.8741
Set14/32ch: PSNR(Y)=27.844, SSIM(Y)=0.7603
B100/32ch: PSNR(Y)=27.072, SSIM(Y)=0.7180
U100/32ch: PSNR(Y)=24.792, SSIM(Y)=0.7362
M109/32ch: PSNR(Y)=28.138, SSIM(Y)=0.8680
Set5/16ch: PSNR(Y)=30.620, SSIM(Y)=0.8671
Set14/16ch: PSNR(Y)=27.599, SSIM(Y)=0.7546
B100/16ch: PSNR(Y)=26.929, SSIM(Y)=0.7135
U100/16ch: PSNR(Y)=24.522, SSIM(Y)=0.7251
M109/16ch: PSNR(Y)=27.508, SSIM(Y)=0.8550
Model saved! Best loss: 0.046191
Epoch 81/200: Training loss=0.035831, lr=1.89e-03
Epoch 81/200: Validation combined_loss=0.046189
Validation configuration losses: 32ch=0.045447, 16ch=0.046932
Set5/32ch: PSNR(Y)=30.953, SSIM(Y)=0.8742
Set14/32ch: PSNR(Y)=27.842, SSIM(Y)=0.7603
B100/32ch: PSNR(Y)=27.072, SSIM(Y)=0.7180
U100/32ch: PSNR(Y)=24.792, SSIM(Y)=0.7362
M109/32ch: PSNR(Y)=28.137, SSIM(Y)=0.8680
Set5/16ch: PSNR(Y)=30.621, SSIM(Y)=0.8671
Set14/16ch: PSNR(Y)=27.599, SSIM(Y)=0.7546
B100/16ch: PSNR(Y)=26.929, SSIM(Y)=0.7135
U100/16ch: PSNR(Y)=24.522, SSIM(Y)=0.7251
M109/16ch: PSNR(Y)=27.509, SSIM(Y)=0.8550
Model saved! Best loss: 0.046189
Epoch 82/200: Training loss=0.035848, lr=1.88e-03
Epoch 82/200: Validation combined_loss=0.046186
Validation configuration losses: 32ch=0.045445, 16ch=0.046928
Set5/32ch: PSNR(Y)=30.948, SSIM(Y)=0.8742
Set14/32ch: PSNR(Y)=27.842, SSIM(Y)=0.7603
B100/32ch: PSNR(Y)=27.073, SSIM(Y)=0.7181
U100/32ch: PSNR(Y)=24.794, SSIM(Y)=0.7362
M109/32ch: PSNR(Y)=28.138, SSIM(Y)=0.8680
Set5/16ch: PSNR(Y)=30.620, SSIM(Y)=0.8671
Set14/16ch: PSNR(Y)=27.599, SSIM(Y)=0.7546
B100/16ch: PSNR(Y)=26.930, SSIM(Y)=0.7136
U100/16ch: PSNR(Y)=24.523, SSIM(Y)=0.7251
M109/16ch: PSNR(Y)=27.510, SSIM(Y)=0.8550
Model saved! Best loss: 0.046186
Epoch 83/200: Training loss=0.035842, lr=1.86e-03
Epoch 83/200: Validation combined_loss=0.046178
Validation configuration losses: 32ch=0.045436, 16ch=0.046920
Set5/32ch: PSNR(Y)=30.949, SSIM(Y)=0.8742
Set14/32ch: PSNR(Y)=27.844, SSIM(Y)=0.7603
B100/32ch: PSNR(Y)=27.072, SSIM(Y)=0.7181
U100/32ch: PSNR(Y)=24.794, SSIM(Y)=0.7363
M109/32ch: PSNR(Y)=28.141, SSIM(Y)=0.8681
Set5/16ch: PSNR(Y)=30.621, SSIM(Y)=0.8672
Set14/16ch: PSNR(Y)=27.601, SSIM(Y)=0.7547
B100/16ch: PSNR(Y)=26.931, SSIM(Y)=0.7136
U100/16ch: PSNR(Y)=24.523, SSIM(Y)=0.7251
M109/16ch: PSNR(Y)=27.513, SSIM(Y)=0.8551
Model saved! Best loss: 0.046178
Epoch 84/200: Training loss=0.035881, lr=1.84e-03
Epoch 84/200: Validation combined_loss=0.046175
Validation configuration losses: 32ch=0.045432, 16ch=0.046917
Set5/32ch: PSNR(Y)=30.950, SSIM(Y)=0.8742
Set14/32ch: PSNR(Y)=27.845, SSIM(Y)=0.7604
B100/32ch: PSNR(Y)=27.073, SSIM(Y)=0.7181
U100/32ch: PSNR(Y)=24.795, SSIM(Y)=0.7363
M109/32ch: PSNR(Y)=28.140, SSIM(Y)=0.8681
Set5/16ch: PSNR(Y)=30.621, SSIM(Y)=0.8672
Set14/16ch: PSNR(Y)=27.601, SSIM(Y)=0.7547
B100/16ch: PSNR(Y)=26.931, SSIM(Y)=0.7136
U100/16ch: PSNR(Y)=24.524, SSIM(Y)=0.7252
M109/16ch: PSNR(Y)=27.513, SSIM(Y)=0.8552
Model saved! Best loss: 0.046175
Epoch 85/200: Training loss=0.035825, lr=1.82e-03
Epoch 85/200: Validation combined_loss=0.046170
Validation configuration losses: 32ch=0.045429, 16ch=0.046912
Set5/32ch: PSNR(Y)=30.953, SSIM(Y)=0.8743
Set14/32ch: PSNR(Y)=27.844, SSIM(Y)=0.7604
B100/32ch: PSNR(Y)=27.073, SSIM(Y)=0.7181
U100/32ch: PSNR(Y)=24.796, SSIM(Y)=0.7363
M109/32ch: PSNR(Y)=28.142, SSIM(Y)=0.8681
Set5/16ch: PSNR(Y)=30.622, SSIM(Y)=0.8672
Set14/16ch: PSNR(Y)=27.601, SSIM(Y)=0.7547
B100/16ch: PSNR(Y)=26.931, SSIM(Y)=0.7136
U100/16ch: PSNR(Y)=24.525, SSIM(Y)=0.7252
M109/16ch: PSNR(Y)=27.515, SSIM(Y)=0.8552
Model saved! Best loss: 0.046170
Epoch 86/200: Training loss=0.035847, lr=1.80e-03
Epoch 86/200: Validation combined_loss=0.046165
Validation configuration losses: 32ch=0.045422, 16ch=0.046907
Set5/32ch: PSNR(Y)=30.955, SSIM(Y)=0.8744
Set14/32ch: PSNR(Y)=27.844, SSIM(Y)=0.7604
B100/32ch: PSNR(Y)=27.074, SSIM(Y)=0.7182
U100/32ch: PSNR(Y)=24.796, SSIM(Y)=0.7364
M109/32ch: PSNR(Y)=28.144, SSIM(Y)=0.8681
Set5/16ch: PSNR(Y)=30.623, SSIM(Y)=0.8672
Set14/16ch: PSNR(Y)=27.602, SSIM(Y)=0.7547
B100/16ch: PSNR(Y)=26.932, SSIM(Y)=0.7136
U100/16ch: PSNR(Y)=24.526, SSIM(Y)=0.7253
M109/16ch: PSNR(Y)=27.516, SSIM(Y)=0.8552
Model saved! Best loss: 0.046165
Epoch 87/200: Training loss=0.035849, lr=1.78e-03
Epoch 87/200: Validation combined_loss=0.046160
Validation configuration losses: 32ch=0.045416, 16ch=0.046903
Set5/32ch: PSNR(Y)=30.959, SSIM(Y)=0.8744
Set14/32ch: PSNR(Y)=27.843, SSIM(Y)=0.7604
B100/32ch: PSNR(Y)=27.075, SSIM(Y)=0.7182
U100/32ch: PSNR(Y)=24.797, SSIM(Y)=0.7364
M109/32ch: PSNR(Y)=28.149, SSIM(Y)=0.8682
Set5/16ch: PSNR(Y)=30.624, SSIM(Y)=0.8672
Set14/16ch: PSNR(Y)=27.602, SSIM(Y)=0.7547
B100/16ch: PSNR(Y)=26.933, SSIM(Y)=0.7136
U100/16ch: PSNR(Y)=24.527, SSIM(Y)=0.7253
M109/16ch: PSNR(Y)=27.520, SSIM(Y)=0.8553
Model saved! Best loss: 0.046160
Epoch 88/200: Training loss=0.035873, lr=1.76e-03
Epoch 88/200: Validation combined_loss=0.046152
Validation configuration losses: 32ch=0.045409, 16ch=0.046896
Set5/32ch: PSNR(Y)=30.960, SSIM(Y)=0.8744
Set14/32ch: PSNR(Y)=27.843, SSIM(Y)=0.7604
B100/32ch: PSNR(Y)=27.075, SSIM(Y)=0.7182
U100/32ch: PSNR(Y)=24.798, SSIM(Y)=0.7365
M109/32ch: PSNR(Y)=28.152, SSIM(Y)=0.8682
Set5/16ch: PSNR(Y)=30.626, SSIM(Y)=0.8673
Set14/16ch: PSNR(Y)=27.602, SSIM(Y)=0.7547
B100/16ch: PSNR(Y)=26.933, SSIM(Y)=0.7137
U100/16ch: PSNR(Y)=24.527, SSIM(Y)=0.7253
M109/16ch: PSNR(Y)=27.523, SSIM(Y)=0.8553
Model saved! Best loss: 0.046152
Epoch 89/200: Training loss=0.035890, lr=1.74e-03
Epoch 89/200: Validation combined_loss=0.046146
Validation configuration losses: 32ch=0.045401, 16ch=0.046891
Set5/32ch: PSNR(Y)=30.961, SSIM(Y)=0.8745
Set14/32ch: PSNR(Y)=27.844, SSIM(Y)=0.7604
B100/32ch: PSNR(Y)=27.076, SSIM(Y)=0.7182
U100/32ch: PSNR(Y)=24.798, SSIM(Y)=0.7365
M109/32ch: PSNR(Y)=28.155, SSIM(Y)=0.8683
Set5/16ch: PSNR(Y)=30.627, SSIM(Y)=0.8673
Set14/16ch: PSNR(Y)=27.602, SSIM(Y)=0.7548
B100/16ch: PSNR(Y)=26.933, SSIM(Y)=0.7137
U100/16ch: PSNR(Y)=24.528, SSIM(Y)=0.7254
M109/16ch: PSNR(Y)=27.525, SSIM(Y)=0.8554
Model saved! Best loss: 0.046146
Epoch 90/200: Training loss=0.035853, lr=1.72e-03
Epoch 90/200: Validation combined_loss=0.046143
Validation configuration losses: 32ch=0.045399, 16ch=0.046888
Set5/32ch: PSNR(Y)=30.963, SSIM(Y)=0.8745
Set14/32ch: PSNR(Y)=27.846, SSIM(Y)=0.7604
B100/32ch: PSNR(Y)=27.076, SSIM(Y)=0.7182
U100/32ch: PSNR(Y)=24.799, SSIM(Y)=0.7365
M109/32ch: PSNR(Y)=28.155, SSIM(Y)=0.8683
Set5/16ch: PSNR(Y)=30.628, SSIM(Y)=0.8673
Set14/16ch: PSNR(Y)=27.605, SSIM(Y)=0.7548
B100/16ch: PSNR(Y)=26.934, SSIM(Y)=0.7137
U100/16ch: PSNR(Y)=24.528, SSIM(Y)=0.7254
M109/16ch: PSNR(Y)=27.526, SSIM(Y)=0.8554
Model saved! Best loss: 0.046143
Epoch 91/200: Training loss=0.035851, lr=1.70e-03
Epoch 91/200: Validation combined_loss=0.046144
Validation configuration losses: 32ch=0.045400, 16ch=0.046889
Set5/32ch: PSNR(Y)=30.959, SSIM(Y)=0.8745
Set14/32ch: PSNR(Y)=27.845, SSIM(Y)=0.7604
B100/32ch: PSNR(Y)=27.076, SSIM(Y)=0.7182
U100/32ch: PSNR(Y)=24.799, SSIM(Y)=0.7366
M109/32ch: PSNR(Y)=28.154, SSIM(Y)=0.8683
Set5/16ch: PSNR(Y)=30.628, SSIM(Y)=0.8673
Set14/16ch: PSNR(Y)=27.604, SSIM(Y)=0.7548
B100/16ch: PSNR(Y)=26.934, SSIM(Y)=0.7137
U100/16ch: PSNR(Y)=24.528, SSIM(Y)=0.7254
M109/16ch: PSNR(Y)=27.526, SSIM(Y)=0.8554
Epoch 92/200: Training loss=0.035823, lr=1.68e-03
Epoch 92/200: Validation combined_loss=0.046137
Validation configuration losses: 32ch=0.045391, 16ch=0.046883
Set5/32ch: PSNR(Y)=30.957, SSIM(Y)=0.8745
Set14/32ch: PSNR(Y)=27.848, SSIM(Y)=0.7605
B100/32ch: PSNR(Y)=27.076, SSIM(Y)=0.7182
U100/32ch: PSNR(Y)=24.801, SSIM(Y)=0.7366
M109/32ch: PSNR(Y)=28.158, SSIM(Y)=0.8684
Set5/16ch: PSNR(Y)=30.628, SSIM(Y)=0.8673
Set14/16ch: PSNR(Y)=27.605, SSIM(Y)=0.7548
B100/16ch: PSNR(Y)=26.935, SSIM(Y)=0.7137
U100/16ch: PSNR(Y)=24.529, SSIM(Y)=0.7254
M109/16ch: PSNR(Y)=27.529, SSIM(Y)=0.8555
Model saved! Best loss: 0.046137
Epoch 93/200: Training loss=0.035792, lr=1.66e-03
Epoch 93/200: Validation combined_loss=0.046135
Validation configuration losses: 32ch=0.045390, 16ch=0.046880
Set5/32ch: PSNR(Y)=30.955, SSIM(Y)=0.8745
Set14/32ch: PSNR(Y)=27.849, SSIM(Y)=0.7605
B100/32ch: PSNR(Y)=27.077, SSIM(Y)=0.7182
U100/32ch: PSNR(Y)=24.802, SSIM(Y)=0.7367
M109/32ch: PSNR(Y)=28.157, SSIM(Y)=0.8684
Set5/16ch: PSNR(Y)=30.628, SSIM(Y)=0.8674
Set14/16ch: PSNR(Y)=27.604, SSIM(Y)=0.7548
B100/16ch: PSNR(Y)=26.935, SSIM(Y)=0.7138
U100/16ch: PSNR(Y)=24.530, SSIM(Y)=0.7255
M109/16ch: PSNR(Y)=27.529, SSIM(Y)=0.8555
Model saved! Best loss: 0.046135
Epoch 94/200: Training loss=0.035782, lr=1.64e-03
Epoch 94/200: Validation combined_loss=0.046132
Validation configuration losses: 32ch=0.045388, 16ch=0.046876
Set5/32ch: PSNR(Y)=30.959, SSIM(Y)=0.8745
Set14/32ch: PSNR(Y)=27.850, SSIM(Y)=0.7605
B100/32ch: PSNR(Y)=27.078, SSIM(Y)=0.7183
U100/32ch: PSNR(Y)=24.803, SSIM(Y)=0.7367
M109/32ch: PSNR(Y)=28.158, SSIM(Y)=0.8684
Set5/16ch: PSNR(Y)=30.630, SSIM(Y)=0.8674
Set14/16ch: PSNR(Y)=27.606, SSIM(Y)=0.7549
B100/16ch: PSNR(Y)=26.936, SSIM(Y)=0.7138
U100/16ch: PSNR(Y)=24.531, SSIM(Y)=0.7255
M109/16ch: PSNR(Y)=27.532, SSIM(Y)=0.8555
Model saved! Best loss: 0.046132
Epoch 95/200: Training loss=0.035865, lr=1.62e-03
Epoch 95/200: Validation combined_loss=0.046128
Validation configuration losses: 32ch=0.045383, 16ch=0.046872
Set5/32ch: PSNR(Y)=30.959, SSIM(Y)=0.8745
Set14/32ch: PSNR(Y)=27.851, SSIM(Y)=0.7605
B100/32ch: PSNR(Y)=27.078, SSIM(Y)=0.7183
U100/32ch: PSNR(Y)=24.803, SSIM(Y)=0.7367
M109/32ch: PSNR(Y)=28.160, SSIM(Y)=0.8684
Set5/16ch: PSNR(Y)=30.631, SSIM(Y)=0.8674
Set14/16ch: PSNR(Y)=27.606, SSIM(Y)=0.7549
B100/16ch: PSNR(Y)=26.935, SSIM(Y)=0.7138
U100/16ch: PSNR(Y)=24.532, SSIM(Y)=0.7256
M109/16ch: PSNR(Y)=27.533, SSIM(Y)=0.8555
Model saved! Best loss: 0.046128
Epoch 96/200: Training loss=0.035869, lr=1.60e-03
Epoch 96/200: Validation combined_loss=0.046125
Validation configuration losses: 32ch=0.045379, 16ch=0.046871
Set5/32ch: PSNR(Y)=30.961, SSIM(Y)=0.8746
Set14/32ch: PSNR(Y)=27.850, SSIM(Y)=0.7605
B100/32ch: PSNR(Y)=27.079, SSIM(Y)=0.7183
U100/32ch: PSNR(Y)=24.804, SSIM(Y)=0.7368
M109/32ch: PSNR(Y)=28.164, SSIM(Y)=0.8685
Set5/16ch: PSNR(Y)=30.631, SSIM(Y)=0.8674
Set14/16ch: PSNR(Y)=27.606, SSIM(Y)=0.7549
B100/16ch: PSNR(Y)=26.936, SSIM(Y)=0.7138
U100/16ch: PSNR(Y)=24.532, SSIM(Y)=0.7256
M109/16ch: PSNR(Y)=27.535, SSIM(Y)=0.8556
Model saved! Best loss: 0.046125
Epoch 97/200: Training loss=0.035841, lr=1.58e-03
Epoch 97/200: Validation combined_loss=0.046119
Validation configuration losses: 32ch=0.045372, 16ch=0.046866
Set5/32ch: PSNR(Y)=30.962, SSIM(Y)=0.8746
Set14/32ch: PSNR(Y)=27.850, SSIM(Y)=0.7605
B100/32ch: PSNR(Y)=27.079, SSIM(Y)=0.7183
U100/32ch: PSNR(Y)=24.804, SSIM(Y)=0.7368
M109/32ch: PSNR(Y)=28.166, SSIM(Y)=0.8685
Set5/16ch: PSNR(Y)=30.633, SSIM(Y)=0.8674
Set14/16ch: PSNR(Y)=27.607, SSIM(Y)=0.7549
B100/16ch: PSNR(Y)=26.936, SSIM(Y)=0.7138
U100/16ch: PSNR(Y)=24.533, SSIM(Y)=0.7256
M109/16ch: PSNR(Y)=27.537, SSIM(Y)=0.8556
Model saved! Best loss: 0.046119
Epoch 98/200: Training loss=0.035830, lr=1.56e-03
Epoch 98/200: Validation combined_loss=0.046112
Validation configuration losses: 32ch=0.045364, 16ch=0.046860
Set5/32ch: PSNR(Y)=30.965, SSIM(Y)=0.8747
Set14/32ch: PSNR(Y)=27.850, SSIM(Y)=0.7606
B100/32ch: PSNR(Y)=27.079, SSIM(Y)=0.7183
U100/32ch: PSNR(Y)=24.805, SSIM(Y)=0.7368
M109/32ch: PSNR(Y)=28.169, SSIM(Y)=0.8685
Set5/16ch: PSNR(Y)=30.636, SSIM(Y)=0.8675
Set14/16ch: PSNR(Y)=27.608, SSIM(Y)=0.7549
B100/16ch: PSNR(Y)=26.937, SSIM(Y)=0.7138
U100/16ch: PSNR(Y)=24.533, SSIM(Y)=0.7256
M109/16ch: PSNR(Y)=27.540, SSIM(Y)=0.8557
Model saved! Best loss: 0.046112
Epoch 99/200: Training loss=0.035819, lr=1.54e-03
Epoch 99/200: Validation combined_loss=0.046109
Validation configuration losses: 32ch=0.045360, 16ch=0.046858
Set5/32ch: PSNR(Y)=30.959, SSIM(Y)=0.8746
Set14/32ch: PSNR(Y)=27.849, SSIM(Y)=0.7606
B100/32ch: PSNR(Y)=27.079, SSIM(Y)=0.7183
U100/32ch: PSNR(Y)=24.805, SSIM(Y)=0.7369
M109/32ch: PSNR(Y)=28.168, SSIM(Y)=0.8686
Set5/16ch: PSNR(Y)=30.635, SSIM(Y)=0.8675
Set14/16ch: PSNR(Y)=27.607, SSIM(Y)=0.7549
B100/16ch: PSNR(Y)=26.937, SSIM(Y)=0.7139
U100/16ch: PSNR(Y)=24.533, SSIM(Y)=0.7257
M109/16ch: PSNR(Y)=27.539, SSIM(Y)=0.8557
Model saved! Best loss: 0.046109
Epoch 100/200: Training loss=0.035835, lr=1.52e-03
Epoch 100/200: Validation combined_loss=0.046102
Validation configuration losses: 32ch=0.045352, 16ch=0.046852
Set5/32ch: PSNR(Y)=30.960, SSIM(Y)=0.8746
Set14/32ch: PSNR(Y)=27.852, SSIM(Y)=0.7606
B100/32ch: PSNR(Y)=27.080, SSIM(Y)=0.7184
U100/32ch: PSNR(Y)=24.808, SSIM(Y)=0.7369
M109/32ch: PSNR(Y)=28.173, SSIM(Y)=0.8686
Set5/16ch: PSNR(Y)=30.636, SSIM(Y)=0.8675
Set14/16ch: PSNR(Y)=27.608, SSIM(Y)=0.7550
B100/16ch: PSNR(Y)=26.937, SSIM(Y)=0.7139
U100/16ch: PSNR(Y)=24.535, SSIM(Y)=0.7257
M109/16ch: PSNR(Y)=27.542, SSIM(Y)=0.8557
Model saved! Best loss: 0.046102
Epoch 101/200: Training loss=0.035770, lr=1.50e-03
Epoch 101/200: Validation combined_loss=0.046101
Validation configuration losses: 32ch=0.045350, 16ch=0.046853
Set5/32ch: PSNR(Y)=30.961, SSIM(Y)=0.8746
Set14/32ch: PSNR(Y)=27.851, SSIM(Y)=0.7606
B100/32ch: PSNR(Y)=27.080, SSIM(Y)=0.7184
U100/32ch: PSNR(Y)=24.809, SSIM(Y)=0.7370
M109/32ch: PSNR(Y)=28.173, SSIM(Y)=0.8687
Set5/16ch: PSNR(Y)=30.636, SSIM(Y)=0.8675
Set14/16ch: PSNR(Y)=27.608, SSIM(Y)=0.7550
B100/16ch: PSNR(Y)=26.937, SSIM(Y)=0.7139
U100/16ch: PSNR(Y)=24.535, SSIM(Y)=0.7257
M109/16ch: PSNR(Y)=27.541, SSIM(Y)=0.8557
Model saved! Best loss: 0.046101
Epoch 102/200: Training loss=0.035807, lr=1.48e-03
Epoch 102/200: Validation combined_loss=0.046099
Validation configuration losses: 32ch=0.045346, 16ch=0.046851
Set5/32ch: PSNR(Y)=30.963, SSIM(Y)=0.8747
Set14/32ch: PSNR(Y)=27.853, SSIM(Y)=0.7607
B100/32ch: PSNR(Y)=27.080, SSIM(Y)=0.7184
U100/32ch: PSNR(Y)=24.809, SSIM(Y)=0.7370
M109/32ch: PSNR(Y)=28.176, SSIM(Y)=0.8687
Set5/16ch: PSNR(Y)=30.636, SSIM(Y)=0.8675
Set14/16ch: PSNR(Y)=27.609, SSIM(Y)=0.7550
B100/16ch: PSNR(Y)=26.938, SSIM(Y)=0.7139
U100/16ch: PSNR(Y)=24.536, SSIM(Y)=0.7258
M109/16ch: PSNR(Y)=27.543, SSIM(Y)=0.8558
Model saved! Best loss: 0.046099
Epoch 103/200: Training loss=0.035850, lr=1.46e-03
Epoch 103/200: Validation combined_loss=0.046099
Validation configuration losses: 32ch=0.045348, 16ch=0.046850
Set5/32ch: PSNR(Y)=30.964, SSIM(Y)=0.8747
Set14/32ch: PSNR(Y)=27.853, SSIM(Y)=0.7607
B100/32ch: PSNR(Y)=27.081, SSIM(Y)=0.7184
U100/32ch: PSNR(Y)=24.810, SSIM(Y)=0.7370
M109/32ch: PSNR(Y)=28.173, SSIM(Y)=0.8687
Set5/16ch: PSNR(Y)=30.640, SSIM(Y)=0.8676
Set14/16ch: PSNR(Y)=27.608, SSIM(Y)=0.7550
B100/16ch: PSNR(Y)=26.938, SSIM(Y)=0.7139
U100/16ch: PSNR(Y)=24.536, SSIM(Y)=0.7258
M109/16ch: PSNR(Y)=27.543, SSIM(Y)=0.8558
Epoch 104/200: Training loss=0.035755, lr=1.44e-03
Epoch 104/200: Validation combined_loss=0.046091
Validation configuration losses: 32ch=0.045340, 16ch=0.046843
Set5/32ch: PSNR(Y)=30.960, SSIM(Y)=0.8747
Set14/32ch: PSNR(Y)=27.855, SSIM(Y)=0.7607
B100/32ch: PSNR(Y)=27.082, SSIM(Y)=0.7184
U100/32ch: PSNR(Y)=24.812, SSIM(Y)=0.7370
M109/32ch: PSNR(Y)=28.178, SSIM(Y)=0.8688
Set5/16ch: PSNR(Y)=30.641, SSIM(Y)=0.8676
Set14/16ch: PSNR(Y)=27.610, SSIM(Y)=0.7550
B100/16ch: PSNR(Y)=26.939, SSIM(Y)=0.7139
U100/16ch: PSNR(Y)=24.538, SSIM(Y)=0.7258
M109/16ch: PSNR(Y)=27.548, SSIM(Y)=0.8559
Model saved! Best loss: 0.046091
Epoch 105/200: Training loss=0.035812, lr=1.42e-03
Epoch 105/200: Validation combined_loss=0.046084
Validation configuration losses: 32ch=0.045333, 16ch=0.046836
Set5/32ch: PSNR(Y)=30.965, SSIM(Y)=0.8748
Set14/32ch: PSNR(Y)=27.853, SSIM(Y)=0.7607
B100/32ch: PSNR(Y)=27.082, SSIM(Y)=0.7185
U100/32ch: PSNR(Y)=24.811, SSIM(Y)=0.7371
M109/32ch: PSNR(Y)=28.182, SSIM(Y)=0.8688
Set5/16ch: PSNR(Y)=30.642, SSIM(Y)=0.8676
Set14/16ch: PSNR(Y)=27.609, SSIM(Y)=0.7550
B100/16ch: PSNR(Y)=26.939, SSIM(Y)=0.7140
U100/16ch: PSNR(Y)=24.539, SSIM(Y)=0.7259
M109/16ch: PSNR(Y)=27.552, SSIM(Y)=0.8559
Model saved! Best loss: 0.046084
Epoch 106/200: Training loss=0.035781, lr=1.40e-03
Epoch 106/200: Validation combined_loss=0.046084
Validation configuration losses: 32ch=0.045330, 16ch=0.046837
Set5/32ch: PSNR(Y)=30.966, SSIM(Y)=0.8748
Set14/32ch: PSNR(Y)=27.855, SSIM(Y)=0.7607
B100/32ch: PSNR(Y)=27.082, SSIM(Y)=0.7185
U100/32ch: PSNR(Y)=24.812, SSIM(Y)=0.7371
M109/32ch: PSNR(Y)=28.183, SSIM(Y)=0.8689
Set5/16ch: PSNR(Y)=30.642, SSIM(Y)=0.8676
Set14/16ch: PSNR(Y)=27.609, SSIM(Y)=0.7550
B100/16ch: PSNR(Y)=26.939, SSIM(Y)=0.7140
U100/16ch: PSNR(Y)=24.539, SSIM(Y)=0.7259
M109/16ch: PSNR(Y)=27.551, SSIM(Y)=0.8559
Model saved! Best loss: 0.046084
Epoch 107/200: Training loss=0.035804, lr=1.37e-03
Epoch 107/200: Validation combined_loss=0.046076
Validation configuration losses: 32ch=0.045322, 16ch=0.046831
Set5/32ch: PSNR(Y)=30.966, SSIM(Y)=0.8748
Set14/32ch: PSNR(Y)=27.857, SSIM(Y)=0.7608
B100/32ch: PSNR(Y)=27.082, SSIM(Y)=0.7185
U100/32ch: PSNR(Y)=24.813, SSIM(Y)=0.7371
M109/32ch: PSNR(Y)=28.185, SSIM(Y)=0.8689
Set5/16ch: PSNR(Y)=30.643, SSIM(Y)=0.8677
Set14/16ch: PSNR(Y)=27.611, SSIM(Y)=0.7551
B100/16ch: PSNR(Y)=26.939, SSIM(Y)=0.7140
U100/16ch: PSNR(Y)=24.540, SSIM(Y)=0.7259
M109/16ch: PSNR(Y)=27.554, SSIM(Y)=0.8560
Model saved! Best loss: 0.046076
Epoch 108/200: Training loss=0.035769, lr=1.35e-03
Epoch 108/200: Validation combined_loss=0.046076
Validation configuration losses: 32ch=0.045321, 16ch=0.046830
Set5/32ch: PSNR(Y)=30.969, SSIM(Y)=0.8749
Set14/32ch: PSNR(Y)=27.857, SSIM(Y)=0.7608
B100/32ch: PSNR(Y)=27.082, SSIM(Y)=0.7185
U100/32ch: PSNR(Y)=24.814, SSIM(Y)=0.7372
M109/32ch: PSNR(Y)=28.185, SSIM(Y)=0.8689
Set5/16ch: PSNR(Y)=30.645, SSIM(Y)=0.8677
Set14/16ch: PSNR(Y)=27.611, SSIM(Y)=0.7551
B100/16ch: PSNR(Y)=26.939, SSIM(Y)=0.7140
U100/16ch: PSNR(Y)=24.541, SSIM(Y)=0.7260
M109/16ch: PSNR(Y)=27.554, SSIM(Y)=0.8560
Model saved! Best loss: 0.046076
Epoch 109/200: Training loss=0.035743, lr=1.33e-03
Epoch 109/200: Validation combined_loss=0.046071
Validation configuration losses: 32ch=0.045316, 16ch=0.046826
Set5/32ch: PSNR(Y)=30.966, SSIM(Y)=0.8748
Set14/32ch: PSNR(Y)=27.860, SSIM(Y)=0.7608
B100/32ch: PSNR(Y)=27.083, SSIM(Y)=0.7185
U100/32ch: PSNR(Y)=24.815, SSIM(Y)=0.7372
M109/32ch: PSNR(Y)=28.188, SSIM(Y)=0.8690
Set5/16ch: PSNR(Y)=30.644, SSIM(Y)=0.8677
Set14/16ch: PSNR(Y)=27.613, SSIM(Y)=0.7551
B100/16ch: PSNR(Y)=26.940, SSIM(Y)=0.7140
U100/16ch: PSNR(Y)=24.541, SSIM(Y)=0.7260
M109/16ch: PSNR(Y)=27.556, SSIM(Y)=0.8560
Model saved! Best loss: 0.046071
Epoch 110/200: Training loss=0.035796, lr=1.31e-03
Epoch 110/200: Validation combined_loss=0.046063
Validation configuration losses: 32ch=0.045305, 16ch=0.046821
Set5/32ch: PSNR(Y)=30.966, SSIM(Y)=0.8749
Set14/32ch: PSNR(Y)=27.859, SSIM(Y)=0.7608
B100/32ch: PSNR(Y)=27.084, SSIM(Y)=0.7185
U100/32ch: PSNR(Y)=24.817, SSIM(Y)=0.7373
M109/32ch: PSNR(Y)=28.192, SSIM(Y)=0.8690
Set5/16ch: PSNR(Y)=30.645, SSIM(Y)=0.8677
Set14/16ch: PSNR(Y)=27.613, SSIM(Y)=0.7551
B100/16ch: PSNR(Y)=26.941, SSIM(Y)=0.7140
U100/16ch: PSNR(Y)=24.543, SSIM(Y)=0.7260
M109/16ch: PSNR(Y)=27.559, SSIM(Y)=0.8561
Model saved! Best loss: 0.046063
Epoch 111/200: Training loss=0.035817, lr=1.29e-03
Epoch 111/200: Validation combined_loss=0.046058
Validation configuration losses: 32ch=0.045299, 16ch=0.046817
Set5/32ch: PSNR(Y)=30.968, SSIM(Y)=0.8749
Set14/32ch: PSNR(Y)=27.858, SSIM(Y)=0.7608
B100/32ch: PSNR(Y)=27.085, SSIM(Y)=0.7186
U100/32ch: PSNR(Y)=24.817, SSIM(Y)=0.7373
M109/32ch: PSNR(Y)=28.194, SSIM(Y)=0.8691
Set5/16ch: PSNR(Y)=30.644, SSIM(Y)=0.8677
Set14/16ch: PSNR(Y)=27.612, SSIM(Y)=0.7551
B100/16ch: PSNR(Y)=26.941, SSIM(Y)=0.7140
U100/16ch: PSNR(Y)=24.543, SSIM(Y)=0.7261
M109/16ch: PSNR(Y)=27.560, SSIM(Y)=0.8561
Model saved! Best loss: 0.046058
Epoch 112/200: Training loss=0.035773, lr=1.27e-03
Epoch 112/200: Validation combined_loss=0.046054
Validation configuration losses: 32ch=0.045294, 16ch=0.046814
Set5/32ch: PSNR(Y)=30.972, SSIM(Y)=0.8749
Set14/32ch: PSNR(Y)=27.858, SSIM(Y)=0.7608
B100/32ch: PSNR(Y)=27.085, SSIM(Y)=0.7186
U100/32ch: PSNR(Y)=24.818, SSIM(Y)=0.7373
M109/32ch: PSNR(Y)=28.197, SSIM(Y)=0.8691
Set5/16ch: PSNR(Y)=30.645, SSIM(Y)=0.8677
Set14/16ch: PSNR(Y)=27.611, SSIM(Y)=0.7551
B100/16ch: PSNR(Y)=26.941, SSIM(Y)=0.7141
U100/16ch: PSNR(Y)=24.543, SSIM(Y)=0.7261
M109/16ch: PSNR(Y)=27.562, SSIM(Y)=0.8561
Model saved! Best loss: 0.046054
Epoch 113/200: Training loss=0.035793, lr=1.25e-03
Epoch 113/200: Validation combined_loss=0.046049
Validation configuration losses: 32ch=0.045288, 16ch=0.046811
Set5/32ch: PSNR(Y)=30.973, SSIM(Y)=0.8750
Set14/32ch: PSNR(Y)=27.861, SSIM(Y)=0.7609
B100/32ch: PSNR(Y)=27.086, SSIM(Y)=0.7186
U100/32ch: PSNR(Y)=24.819, SSIM(Y)=0.7374
M109/32ch: PSNR(Y)=28.201, SSIM(Y)=0.8692
Set5/16ch: PSNR(Y)=30.646, SSIM(Y)=0.8678
Set14/16ch: PSNR(Y)=27.612, SSIM(Y)=0.7552
B100/16ch: PSNR(Y)=26.941, SSIM(Y)=0.7141
U100/16ch: PSNR(Y)=24.545, SSIM(Y)=0.7261
M109/16ch: PSNR(Y)=27.563, SSIM(Y)=0.8562
Model saved! Best loss: 0.046049
Epoch 114/200: Training loss=0.035761, lr=1.23e-03
Epoch 114/200: Validation combined_loss=0.046048
Validation configuration losses: 32ch=0.045286, 16ch=0.046809
Set5/32ch: PSNR(Y)=30.969, SSIM(Y)=0.8749
Set14/32ch: PSNR(Y)=27.862, SSIM(Y)=0.7609
B100/32ch: PSNR(Y)=27.086, SSIM(Y)=0.7186
U100/32ch: PSNR(Y)=24.819, SSIM(Y)=0.7374
M109/32ch: PSNR(Y)=28.199, SSIM(Y)=0.8692
Set5/16ch: PSNR(Y)=30.645, SSIM(Y)=0.8678
Set14/16ch: PSNR(Y)=27.613, SSIM(Y)=0.7552
B100/16ch: PSNR(Y)=26.942, SSIM(Y)=0.7141
U100/16ch: PSNR(Y)=24.545, SSIM(Y)=0.7262
M109/16ch: PSNR(Y)=27.563, SSIM(Y)=0.8562
Model saved! Best loss: 0.046048
Epoch 115/200: Training loss=0.035836, lr=1.21e-03
Epoch 115/200: Validation combined_loss=0.046043
Validation configuration losses: 32ch=0.045280, 16ch=0.046807
Set5/32ch: PSNR(Y)=30.975, SSIM(Y)=0.8750
Set14/32ch: PSNR(Y)=27.861, SSIM(Y)=0.7609
B100/32ch: PSNR(Y)=27.087, SSIM(Y)=0.7186
U100/32ch: PSNR(Y)=24.820, SSIM(Y)=0.7374
M109/32ch: PSNR(Y)=28.203, SSIM(Y)=0.8693
Set5/16ch: PSNR(Y)=30.648, SSIM(Y)=0.8678
Set14/16ch: PSNR(Y)=27.613, SSIM(Y)=0.7552
B100/16ch: PSNR(Y)=26.942, SSIM(Y)=0.7141
U100/16ch: PSNR(Y)=24.545, SSIM(Y)=0.7262
M109/16ch: PSNR(Y)=27.566, SSIM(Y)=0.8563
Model saved! Best loss: 0.046043
Epoch 116/200: Training loss=0.035737, lr=1.18e-03
Epoch 116/200: Validation combined_loss=0.046039
Validation configuration losses: 32ch=0.045274, 16ch=0.046805
Set5/32ch: PSNR(Y)=30.977, SSIM(Y)=0.8750
Set14/32ch: PSNR(Y)=27.862, SSIM(Y)=0.7609
B100/32ch: PSNR(Y)=27.088, SSIM(Y)=0.7187
U100/32ch: PSNR(Y)=24.821, SSIM(Y)=0.7375
M109/32ch: PSNR(Y)=28.206, SSIM(Y)=0.8693
Set5/16ch: PSNR(Y)=30.648, SSIM(Y)=0.8678
Set14/16ch: PSNR(Y)=27.614, SSIM(Y)=0.7552
B100/16ch: PSNR(Y)=26.942, SSIM(Y)=0.7141
U100/16ch: PSNR(Y)=24.546, SSIM(Y)=0.7262
M109/16ch: PSNR(Y)=27.568, SSIM(Y)=0.8562
Model saved! Best loss: 0.046039
Epoch 117/200: Training loss=0.035784, lr=1.16e-03
Epoch 117/200: Validation combined_loss=0.046036
Validation configuration losses: 32ch=0.045269, 16ch=0.046803
Set5/32ch: PSNR(Y)=30.977, SSIM(Y)=0.8750
Set14/32ch: PSNR(Y)=27.861, SSIM(Y)=0.7609
B100/32ch: PSNR(Y)=27.088, SSIM(Y)=0.7187
U100/32ch: PSNR(Y)=24.822, SSIM(Y)=0.7375
M109/32ch: PSNR(Y)=28.210, SSIM(Y)=0.8693
Set5/16ch: PSNR(Y)=30.650, SSIM(Y)=0.8679
Set14/16ch: PSNR(Y)=27.614, SSIM(Y)=0.7552
B100/16ch: PSNR(Y)=26.943, SSIM(Y)=0.7141
U100/16ch: PSNR(Y)=24.546, SSIM(Y)=0.7262
M109/16ch: PSNR(Y)=27.568, SSIM(Y)=0.8563
Model saved! Best loss: 0.046036
Epoch 118/200: Training loss=0.035795, lr=1.14e-03
Epoch 118/200: Validation combined_loss=0.046035
Validation configuration losses: 32ch=0.045267, 16ch=0.046802
Set5/32ch: PSNR(Y)=30.976, SSIM(Y)=0.8750
Set14/32ch: PSNR(Y)=27.862, SSIM(Y)=0.7609
B100/32ch: PSNR(Y)=27.088, SSIM(Y)=0.7187
U100/32ch: PSNR(Y)=24.822, SSIM(Y)=0.7375
M109/32ch: PSNR(Y)=28.211, SSIM(Y)=0.8694
Set5/16ch: PSNR(Y)=30.649, SSIM(Y)=0.8678
Set14/16ch: PSNR(Y)=27.614, SSIM(Y)=0.7552
B100/16ch: PSNR(Y)=26.943, SSIM(Y)=0.7141
U100/16ch: PSNR(Y)=24.546, SSIM(Y)=0.7262
M109/16ch: PSNR(Y)=27.568, SSIM(Y)=0.8563
Model saved! Best loss: 0.046035
Epoch 119/200: Training loss=0.035760, lr=1.12e-03
Epoch 119/200: Validation combined_loss=0.046033
Validation configuration losses: 32ch=0.045266, 16ch=0.046800
Set5/32ch: PSNR(Y)=30.976, SSIM(Y)=0.8750
Set14/32ch: PSNR(Y)=27.862, SSIM(Y)=0.7609
B100/32ch: PSNR(Y)=27.089, SSIM(Y)=0.7187
U100/32ch: PSNR(Y)=24.822, SSIM(Y)=0.7376
M109/32ch: PSNR(Y)=28.208, SSIM(Y)=0.8694
Set5/16ch: PSNR(Y)=30.647, SSIM(Y)=0.8678
Set14/16ch: PSNR(Y)=27.614, SSIM(Y)=0.7552
B100/16ch: PSNR(Y)=26.943, SSIM(Y)=0.7141
U100/16ch: PSNR(Y)=24.547, SSIM(Y)=0.7262
M109/16ch: PSNR(Y)=27.568, SSIM(Y)=0.8563
Model saved! Best loss: 0.046033
Epoch 120/200: Training loss=0.035722, lr=1.10e-03
Epoch 120/200: Validation combined_loss=0.046028
Validation configuration losses: 32ch=0.045260, 16ch=0.046796
Set5/32ch: PSNR(Y)=30.979, SSIM(Y)=0.8750
Set14/32ch: PSNR(Y)=27.863, SSIM(Y)=0.7609
B100/32ch: PSNR(Y)=27.089, SSIM(Y)=0.7187
U100/32ch: PSNR(Y)=24.823, SSIM(Y)=0.7376
M109/32ch: PSNR(Y)=28.212, SSIM(Y)=0.8694
Set5/16ch: PSNR(Y)=30.649, SSIM(Y)=0.8679
Set14/16ch: PSNR(Y)=27.614, SSIM(Y)=0.7552
B100/16ch: PSNR(Y)=26.943, SSIM(Y)=0.7141
U100/16ch: PSNR(Y)=24.548, SSIM(Y)=0.7263
M109/16ch: PSNR(Y)=27.571, SSIM(Y)=0.8563
Model saved! Best loss: 0.046028
Epoch 121/200: Training loss=0.035777, lr=1.08e-03
Epoch 121/200: Validation combined_loss=0.046022
Validation configuration losses: 32ch=0.045254, 16ch=0.046791
Set5/32ch: PSNR(Y)=30.981, SSIM(Y)=0.8750
Set14/32ch: PSNR(Y)=27.865, SSIM(Y)=0.7610
B100/32ch: PSNR(Y)=27.090, SSIM(Y)=0.7187
U100/32ch: PSNR(Y)=24.824, SSIM(Y)=0.7376
M109/32ch: PSNR(Y)=28.214, SSIM(Y)=0.8695
Set5/16ch: PSNR(Y)=30.649, SSIM(Y)=0.8679
Set14/16ch: PSNR(Y)=27.614, SSIM(Y)=0.7552
B100/16ch: PSNR(Y)=26.944, SSIM(Y)=0.7141
U100/16ch: PSNR(Y)=24.548, SSIM(Y)=0.7263
M109/16ch: PSNR(Y)=27.574, SSIM(Y)=0.8564
Model saved! Best loss: 0.046022
Epoch 122/200: Training loss=0.035741, lr=1.06e-03
Epoch 122/200: Validation combined_loss=0.046020
Validation configuration losses: 32ch=0.045251, 16ch=0.046790
Set5/32ch: PSNR(Y)=30.980, SSIM(Y)=0.8750
Set14/32ch: PSNR(Y)=27.866, SSIM(Y)=0.7610
B100/32ch: PSNR(Y)=27.090, SSIM(Y)=0.7188
U100/32ch: PSNR(Y)=24.825, SSIM(Y)=0.7377
M109/32ch: PSNR(Y)=28.215, SSIM(Y)=0.8695
Set5/16ch: PSNR(Y)=30.649, SSIM(Y)=0.8679
Set14/16ch: PSNR(Y)=27.615, SSIM(Y)=0.7552
B100/16ch: PSNR(Y)=26.944, SSIM(Y)=0.7142
U100/16ch: PSNR(Y)=24.549, SSIM(Y)=0.7263
M109/16ch: PSNR(Y)=27.575, SSIM(Y)=0.8564
Model saved! Best loss: 0.046020
Epoch 123/200: Training loss=0.035768, lr=1.04e-03
Epoch 123/200: Validation combined_loss=0.046020
Validation configuration losses: 32ch=0.045251, 16ch=0.046789
Set5/32ch: PSNR(Y)=30.982, SSIM(Y)=0.8751
Set14/32ch: PSNR(Y)=27.867, SSIM(Y)=0.7610
B100/32ch: PSNR(Y)=27.091, SSIM(Y)=0.7188
U100/32ch: PSNR(Y)=24.825, SSIM(Y)=0.7377
M109/32ch: PSNR(Y)=28.215, SSIM(Y)=0.8695
Set5/16ch: PSNR(Y)=30.651, SSIM(Y)=0.8679
Set14/16ch: PSNR(Y)=27.616, SSIM(Y)=0.7553
B100/16ch: PSNR(Y)=26.944, SSIM(Y)=0.7141
U100/16ch: PSNR(Y)=24.549, SSIM(Y)=0.7263
M109/16ch: PSNR(Y)=27.574, SSIM(Y)=0.8564
Model saved! Best loss: 0.046020
Epoch 124/200: Training loss=0.035702, lr=1.02e-03
Epoch 124/200: Validation combined_loss=0.046017
Validation configuration losses: 32ch=0.045248, 16ch=0.046787
Set5/32ch: PSNR(Y)=30.982, SSIM(Y)=0.8750
Set14/32ch: PSNR(Y)=27.866, SSIM(Y)=0.7610
B100/32ch: PSNR(Y)=27.091, SSIM(Y)=0.7188
U100/32ch: PSNR(Y)=24.826, SSIM(Y)=0.7377
M109/32ch: PSNR(Y)=28.218, SSIM(Y)=0.8696
Set5/16ch: PSNR(Y)=30.651, SSIM(Y)=0.8679
Set14/16ch: PSNR(Y)=27.615, SSIM(Y)=0.7553
B100/16ch: PSNR(Y)=26.944, SSIM(Y)=0.7142
U100/16ch: PSNR(Y)=24.550, SSIM(Y)=0.7264
M109/16ch: PSNR(Y)=27.576, SSIM(Y)=0.8564
Model saved! Best loss: 0.046017
Epoch 125/200: Training loss=0.035770, lr=9.97e-04
Epoch 125/200: Validation combined_loss=0.046011
Validation configuration losses: 32ch=0.045241, 16ch=0.046782
Set5/32ch: PSNR(Y)=30.981, SSIM(Y)=0.8750
Set14/32ch: PSNR(Y)=27.866, SSIM(Y)=0.7610
B100/32ch: PSNR(Y)=27.091, SSIM(Y)=0.7188
U100/32ch: PSNR(Y)=24.826, SSIM(Y)=0.7377
M109/32ch: PSNR(Y)=28.223, SSIM(Y)=0.8697
Set5/16ch: PSNR(Y)=30.650, SSIM(Y)=0.8679
Set14/16ch: PSNR(Y)=27.616, SSIM(Y)=0.7553
B100/16ch: PSNR(Y)=26.945, SSIM(Y)=0.7142
U100/16ch: PSNR(Y)=24.551, SSIM(Y)=0.7264
M109/16ch: PSNR(Y)=27.578, SSIM(Y)=0.8565
Model saved! Best loss: 0.046011
Epoch 126/200: Training loss=0.035780, lr=9.77e-04
Epoch 126/200: Validation combined_loss=0.046012
Validation configuration losses: 32ch=0.045242, 16ch=0.046782
Set5/32ch: PSNR(Y)=30.980, SSIM(Y)=0.8750
Set14/32ch: PSNR(Y)=27.866, SSIM(Y)=0.7610
B100/32ch: PSNR(Y)=27.092, SSIM(Y)=0.7188
U100/32ch: PSNR(Y)=24.826, SSIM(Y)=0.7377
M109/32ch: PSNR(Y)=28.224, SSIM(Y)=0.8697
Set5/16ch: PSNR(Y)=30.652, SSIM(Y)=0.8679
Set14/16ch: PSNR(Y)=27.615, SSIM(Y)=0.7553
B100/16ch: PSNR(Y)=26.945, SSIM(Y)=0.7142
U100/16ch: PSNR(Y)=24.551, SSIM(Y)=0.7264
M109/16ch: PSNR(Y)=27.578, SSIM(Y)=0.8565
Epoch 127/200: Training loss=0.035711, lr=9.56e-04
Epoch 127/200: Validation combined_loss=0.046011
Validation configuration losses: 32ch=0.045240, 16ch=0.046781
Set5/32ch: PSNR(Y)=30.985, SSIM(Y)=0.8751
Set14/32ch: PSNR(Y)=27.866, SSIM(Y)=0.7610
B100/32ch: PSNR(Y)=27.091, SSIM(Y)=0.7188
U100/32ch: PSNR(Y)=24.826, SSIM(Y)=0.7377
M109/32ch: PSNR(Y)=28.225, SSIM(Y)=0.8697
Set5/16ch: PSNR(Y)=30.651, SSIM(Y)=0.8679
Set14/16ch: PSNR(Y)=27.615, SSIM(Y)=0.7553
B100/16ch: PSNR(Y)=26.945, SSIM(Y)=0.7142
U100/16ch: PSNR(Y)=24.551, SSIM(Y)=0.7264
M109/16ch: PSNR(Y)=27.579, SSIM(Y)=0.8565
Model saved! Best loss: 0.046011
Epoch 128/200: Training loss=0.035786, lr=9.36e-04
Epoch 128/200: Validation combined_loss=0.046009
Validation configuration losses: 32ch=0.045237, 16ch=0.046780
Set5/32ch: PSNR(Y)=30.986, SSIM(Y)=0.8751
Set14/32ch: PSNR(Y)=27.867, SSIM(Y)=0.7610
B100/32ch: PSNR(Y)=27.092, SSIM(Y)=0.7188
U100/32ch: PSNR(Y)=24.827, SSIM(Y)=0.7378
M109/32ch: PSNR(Y)=28.225, SSIM(Y)=0.8697
Set5/16ch: PSNR(Y)=30.651, SSIM(Y)=0.8679
Set14/16ch: PSNR(Y)=27.616, SSIM(Y)=0.7553
B100/16ch: PSNR(Y)=26.945, SSIM(Y)=0.7142
U100/16ch: PSNR(Y)=24.551, SSIM(Y)=0.7264
M109/16ch: PSNR(Y)=27.581, SSIM(Y)=0.8565
Model saved! Best loss: 0.046009
Epoch 129/200: Training loss=0.035793, lr=9.16e-04
Epoch 129/200: Validation combined_loss=0.046002
Validation configuration losses: 32ch=0.045230, 16ch=0.046775
Set5/32ch: PSNR(Y)=30.988, SSIM(Y)=0.8751
Set14/32ch: PSNR(Y)=27.868, SSIM(Y)=0.7611
B100/32ch: PSNR(Y)=27.093, SSIM(Y)=0.7189
U100/32ch: PSNR(Y)=24.828, SSIM(Y)=0.7378
M109/32ch: PSNR(Y)=28.229, SSIM(Y)=0.8698
Set5/16ch: PSNR(Y)=30.652, SSIM(Y)=0.8679
Set14/16ch: PSNR(Y)=27.617, SSIM(Y)=0.7553
B100/16ch: PSNR(Y)=26.946, SSIM(Y)=0.7142
U100/16ch: PSNR(Y)=24.552, SSIM(Y)=0.7265
M109/16ch: PSNR(Y)=27.583, SSIM(Y)=0.8566
Model saved! Best loss: 0.046002
Epoch 130/200: Training loss=0.035798, lr=8.96e-04
Epoch 130/200: Validation combined_loss=0.046002
Validation configuration losses: 32ch=0.045230, 16ch=0.046775
Set5/32ch: PSNR(Y)=30.989, SSIM(Y)=0.8751
Set14/32ch: PSNR(Y)=27.870, SSIM(Y)=0.7611
B100/32ch: PSNR(Y)=27.093, SSIM(Y)=0.7189
U100/32ch: PSNR(Y)=24.828, SSIM(Y)=0.7378
M109/32ch: PSNR(Y)=28.228, SSIM(Y)=0.8698
Set5/16ch: PSNR(Y)=30.652, SSIM(Y)=0.8679
Set14/16ch: PSNR(Y)=27.618, SSIM(Y)=0.7553
B100/16ch: PSNR(Y)=26.946, SSIM(Y)=0.7142
U100/16ch: PSNR(Y)=24.552, SSIM(Y)=0.7265
M109/16ch: PSNR(Y)=27.583, SSIM(Y)=0.8566
Model saved! Best loss: 0.046002
Epoch 131/200: Training loss=0.035787, lr=8.76e-04
Epoch 131/200: Validation combined_loss=0.045998
Validation configuration losses: 32ch=0.045225, 16ch=0.046771
Set5/32ch: PSNR(Y)=30.992, SSIM(Y)=0.8752
Set14/32ch: PSNR(Y)=27.870, SSIM(Y)=0.7611
B100/32ch: PSNR(Y)=27.093, SSIM(Y)=0.7189
U100/32ch: PSNR(Y)=24.829, SSIM(Y)=0.7379
M109/32ch: PSNR(Y)=28.229, SSIM(Y)=0.8698
Set5/16ch: PSNR(Y)=30.654, SSIM(Y)=0.8680
Set14/16ch: PSNR(Y)=27.617, SSIM(Y)=0.7553
B100/16ch: PSNR(Y)=26.946, SSIM(Y)=0.7142
U100/16ch: PSNR(Y)=24.553, SSIM(Y)=0.7265
M109/16ch: PSNR(Y)=27.584, SSIM(Y)=0.8566
Model saved! Best loss: 0.045998
Epoch 132/200: Training loss=0.035765, lr=8.56e-04
Epoch 132/200: Validation combined_loss=0.045995
Validation configuration losses: 32ch=0.045219, 16ch=0.046771
Set5/32ch: PSNR(Y)=30.994, SSIM(Y)=0.8752
Set14/32ch: PSNR(Y)=27.871, SSIM(Y)=0.7611
B100/32ch: PSNR(Y)=27.093, SSIM(Y)=0.7189
U100/32ch: PSNR(Y)=24.829, SSIM(Y)=0.7379
M109/32ch: PSNR(Y)=28.233, SSIM(Y)=0.8699
Set5/16ch: PSNR(Y)=30.654, SSIM(Y)=0.8680
Set14/16ch: PSNR(Y)=27.617, SSIM(Y)=0.7554
B100/16ch: PSNR(Y)=26.946, SSIM(Y)=0.7142
U100/16ch: PSNR(Y)=24.553, SSIM(Y)=0.7265
M109/16ch: PSNR(Y)=27.584, SSIM(Y)=0.8566
Model saved! Best loss: 0.045995
Epoch 133/200: Training loss=0.035740, lr=8.37e-04
Epoch 133/200: Validation combined_loss=0.045988
Validation configuration losses: 32ch=0.045211, 16ch=0.046766
Set5/32ch: PSNR(Y)=30.993, SSIM(Y)=0.8752
Set14/32ch: PSNR(Y)=27.871, SSIM(Y)=0.7611
B100/32ch: PSNR(Y)=27.094, SSIM(Y)=0.7189
U100/32ch: PSNR(Y)=24.830, SSIM(Y)=0.7379
M109/32ch: PSNR(Y)=28.236, SSIM(Y)=0.8699
Set5/16ch: PSNR(Y)=30.654, SSIM(Y)=0.8680
Set14/16ch: PSNR(Y)=27.618, SSIM(Y)=0.7554
B100/16ch: PSNR(Y)=26.946, SSIM(Y)=0.7142
U100/16ch: PSNR(Y)=24.554, SSIM(Y)=0.7265
M109/16ch: PSNR(Y)=27.586, SSIM(Y)=0.8566
Model saved! Best loss: 0.045988
Epoch 134/200: Training loss=0.035739, lr=8.17e-04
Epoch 134/200: Validation combined_loss=0.045988
Validation configuration losses: 32ch=0.045210, 16ch=0.046765
Set5/32ch: PSNR(Y)=30.988, SSIM(Y)=0.8751
Set14/32ch: PSNR(Y)=27.871, SSIM(Y)=0.7611
B100/32ch: PSNR(Y)=27.094, SSIM(Y)=0.7189
U100/32ch: PSNR(Y)=24.830, SSIM(Y)=0.7379
M109/32ch: PSNR(Y)=28.236, SSIM(Y)=0.8699
Set5/16ch: PSNR(Y)=30.652, SSIM(Y)=0.8680
Set14/16ch: PSNR(Y)=27.618, SSIM(Y)=0.7554
B100/16ch: PSNR(Y)=26.946, SSIM(Y)=0.7142
U100/16ch: PSNR(Y)=24.553, SSIM(Y)=0.7265
M109/16ch: PSNR(Y)=27.587, SSIM(Y)=0.8567
Model saved! Best loss: 0.045988
Epoch 135/200: Training loss=0.035772, lr=7.98e-04
Epoch 135/200: Validation combined_loss=0.045986
Validation configuration losses: 32ch=0.045208, 16ch=0.046765
Set5/32ch: PSNR(Y)=30.990, SSIM(Y)=0.8752
Set14/32ch: PSNR(Y)=27.874, SSIM(Y)=0.7612
B100/32ch: PSNR(Y)=27.095, SSIM(Y)=0.7190
U100/32ch: PSNR(Y)=24.831, SSIM(Y)=0.7379
M109/32ch: PSNR(Y)=28.240, SSIM(Y)=0.8700
Set5/16ch: PSNR(Y)=30.651, SSIM(Y)=0.8679
Set14/16ch: PSNR(Y)=27.619, SSIM(Y)=0.7554
B100/16ch: PSNR(Y)=26.947, SSIM(Y)=0.7143
U100/16ch: PSNR(Y)=24.554, SSIM(Y)=0.7266
M109/16ch: PSNR(Y)=27.588, SSIM(Y)=0.8567
Model saved! Best loss: 0.045986
Epoch 136/200: Training loss=0.035771, lr=7.79e-04
Epoch 136/200: Validation combined_loss=0.045985
Validation configuration losses: 32ch=0.045206, 16ch=0.046763
Set5/32ch: PSNR(Y)=30.993, SSIM(Y)=0.8752
Set14/32ch: PSNR(Y)=27.872, SSIM(Y)=0.7611
B100/32ch: PSNR(Y)=27.095, SSIM(Y)=0.7190
U100/32ch: PSNR(Y)=24.831, SSIM(Y)=0.7379
M109/32ch: PSNR(Y)=28.240, SSIM(Y)=0.8700
Set5/16ch: PSNR(Y)=30.653, SSIM(Y)=0.8680
Set14/16ch: PSNR(Y)=27.618, SSIM(Y)=0.7554
B100/16ch: PSNR(Y)=26.947, SSIM(Y)=0.7143
U100/16ch: PSNR(Y)=24.554, SSIM(Y)=0.7266
M109/16ch: PSNR(Y)=27.588, SSIM(Y)=0.8567
Model saved! Best loss: 0.045985
Epoch 137/200: Training loss=0.035774, lr=7.60e-04
Epoch 137/200: Validation combined_loss=0.045986
Validation configuration losses: 32ch=0.045208, 16ch=0.046764
Set5/32ch: PSNR(Y)=30.993, SSIM(Y)=0.8752
Set14/32ch: PSNR(Y)=27.872, SSIM(Y)=0.7611
B100/32ch: PSNR(Y)=27.095, SSIM(Y)=0.7190
U100/32ch: PSNR(Y)=24.831, SSIM(Y)=0.7379
M109/32ch: PSNR(Y)=28.240, SSIM(Y)=0.8700
Set5/16ch: PSNR(Y)=30.650, SSIM(Y)=0.8679
Set14/16ch: PSNR(Y)=27.617, SSIM(Y)=0.7554
B100/16ch: PSNR(Y)=26.947, SSIM(Y)=0.7143
U100/16ch: PSNR(Y)=24.554, SSIM(Y)=0.7265
M109/16ch: PSNR(Y)=27.588, SSIM(Y)=0.8567
Epoch 138/200: Training loss=0.035752, lr=7.41e-04
Epoch 138/200: Validation combined_loss=0.045982
Validation configuration losses: 32ch=0.045203, 16ch=0.046761
Set5/32ch: PSNR(Y)=30.993, SSIM(Y)=0.8752
Set14/32ch: PSNR(Y)=27.873, SSIM(Y)=0.7612
B100/32ch: PSNR(Y)=27.096, SSIM(Y)=0.7190
U100/32ch: PSNR(Y)=24.832, SSIM(Y)=0.7380
M109/32ch: PSNR(Y)=28.242, SSIM(Y)=0.8701
Set5/16ch: PSNR(Y)=30.651, SSIM(Y)=0.8679
Set14/16ch: PSNR(Y)=27.618, SSIM(Y)=0.7554
B100/16ch: PSNR(Y)=26.947, SSIM(Y)=0.7143
U100/16ch: PSNR(Y)=24.555, SSIM(Y)=0.7266
M109/16ch: PSNR(Y)=27.591, SSIM(Y)=0.8567
Model saved! Best loss: 0.045982
Epoch 139/200: Training loss=0.035725, lr=7.22e-04
Epoch 139/200: Validation combined_loss=0.045979
Validation configuration losses: 32ch=0.045198, 16ch=0.046760
Set5/32ch: PSNR(Y)=30.993, SSIM(Y)=0.8752
Set14/32ch: PSNR(Y)=27.874, SSIM(Y)=0.7612
B100/32ch: PSNR(Y)=27.096, SSIM(Y)=0.7190
U100/32ch: PSNR(Y)=24.833, SSIM(Y)=0.7381
M109/32ch: PSNR(Y)=28.243, SSIM(Y)=0.8701
Set5/16ch: PSNR(Y)=30.652, SSIM(Y)=0.8680
Set14/16ch: PSNR(Y)=27.618, SSIM(Y)=0.7554
B100/16ch: PSNR(Y)=26.948, SSIM(Y)=0.7143
U100/16ch: PSNR(Y)=24.555, SSIM(Y)=0.7266
M109/16ch: PSNR(Y)=27.590, SSIM(Y)=0.8567
Model saved! Best loss: 0.045979
Epoch 140/200: Training loss=0.035752, lr=7.03e-04
Epoch 140/200: Validation combined_loss=0.045979
Validation configuration losses: 32ch=0.045199, 16ch=0.046758
Set5/32ch: PSNR(Y)=30.994, SSIM(Y)=0.8752
Set14/32ch: PSNR(Y)=27.874, SSIM(Y)=0.7612
B100/32ch: PSNR(Y)=27.096, SSIM(Y)=0.7190
U100/32ch: PSNR(Y)=24.833, SSIM(Y)=0.7380
M109/32ch: PSNR(Y)=28.242, SSIM(Y)=0.8701
Set5/16ch: PSNR(Y)=30.652, SSIM(Y)=0.8680
Set14/16ch: PSNR(Y)=27.619, SSIM(Y)=0.7554
B100/16ch: PSNR(Y)=26.948, SSIM(Y)=0.7143
U100/16ch: PSNR(Y)=24.555, SSIM(Y)=0.7266
M109/16ch: PSNR(Y)=27.591, SSIM(Y)=0.8568
Model saved! Best loss: 0.045979
Epoch 141/200: Training loss=0.035751, lr=6.85e-04
Epoch 141/200: Validation combined_loss=0.045975
Validation configuration losses: 32ch=0.045195, 16ch=0.046754
Set5/32ch: PSNR(Y)=30.993, SSIM(Y)=0.8752
Set14/32ch: PSNR(Y)=27.874, SSIM(Y)=0.7612
B100/32ch: PSNR(Y)=27.096, SSIM(Y)=0.7190
U100/32ch: PSNR(Y)=24.834, SSIM(Y)=0.7381
M109/32ch: PSNR(Y)=28.244, SSIM(Y)=0.8701
Set5/16ch: PSNR(Y)=30.652, SSIM(Y)=0.8679
Set14/16ch: PSNR(Y)=27.619, SSIM(Y)=0.7554
B100/16ch: PSNR(Y)=26.948, SSIM(Y)=0.7143
U100/16ch: PSNR(Y)=24.556, SSIM(Y)=0.7267
M109/16ch: PSNR(Y)=27.594, SSIM(Y)=0.8568
Model saved! Best loss: 0.045975
Epoch 142/200: Training loss=0.035746, lr=6.67e-04
Epoch 142/200: Validation combined_loss=0.045972
Validation configuration losses: 32ch=0.045192, 16ch=0.046752
Set5/32ch: PSNR(Y)=30.993, SSIM(Y)=0.8752
Set14/32ch: PSNR(Y)=27.876, SSIM(Y)=0.7612
B100/32ch: PSNR(Y)=27.096, SSIM(Y)=0.7190
U100/32ch: PSNR(Y)=24.834, SSIM(Y)=0.7381
M109/32ch: PSNR(Y)=28.246, SSIM(Y)=0.8702
Set5/16ch: PSNR(Y)=30.651, SSIM(Y)=0.8679
Set14/16ch: PSNR(Y)=27.619, SSIM(Y)=0.7554
B100/16ch: PSNR(Y)=26.948, SSIM(Y)=0.7143
U100/16ch: PSNR(Y)=24.557, SSIM(Y)=0.7267
M109/16ch: PSNR(Y)=27.596, SSIM(Y)=0.8568
Model saved! Best loss: 0.045972
Epoch 143/200: Training loss=0.035798, lr=6.49e-04
Epoch 143/200: Validation combined_loss=0.045970
Validation configuration losses: 32ch=0.045189, 16ch=0.046752
Set5/32ch: PSNR(Y)=30.994, SSIM(Y)=0.8752
Set14/32ch: PSNR(Y)=27.876, SSIM(Y)=0.7612
B100/32ch: PSNR(Y)=27.097, SSIM(Y)=0.7190
U100/32ch: PSNR(Y)=24.834, SSIM(Y)=0.7381
M109/32ch: PSNR(Y)=28.247, SSIM(Y)=0.8702
Set5/16ch: PSNR(Y)=30.653, SSIM(Y)=0.8680
Set14/16ch: PSNR(Y)=27.619, SSIM(Y)=0.7554
B100/16ch: PSNR(Y)=26.948, SSIM(Y)=0.7143
U100/16ch: PSNR(Y)=24.557, SSIM(Y)=0.7267
M109/16ch: PSNR(Y)=27.595, SSIM(Y)=0.8568
Model saved! Best loss: 0.045970
Epoch 144/200: Training loss=0.035691, lr=6.31e-04
Epoch 144/200: Validation combined_loss=0.045968
Validation configuration losses: 32ch=0.045185, 16ch=0.046750
Set5/32ch: PSNR(Y)=30.995, SSIM(Y)=0.8752
Set14/32ch: PSNR(Y)=27.879, SSIM(Y)=0.7612
B100/32ch: PSNR(Y)=27.097, SSIM(Y)=0.7191
U100/32ch: PSNR(Y)=24.835, SSIM(Y)=0.7381
M109/32ch: PSNR(Y)=28.246, SSIM(Y)=0.8702
Set5/16ch: PSNR(Y)=30.652, SSIM(Y)=0.8680
Set14/16ch: PSNR(Y)=27.621, SSIM(Y)=0.7555
B100/16ch: PSNR(Y)=26.949, SSIM(Y)=0.7143
U100/16ch: PSNR(Y)=24.557, SSIM(Y)=0.7267
M109/16ch: PSNR(Y)=27.595, SSIM(Y)=0.8568
Model saved! Best loss: 0.045968
Epoch 145/200: Training loss=0.035716, lr=6.13e-04
Epoch 145/200: Validation combined_loss=0.045967
Validation configuration losses: 32ch=0.045185, 16ch=0.046748
Set5/32ch: PSNR(Y)=30.997, SSIM(Y)=0.8752
Set14/32ch: PSNR(Y)=27.879, SSIM(Y)=0.7613
B100/32ch: PSNR(Y)=27.098, SSIM(Y)=0.7191
U100/32ch: PSNR(Y)=24.834, SSIM(Y)=0.7381
M109/32ch: PSNR(Y)=28.249, SSIM(Y)=0.8702
Set5/16ch: PSNR(Y)=30.652, SSIM(Y)=0.8680
Set14/16ch: PSNR(Y)=27.621, SSIM(Y)=0.7555
B100/16ch: PSNR(Y)=26.949, SSIM(Y)=0.7143
U100/16ch: PSNR(Y)=24.558, SSIM(Y)=0.7267
M109/16ch: PSNR(Y)=27.598, SSIM(Y)=0.8569
Model saved! Best loss: 0.045967
Epoch 146/200: Training loss=0.035710, lr=5.96e-04
Epoch 146/200: Validation combined_loss=0.045968
Validation configuration losses: 32ch=0.045186, 16ch=0.046750
Set5/32ch: PSNR(Y)=30.996, SSIM(Y)=0.8752
Set14/32ch: PSNR(Y)=27.878, SSIM(Y)=0.7613
B100/32ch: PSNR(Y)=27.098, SSIM(Y)=0.7191
U100/32ch: PSNR(Y)=24.834, SSIM(Y)=0.7381
M109/32ch: PSNR(Y)=28.247, SSIM(Y)=0.8702
Set5/16ch: PSNR(Y)=30.653, SSIM(Y)=0.8680
Set14/16ch: PSNR(Y)=27.620, SSIM(Y)=0.7555
B100/16ch: PSNR(Y)=26.949, SSIM(Y)=0.7143
U100/16ch: PSNR(Y)=24.557, SSIM(Y)=0.7267
M109/16ch: PSNR(Y)=27.596, SSIM(Y)=0.8568
Epoch 147/200: Training loss=0.035703, lr=5.79e-04
Epoch 147/200: Validation combined_loss=0.045965
Validation configuration losses: 32ch=0.045183, 16ch=0.046748
Set5/32ch: PSNR(Y)=30.999, SSIM(Y)=0.8753
Set14/32ch: PSNR(Y)=27.880, SSIM(Y)=0.7613
B100/32ch: PSNR(Y)=27.098, SSIM(Y)=0.7191
U100/32ch: PSNR(Y)=24.835, SSIM(Y)=0.7382
M109/32ch: PSNR(Y)=28.249, SSIM(Y)=0.8703
Set5/16ch: PSNR(Y)=30.652, SSIM(Y)=0.8680
Set14/16ch: PSNR(Y)=27.621, SSIM(Y)=0.7555
B100/16ch: PSNR(Y)=26.949, SSIM(Y)=0.7143
U100/16ch: PSNR(Y)=24.558, SSIM(Y)=0.7267
M109/16ch: PSNR(Y)=27.597, SSIM(Y)=0.8569
Model saved! Best loss: 0.045965
Epoch 148/200: Training loss=0.035757, lr=5.62e-04
Epoch 148/200: Validation combined_loss=0.045964
Validation configuration losses: 32ch=0.045181, 16ch=0.046747
Set5/32ch: PSNR(Y)=30.996, SSIM(Y)=0.8752
Set14/32ch: PSNR(Y)=27.879, SSIM(Y)=0.7613
B100/32ch: PSNR(Y)=27.098, SSIM(Y)=0.7191
U100/32ch: PSNR(Y)=24.835, SSIM(Y)=0.7382
M109/32ch: PSNR(Y)=28.249, SSIM(Y)=0.8703
Set5/16ch: PSNR(Y)=30.652, SSIM(Y)=0.8680
Set14/16ch: PSNR(Y)=27.621, SSIM(Y)=0.7555
B100/16ch: PSNR(Y)=26.949, SSIM(Y)=0.7143
U100/16ch: PSNR(Y)=24.557, SSIM(Y)=0.7267
M109/16ch: PSNR(Y)=27.597, SSIM(Y)=0.8569
Model saved! Best loss: 0.045964
Epoch 149/200: Training loss=0.035712, lr=5.45e-04
Epoch 149/200: Validation combined_loss=0.045961
Validation configuration losses: 32ch=0.045179, 16ch=0.046743
Set5/32ch: PSNR(Y)=30.996, SSIM(Y)=0.8752
Set14/32ch: PSNR(Y)=27.879, SSIM(Y)=0.7613
B100/32ch: PSNR(Y)=27.099, SSIM(Y)=0.7191
U100/32ch: PSNR(Y)=24.835, SSIM(Y)=0.7382
M109/32ch: PSNR(Y)=28.252, SSIM(Y)=0.8703
Set5/16ch: PSNR(Y)=30.651, SSIM(Y)=0.8680
Set14/16ch: PSNR(Y)=27.620, SSIM(Y)=0.7555
B100/16ch: PSNR(Y)=26.949, SSIM(Y)=0.7143
U100/16ch: PSNR(Y)=24.558, SSIM(Y)=0.7267
M109/16ch: PSNR(Y)=27.600, SSIM(Y)=0.8569
Model saved! Best loss: 0.045961
Epoch 150/200: Training loss=0.035710, lr=5.29e-04
Epoch 150/200: Validation combined_loss=0.045959
Validation configuration losses: 32ch=0.045177, 16ch=0.046741
Set5/32ch: PSNR(Y)=30.996, SSIM(Y)=0.8752
Set14/32ch: PSNR(Y)=27.880, SSIM(Y)=0.7613
B100/32ch: PSNR(Y)=27.099, SSIM(Y)=0.7191
U100/32ch: PSNR(Y)=24.836, SSIM(Y)=0.7382
M109/32ch: PSNR(Y)=28.253, SSIM(Y)=0.8704
Set5/16ch: PSNR(Y)=30.651, SSIM(Y)=0.8680
Set14/16ch: PSNR(Y)=27.621, SSIM(Y)=0.7555
B100/16ch: PSNR(Y)=26.949, SSIM(Y)=0.7143
U100/16ch: PSNR(Y)=24.559, SSIM(Y)=0.7268
M109/16ch: PSNR(Y)=27.601, SSIM(Y)=0.8569
Model saved! Best loss: 0.045959
Epoch 151/200: Training loss=0.035701, lr=5.12e-04
Epoch 151/200: Validation combined_loss=0.045956
Validation configuration losses: 32ch=0.045172, 16ch=0.046740
Set5/32ch: PSNR(Y)=30.999, SSIM(Y)=0.8753
Set14/32ch: PSNR(Y)=27.880, SSIM(Y)=0.7613
B100/32ch: PSNR(Y)=27.098, SSIM(Y)=0.7191
U100/32ch: PSNR(Y)=24.836, SSIM(Y)=0.7382
M109/32ch: PSNR(Y)=28.256, SSIM(Y)=0.8704
Set5/16ch: PSNR(Y)=30.651, SSIM(Y)=0.8680
Set14/16ch: PSNR(Y)=27.621, SSIM(Y)=0.7555
B100/16ch: PSNR(Y)=26.949, SSIM(Y)=0.7144
U100/16ch: PSNR(Y)=24.559, SSIM(Y)=0.7268
M109/16ch: PSNR(Y)=27.603, SSIM(Y)=0.8570
Model saved! Best loss: 0.045956
Epoch 152/200: Training loss=0.035777, lr=4.96e-04
Epoch 152/200: Validation combined_loss=0.045955
Validation configuration losses: 32ch=0.045170, 16ch=0.046739
Set5/32ch: PSNR(Y)=30.999, SSIM(Y)=0.8752
Set14/32ch: PSNR(Y)=27.880, SSIM(Y)=0.7613
B100/32ch: PSNR(Y)=27.099, SSIM(Y)=0.7191
U100/32ch: PSNR(Y)=24.837, SSIM(Y)=0.7383
M109/32ch: PSNR(Y)=28.255, SSIM(Y)=0.8704
Set5/16ch: PSNR(Y)=30.651, SSIM(Y)=0.8680
Set14/16ch: PSNR(Y)=27.621, SSIM(Y)=0.7555
B100/16ch: PSNR(Y)=26.950, SSIM(Y)=0.7143
U100/16ch: PSNR(Y)=24.559, SSIM(Y)=0.7268
M109/16ch: PSNR(Y)=27.602, SSIM(Y)=0.8570
Model saved! Best loss: 0.045955
Epoch 153/200: Training loss=0.035719, lr=4.80e-04
Epoch 153/200: Validation combined_loss=0.045952
Validation configuration losses: 32ch=0.045168, 16ch=0.046736
Set5/32ch: PSNR(Y)=31.000, SSIM(Y)=0.8753
Set14/32ch: PSNR(Y)=27.881, SSIM(Y)=0.7613
B100/32ch: PSNR(Y)=27.099, SSIM(Y)=0.7192
U100/32ch: PSNR(Y)=24.837, SSIM(Y)=0.7383
M109/32ch: PSNR(Y)=28.254, SSIM(Y)=0.8704
Set5/16ch: PSNR(Y)=30.652, SSIM(Y)=0.8680
Set14/16ch: PSNR(Y)=27.621, SSIM(Y)=0.7555
B100/16ch: PSNR(Y)=26.950, SSIM(Y)=0.7144
U100/16ch: PSNR(Y)=24.560, SSIM(Y)=0.7268
M109/16ch: PSNR(Y)=27.602, SSIM(Y)=0.8570
Model saved! Best loss: 0.045952
Epoch 154/200: Training loss=0.035708, lr=4.65e-04
Epoch 154/200: Validation combined_loss=0.045951
Validation configuration losses: 32ch=0.045167, 16ch=0.046736
Set5/32ch: PSNR(Y)=30.999, SSIM(Y)=0.8752
Set14/32ch: PSNR(Y)=27.881, SSIM(Y)=0.7613
B100/32ch: PSNR(Y)=27.098, SSIM(Y)=0.7192
U100/32ch: PSNR(Y)=24.837, SSIM(Y)=0.7383
M109/32ch: PSNR(Y)=28.256, SSIM(Y)=0.8705
Set5/16ch: PSNR(Y)=30.654, SSIM(Y)=0.8680
Set14/16ch: PSNR(Y)=27.621, SSIM(Y)=0.7555
B100/16ch: PSNR(Y)=26.950, SSIM(Y)=0.7144
U100/16ch: PSNR(Y)=24.560, SSIM(Y)=0.7268
M109/16ch: PSNR(Y)=27.604, SSIM(Y)=0.8570
Model saved! Best loss: 0.045951
Epoch 155/200: Training loss=0.035735, lr=4.49e-04
Epoch 155/200: Validation combined_loss=0.045952
Validation configuration losses: 32ch=0.045167, 16ch=0.046737
Set5/32ch: PSNR(Y)=30.996, SSIM(Y)=0.8752
Set14/32ch: PSNR(Y)=27.880, SSIM(Y)=0.7613
B100/32ch: PSNR(Y)=27.099, SSIM(Y)=0.7192
U100/32ch: PSNR(Y)=24.837, SSIM(Y)=0.7383
M109/32ch: PSNR(Y)=28.257, SSIM(Y)=0.8704
Set5/16ch: PSNR(Y)=30.651, SSIM(Y)=0.8680
Set14/16ch: PSNR(Y)=27.621, SSIM(Y)=0.7555
B100/16ch: PSNR(Y)=26.950, SSIM(Y)=0.7144
U100/16ch: PSNR(Y)=24.560, SSIM(Y)=0.7268
M109/16ch: PSNR(Y)=27.603, SSIM(Y)=0.8570
Epoch 156/200: Training loss=0.035670, lr=4.34e-04
Epoch 156/200: Validation combined_loss=0.045950
Validation configuration losses: 32ch=0.045165, 16ch=0.046735
Set5/32ch: PSNR(Y)=30.995, SSIM(Y)=0.8752
Set14/32ch: PSNR(Y)=27.881, SSIM(Y)=0.7613
B100/32ch: PSNR(Y)=27.099, SSIM(Y)=0.7192
U100/32ch: PSNR(Y)=24.838, SSIM(Y)=0.7383
M109/32ch: PSNR(Y)=28.258, SSIM(Y)=0.8705
Set5/16ch: PSNR(Y)=30.651, SSIM(Y)=0.8680
Set14/16ch: PSNR(Y)=27.622, SSIM(Y)=0.7555
B100/16ch: PSNR(Y)=26.950, SSIM(Y)=0.7144
U100/16ch: PSNR(Y)=24.560, SSIM(Y)=0.7268
M109/16ch: PSNR(Y)=27.604, SSIM(Y)=0.8570
Model saved! Best loss: 0.045950
Epoch 157/200: Training loss=0.035692, lr=4.20e-04
Epoch 157/200: Validation combined_loss=0.045949
Validation configuration losses: 32ch=0.045165, 16ch=0.046734
Set5/32ch: PSNR(Y)=30.999, SSIM(Y)=0.8752
Set14/32ch: PSNR(Y)=27.880, SSIM(Y)=0.7613
B100/32ch: PSNR(Y)=27.099, SSIM(Y)=0.7192
U100/32ch: PSNR(Y)=24.837, SSIM(Y)=0.7383
M109/32ch: PSNR(Y)=28.258, SSIM(Y)=0.8705
Set5/16ch: PSNR(Y)=30.653, SSIM(Y)=0.8680
Set14/16ch: PSNR(Y)=27.621, SSIM(Y)=0.7555
B100/16ch: PSNR(Y)=26.950, SSIM(Y)=0.7144
U100/16ch: PSNR(Y)=24.560, SSIM(Y)=0.7268
M109/16ch: PSNR(Y)=27.605, SSIM(Y)=0.8570
Model saved! Best loss: 0.045949
Epoch 158/200: Training loss=0.035763, lr=4.05e-04
Epoch 158/200: Validation combined_loss=0.045947
Validation configuration losses: 32ch=0.045161, 16ch=0.046733
Set5/32ch: PSNR(Y)=31.000, SSIM(Y)=0.8753
Set14/32ch: PSNR(Y)=27.882, SSIM(Y)=0.7614
B100/32ch: PSNR(Y)=27.100, SSIM(Y)=0.7192
U100/32ch: PSNR(Y)=24.838, SSIM(Y)=0.7383
M109/32ch: PSNR(Y)=28.261, SSIM(Y)=0.8705
Set5/16ch: PSNR(Y)=30.652, SSIM(Y)=0.8680
Set14/16ch: PSNR(Y)=27.622, SSIM(Y)=0.7555
B100/16ch: PSNR(Y)=26.950, SSIM(Y)=0.7144
U100/16ch: PSNR(Y)=24.560, SSIM(Y)=0.7268
M109/16ch: PSNR(Y)=27.606, SSIM(Y)=0.8570
Model saved! Best loss: 0.045947
Epoch 159/200: Training loss=0.035703, lr=3.91e-04
Epoch 159/200: Validation combined_loss=0.045945
Validation configuration losses: 32ch=0.045159, 16ch=0.046731
Set5/32ch: PSNR(Y)=31.000, SSIM(Y)=0.8752
Set14/32ch: PSNR(Y)=27.882, SSIM(Y)=0.7614
B100/32ch: PSNR(Y)=27.100, SSIM(Y)=0.7192
U100/32ch: PSNR(Y)=24.839, SSIM(Y)=0.7383
M109/32ch: PSNR(Y)=28.262, SSIM(Y)=0.8705
Set5/16ch: PSNR(Y)=30.653, SSIM(Y)=0.8680
Set14/16ch: PSNR(Y)=27.623, SSIM(Y)=0.7556
B100/16ch: PSNR(Y)=26.950, SSIM(Y)=0.7144
U100/16ch: PSNR(Y)=24.561, SSIM(Y)=0.7269
M109/16ch: PSNR(Y)=27.607, SSIM(Y)=0.8570
Model saved! Best loss: 0.045945
Epoch 160/200: Training loss=0.035654, lr=3.77e-04
Epoch 160/200: Validation combined_loss=0.045944
Validation configuration losses: 32ch=0.045159, 16ch=0.046729
Set5/32ch: PSNR(Y)=31.000, SSIM(Y)=0.8752
Set14/32ch: PSNR(Y)=27.881, SSIM(Y)=0.7614
B100/32ch: PSNR(Y)=27.100, SSIM(Y)=0.7192
U100/32ch: PSNR(Y)=24.839, SSIM(Y)=0.7384
M109/32ch: PSNR(Y)=28.260, SSIM(Y)=0.8706
Set5/16ch: PSNR(Y)=30.652, SSIM(Y)=0.8680
Set14/16ch: PSNR(Y)=27.622, SSIM(Y)=0.7556
B100/16ch: PSNR(Y)=26.950, SSIM(Y)=0.7144
U100/16ch: PSNR(Y)=24.561, SSIM(Y)=0.7269
M109/16ch: PSNR(Y)=27.608, SSIM(Y)=0.8571
Model saved! Best loss: 0.045944
Epoch 161/200: Training loss=0.035745, lr=3.63e-04
Epoch 161/200: Validation combined_loss=0.045942
Validation configuration losses: 32ch=0.045156, 16ch=0.046728
Set5/32ch: PSNR(Y)=30.999, SSIM(Y)=0.8752
Set14/32ch: PSNR(Y)=27.882, SSIM(Y)=0.7614
B100/32ch: PSNR(Y)=27.100, SSIM(Y)=0.7192
U100/32ch: PSNR(Y)=24.839, SSIM(Y)=0.7384
M109/32ch: PSNR(Y)=28.265, SSIM(Y)=0.8706
Set5/16ch: PSNR(Y)=30.652, SSIM(Y)=0.8680
Set14/16ch: PSNR(Y)=27.623, SSIM(Y)=0.7556
B100/16ch: PSNR(Y)=26.951, SSIM(Y)=0.7144
U100/16ch: PSNR(Y)=24.562, SSIM(Y)=0.7269
M109/16ch: PSNR(Y)=27.610, SSIM(Y)=0.8571
Model saved! Best loss: 0.045942
Epoch 162/200: Training loss=0.035719, lr=3.50e-04
Epoch 162/200: Validation combined_loss=0.045941
Validation configuration losses: 32ch=0.045154, 16ch=0.046727
Set5/32ch: PSNR(Y)=31.000, SSIM(Y)=0.8752
Set14/32ch: PSNR(Y)=27.881, SSIM(Y)=0.7614
B100/32ch: PSNR(Y)=27.100, SSIM(Y)=0.7192
U100/32ch: PSNR(Y)=24.840, SSIM(Y)=0.7384
M109/32ch: PSNR(Y)=28.265, SSIM(Y)=0.8706
Set5/16ch: PSNR(Y)=30.653, SSIM(Y)=0.8680
Set14/16ch: PSNR(Y)=27.623, SSIM(Y)=0.7556
B100/16ch: PSNR(Y)=26.951, SSIM(Y)=0.7144
U100/16ch: PSNR(Y)=24.562, SSIM(Y)=0.7269
M109/16ch: PSNR(Y)=27.611, SSIM(Y)=0.8571
Model saved! Best loss: 0.045941
Epoch 163/200: Training loss=0.035686, lr=3.37e-04
Epoch 163/200: Validation combined_loss=0.045943
Validation configuration losses: 32ch=0.045158, 16ch=0.046727
Set5/32ch: PSNR(Y)=30.998, SSIM(Y)=0.8752
Set14/32ch: PSNR(Y)=27.882, SSIM(Y)=0.7614
B100/32ch: PSNR(Y)=27.100, SSIM(Y)=0.7192
U100/32ch: PSNR(Y)=24.839, SSIM(Y)=0.7384
M109/32ch: PSNR(Y)=28.263, SSIM(Y)=0.8706
Set5/16ch: PSNR(Y)=30.652, SSIM(Y)=0.8680
Set14/16ch: PSNR(Y)=27.623, SSIM(Y)=0.7556
B100/16ch: PSNR(Y)=26.951, SSIM(Y)=0.7144
U100/16ch: PSNR(Y)=24.561, SSIM(Y)=0.7269
M109/16ch: PSNR(Y)=27.610, SSIM(Y)=0.8571
Epoch 164/200: Training loss=0.035739, lr=3.24e-04
Epoch 164/200: Validation combined_loss=0.045944
Validation configuration losses: 32ch=0.045159, 16ch=0.046728
Set5/32ch: PSNR(Y)=30.998, SSIM(Y)=0.8752
Set14/32ch: PSNR(Y)=27.883, SSIM(Y)=0.7614
B100/32ch: PSNR(Y)=27.100, SSIM(Y)=0.7192
U100/32ch: PSNR(Y)=24.839, SSIM(Y)=0.7384
M109/32ch: PSNR(Y)=28.262, SSIM(Y)=0.8706
Set5/16ch: PSNR(Y)=30.652, SSIM(Y)=0.8680
Set14/16ch: PSNR(Y)=27.623, SSIM(Y)=0.7556
B100/16ch: PSNR(Y)=26.951, SSIM(Y)=0.7144
U100/16ch: PSNR(Y)=24.562, SSIM(Y)=0.7269
M109/16ch: PSNR(Y)=27.609, SSIM(Y)=0.8571
Epoch 165/200: Training loss=0.035778, lr=3.11e-04
Epoch 165/200: Validation combined_loss=0.045940
Validation configuration losses: 32ch=0.045155, 16ch=0.046726
Set5/32ch: PSNR(Y)=30.998, SSIM(Y)=0.8752
Set14/32ch: PSNR(Y)=27.883, SSIM(Y)=0.7614
B100/32ch: PSNR(Y)=27.100, SSIM(Y)=0.7192
U100/32ch: PSNR(Y)=24.839, SSIM(Y)=0.7384
M109/32ch: PSNR(Y)=28.266, SSIM(Y)=0.8706
Set5/16ch: PSNR(Y)=30.651, SSIM(Y)=0.8680
Set14/16ch: PSNR(Y)=27.623, SSIM(Y)=0.7556
B100/16ch: PSNR(Y)=26.951, SSIM(Y)=0.7144
U100/16ch: PSNR(Y)=24.562, SSIM(Y)=0.7269
M109/16ch: PSNR(Y)=27.611, SSIM(Y)=0.8571
Model saved! Best loss: 0.045940
Epoch 166/200: Training loss=0.035744, lr=2.99e-04
Epoch 166/200: Validation combined_loss=0.045937
Validation configuration losses: 32ch=0.045150, 16ch=0.046724
Set5/32ch: PSNR(Y)=30.999, SSIM(Y)=0.8753
Set14/32ch: PSNR(Y)=27.883, SSIM(Y)=0.7614
B100/32ch: PSNR(Y)=27.100, SSIM(Y)=0.7192
U100/32ch: PSNR(Y)=24.840, SSIM(Y)=0.7384
M109/32ch: PSNR(Y)=28.267, SSIM(Y)=0.8707
Set5/16ch: PSNR(Y)=30.650, SSIM(Y)=0.8680
Set14/16ch: PSNR(Y)=27.623, SSIM(Y)=0.7556
B100/16ch: PSNR(Y)=26.951, SSIM(Y)=0.7144
U100/16ch: PSNR(Y)=24.562, SSIM(Y)=0.7269
M109/16ch: PSNR(Y)=27.612, SSIM(Y)=0.8571
Model saved! Best loss: 0.045937
Epoch 167/200: Training loss=0.035764, lr=2.87e-04
Epoch 167/200: Validation combined_loss=0.045936
Validation configuration losses: 32ch=0.045150, 16ch=0.046722
Set5/32ch: PSNR(Y)=30.999, SSIM(Y)=0.8753
Set14/32ch: PSNR(Y)=27.883, SSIM(Y)=0.7614
B100/32ch: PSNR(Y)=27.100, SSIM(Y)=0.7192
U100/32ch: PSNR(Y)=24.840, SSIM(Y)=0.7384
M109/32ch: PSNR(Y)=28.267, SSIM(Y)=0.8706
Set5/16ch: PSNR(Y)=30.651, SSIM(Y)=0.8680
Set14/16ch: PSNR(Y)=27.623, SSIM(Y)=0.7556
B100/16ch: PSNR(Y)=26.951, SSIM(Y)=0.7144
U100/16ch: PSNR(Y)=24.562, SSIM(Y)=0.7269
M109/16ch: PSNR(Y)=27.613, SSIM(Y)=0.8571
Model saved! Best loss: 0.045936
Epoch 168/200: Training loss=0.035729, lr=2.75e-04
Epoch 168/200: Validation combined_loss=0.045936
Validation configuration losses: 32ch=0.045149, 16ch=0.046722
Set5/32ch: PSNR(Y)=30.999, SSIM(Y)=0.8752
Set14/32ch: PSNR(Y)=27.884, SSIM(Y)=0.7614
B100/32ch: PSNR(Y)=27.100, SSIM(Y)=0.7192
U100/32ch: PSNR(Y)=24.841, SSIM(Y)=0.7385
M109/32ch: PSNR(Y)=28.264, SSIM(Y)=0.8706
Set5/16ch: PSNR(Y)=30.651, SSIM(Y)=0.8680
Set14/16ch: PSNR(Y)=27.623, SSIM(Y)=0.7556
B100/16ch: PSNR(Y)=26.951, SSIM(Y)=0.7144
U100/16ch: PSNR(Y)=24.562, SSIM(Y)=0.7269
M109/16ch: PSNR(Y)=27.612, SSIM(Y)=0.8571
Model saved! Best loss: 0.045936
Epoch 169/200: Training loss=0.035657, lr=2.64e-04
Epoch 169/200: Validation combined_loss=0.045933
Validation configuration losses: 32ch=0.045145, 16ch=0.046721
Set5/32ch: PSNR(Y)=30.999, SSIM(Y)=0.8753
Set14/32ch: PSNR(Y)=27.885, SSIM(Y)=0.7614
B100/32ch: PSNR(Y)=27.100, SSIM(Y)=0.7192
U100/32ch: PSNR(Y)=24.841, SSIM(Y)=0.7385
M109/32ch: PSNR(Y)=28.267, SSIM(Y)=0.8707
Set5/16ch: PSNR(Y)=30.651, SSIM(Y)=0.8680
Set14/16ch: PSNR(Y)=27.623, SSIM(Y)=0.7556
B100/16ch: PSNR(Y)=26.951, SSIM(Y)=0.7144
U100/16ch: PSNR(Y)=24.563, SSIM(Y)=0.7270
M109/16ch: PSNR(Y)=27.613, SSIM(Y)=0.8572
Model saved! Best loss: 0.045933
Epoch 170/200: Training loss=0.035712, lr=2.53e-04
Epoch 170/200: Validation combined_loss=0.045931
Validation configuration losses: 32ch=0.045142, 16ch=0.046720
Set5/32ch: PSNR(Y)=30.999, SSIM(Y)=0.8753
Set14/32ch: PSNR(Y)=27.886, SSIM(Y)=0.7614
B100/32ch: PSNR(Y)=27.100, SSIM(Y)=0.7192
U100/32ch: PSNR(Y)=24.841, SSIM(Y)=0.7385
M109/32ch: PSNR(Y)=28.267, SSIM(Y)=0.8707
Set5/16ch: PSNR(Y)=30.652, SSIM(Y)=0.8680
Set14/16ch: PSNR(Y)=27.624, SSIM(Y)=0.7556
B100/16ch: PSNR(Y)=26.951, SSIM(Y)=0.7144
U100/16ch: PSNR(Y)=24.563, SSIM(Y)=0.7270
M109/16ch: PSNR(Y)=27.614, SSIM(Y)=0.8572
Model saved! Best loss: 0.045931
Epoch 171/200: Training loss=0.035675, lr=2.42e-04
Epoch 171/200: Validation combined_loss=0.045930
Validation configuration losses: 32ch=0.045141, 16ch=0.046719
Set5/32ch: PSNR(Y)=30.998, SSIM(Y)=0.8753
Set14/32ch: PSNR(Y)=27.886, SSIM(Y)=0.7614
B100/32ch: PSNR(Y)=27.101, SSIM(Y)=0.7192
U100/32ch: PSNR(Y)=24.841, SSIM(Y)=0.7385
M109/32ch: PSNR(Y)=28.268, SSIM(Y)=0.8707
Set5/16ch: PSNR(Y)=30.651, SSIM(Y)=0.8680
Set14/16ch: PSNR(Y)=27.624, SSIM(Y)=0.7556
B100/16ch: PSNR(Y)=26.952, SSIM(Y)=0.7144
U100/16ch: PSNR(Y)=24.563, SSIM(Y)=0.7270
M109/16ch: PSNR(Y)=27.615, SSIM(Y)=0.8572
Model saved! Best loss: 0.045930
Epoch 172/200: Training loss=0.035693, lr=2.32e-04
Epoch 172/200: Validation combined_loss=0.045930
Validation configuration losses: 32ch=0.045142, 16ch=0.046718
Set5/32ch: PSNR(Y)=31.000, SSIM(Y)=0.8753
Set14/32ch: PSNR(Y)=27.886, SSIM(Y)=0.7615
B100/32ch: PSNR(Y)=27.101, SSIM(Y)=0.7192
U100/32ch: PSNR(Y)=24.841, SSIM(Y)=0.7385
M109/32ch: PSNR(Y)=28.268, SSIM(Y)=0.8708
Set5/16ch: PSNR(Y)=30.652, SSIM(Y)=0.8680
Set14/16ch: PSNR(Y)=27.624, SSIM(Y)=0.7556
B100/16ch: PSNR(Y)=26.952, SSIM(Y)=0.7144
U100/16ch: PSNR(Y)=24.563, SSIM(Y)=0.7270
M109/16ch: PSNR(Y)=27.615, SSIM(Y)=0.8572
Epoch 173/200: Training loss=0.035680, lr=2.22e-04
Epoch 173/200: Validation combined_loss=0.045929
Validation configuration losses: 32ch=0.045140, 16ch=0.046718
Set5/32ch: PSNR(Y)=30.999, SSIM(Y)=0.8753
Set14/32ch: PSNR(Y)=27.885, SSIM(Y)=0.7615
B100/32ch: PSNR(Y)=27.101, SSIM(Y)=0.7193
U100/32ch: PSNR(Y)=24.841, SSIM(Y)=0.7385
M109/32ch: PSNR(Y)=28.270, SSIM(Y)=0.8708
Set5/16ch: PSNR(Y)=30.653, SSIM(Y)=0.8680
Set14/16ch: PSNR(Y)=27.624, SSIM(Y)=0.7556
B100/16ch: PSNR(Y)=26.952, SSIM(Y)=0.7144
U100/16ch: PSNR(Y)=24.563, SSIM(Y)=0.7270
M109/16ch: PSNR(Y)=27.616, SSIM(Y)=0.8572
Model saved! Best loss: 0.045929
Epoch 174/200: Training loss=0.035656, lr=2.12e-04
Epoch 174/200: Validation combined_loss=0.045930
Validation configuration losses: 32ch=0.045141, 16ch=0.046718
Set5/32ch: PSNR(Y)=30.999, SSIM(Y)=0.8753
Set14/32ch: PSNR(Y)=27.886, SSIM(Y)=0.7615
B100/32ch: PSNR(Y)=27.102, SSIM(Y)=0.7193
U100/32ch: PSNR(Y)=24.841, SSIM(Y)=0.7385
M109/32ch: PSNR(Y)=28.268, SSIM(Y)=0.8707
Set5/16ch: PSNR(Y)=30.652, SSIM(Y)=0.8680
Set14/16ch: PSNR(Y)=27.625, SSIM(Y)=0.7556
B100/16ch: PSNR(Y)=26.952, SSIM(Y)=0.7145
U100/16ch: PSNR(Y)=24.563, SSIM(Y)=0.7270
M109/16ch: PSNR(Y)=27.615, SSIM(Y)=0.8572
Epoch 175/200: Training loss=0.035699, lr=2.02e-04
Epoch 175/200: Validation combined_loss=0.045927
Validation configuration losses: 32ch=0.045138, 16ch=0.046716
Set5/32ch: PSNR(Y)=31.000, SSIM(Y)=0.8753
Set14/32ch: PSNR(Y)=27.886, SSIM(Y)=0.7615
B100/32ch: PSNR(Y)=27.102, SSIM(Y)=0.7193
U100/32ch: PSNR(Y)=24.842, SSIM(Y)=0.7385
M109/32ch: PSNR(Y)=28.270, SSIM(Y)=0.8708
Set5/16ch: PSNR(Y)=30.653, SSIM(Y)=0.8680
Set14/16ch: PSNR(Y)=27.625, SSIM(Y)=0.7556
B100/16ch: PSNR(Y)=26.952, SSIM(Y)=0.7144
U100/16ch: PSNR(Y)=24.563, SSIM(Y)=0.7270
M109/16ch: PSNR(Y)=27.616, SSIM(Y)=0.8572
Model saved! Best loss: 0.045927
Epoch 176/200: Training loss=0.035692, lr=1.93e-04
Epoch 176/200: Validation combined_loss=0.045926
Validation configuration losses: 32ch=0.045136, 16ch=0.046715
Set5/32ch: PSNR(Y)=30.999, SSIM(Y)=0.8752
Set14/32ch: PSNR(Y)=27.885, SSIM(Y)=0.7615
B100/32ch: PSNR(Y)=27.102, SSIM(Y)=0.7193
U100/32ch: PSNR(Y)=24.843, SSIM(Y)=0.7386
M109/32ch: PSNR(Y)=28.271, SSIM(Y)=0.8708
Set5/16ch: PSNR(Y)=30.653, SSIM(Y)=0.8680
Set14/16ch: PSNR(Y)=27.624, SSIM(Y)=0.7556
B100/16ch: PSNR(Y)=26.952, SSIM(Y)=0.7145
U100/16ch: PSNR(Y)=24.563, SSIM(Y)=0.7270
M109/16ch: PSNR(Y)=27.617, SSIM(Y)=0.8572
Model saved! Best loss: 0.045926
Epoch 177/200: Training loss=0.035657, lr=1.85e-04
Epoch 177/200: Validation combined_loss=0.045926
Validation configuration losses: 32ch=0.045136, 16ch=0.046715
Set5/32ch: PSNR(Y)=30.999, SSIM(Y)=0.8753
Set14/32ch: PSNR(Y)=27.886, SSIM(Y)=0.7615
B100/32ch: PSNR(Y)=27.101, SSIM(Y)=0.7193
U100/32ch: PSNR(Y)=24.843, SSIM(Y)=0.7386
M109/32ch: PSNR(Y)=28.270, SSIM(Y)=0.8708
Set5/16ch: PSNR(Y)=30.652, SSIM(Y)=0.8680
Set14/16ch: PSNR(Y)=27.625, SSIM(Y)=0.7556
B100/16ch: PSNR(Y)=26.952, SSIM(Y)=0.7145
U100/16ch: PSNR(Y)=24.564, SSIM(Y)=0.7270
M109/16ch: PSNR(Y)=27.616, SSIM(Y)=0.8572
Model saved! Best loss: 0.045926
Epoch 178/200: Training loss=0.035684, lr=1.76e-04
Epoch 178/200: Validation combined_loss=0.045927
Validation configuration losses: 32ch=0.045139, 16ch=0.046714
Set5/32ch: PSNR(Y)=31.000, SSIM(Y)=0.8752
Set14/32ch: PSNR(Y)=27.885, SSIM(Y)=0.7615
B100/32ch: PSNR(Y)=27.101, SSIM(Y)=0.7193
U100/32ch: PSNR(Y)=24.842, SSIM(Y)=0.7385
M109/32ch: PSNR(Y)=28.269, SSIM(Y)=0.8708
Set5/16ch: PSNR(Y)=30.653, SSIM(Y)=0.8680
Set14/16ch: PSNR(Y)=27.625, SSIM(Y)=0.7556
B100/16ch: PSNR(Y)=26.952, SSIM(Y)=0.7145
U100/16ch: PSNR(Y)=24.564, SSIM(Y)=0.7270
M109/16ch: PSNR(Y)=27.618, SSIM(Y)=0.8573
Epoch 179/200: Training loss=0.035690, lr=1.68e-04
Epoch 179/200: Validation combined_loss=0.045927
Validation configuration losses: 32ch=0.045138, 16ch=0.046715
Set5/32ch: PSNR(Y)=30.998, SSIM(Y)=0.8752
Set14/32ch: PSNR(Y)=27.885, SSIM(Y)=0.7615
B100/32ch: PSNR(Y)=27.102, SSIM(Y)=0.7193
U100/32ch: PSNR(Y)=24.842, SSIM(Y)=0.7386
M109/32ch: PSNR(Y)=28.271, SSIM(Y)=0.8708
Set5/16ch: PSNR(Y)=30.653, SSIM(Y)=0.8680
Set14/16ch: PSNR(Y)=27.625, SSIM(Y)=0.7556
B100/16ch: PSNR(Y)=26.952, SSIM(Y)=0.7145
U100/16ch: PSNR(Y)=24.564, SSIM(Y)=0.7270
M109/16ch: PSNR(Y)=27.618, SSIM(Y)=0.8572
Epoch 180/200: Training loss=0.035715, lr=1.60e-04
Epoch 180/200: Validation combined_loss=0.045924
Validation configuration losses: 32ch=0.045136, 16ch=0.046712
Set5/32ch: PSNR(Y)=30.999, SSIM(Y)=0.8753
Set14/32ch: PSNR(Y)=27.885, SSIM(Y)=0.7615
B100/32ch: PSNR(Y)=27.102, SSIM(Y)=0.7193
U100/32ch: PSNR(Y)=24.843, SSIM(Y)=0.7386
M109/32ch: PSNR(Y)=28.271, SSIM(Y)=0.8708
Set5/16ch: PSNR(Y)=30.652, SSIM(Y)=0.8680
Set14/16ch: PSNR(Y)=27.625, SSIM(Y)=0.7556
B100/16ch: PSNR(Y)=26.952, SSIM(Y)=0.7145
U100/16ch: PSNR(Y)=24.564, SSIM(Y)=0.7270
M109/16ch: PSNR(Y)=27.619, SSIM(Y)=0.8573
Model saved! Best loss: 0.045924
Epoch 181/200: Training loss=0.035688, lr=1.53e-04
Epoch 181/200: Validation combined_loss=0.045923
Validation configuration losses: 32ch=0.045134, 16ch=0.046712
Set5/32ch: PSNR(Y)=30.999, SSIM(Y)=0.8753
Set14/32ch: PSNR(Y)=27.886, SSIM(Y)=0.7615
B100/32ch: PSNR(Y)=27.102, SSIM(Y)=0.7193
U100/32ch: PSNR(Y)=24.842, SSIM(Y)=0.7386
M109/32ch: PSNR(Y)=28.273, SSIM(Y)=0.8708
Set5/16ch: PSNR(Y)=30.653, SSIM(Y)=0.8680
Set14/16ch: PSNR(Y)=27.625, SSIM(Y)=0.7556
B100/16ch: PSNR(Y)=26.953, SSIM(Y)=0.7145
U100/16ch: PSNR(Y)=24.564, SSIM(Y)=0.7270
M109/16ch: PSNR(Y)=27.619, SSIM(Y)=0.8573
Model saved! Best loss: 0.045923
Epoch 182/200: Training loss=0.035669, lr=1.46e-04
Epoch 182/200: Validation combined_loss=0.045923
Validation configuration losses: 32ch=0.045134, 16ch=0.046711
Set5/32ch: PSNR(Y)=30.999, SSIM(Y)=0.8752
Set14/32ch: PSNR(Y)=27.886, SSIM(Y)=0.7615
B100/32ch: PSNR(Y)=27.101, SSIM(Y)=0.7193
U100/32ch: PSNR(Y)=24.842, SSIM(Y)=0.7386
M109/32ch: PSNR(Y)=28.271, SSIM(Y)=0.8708
Set5/16ch: PSNR(Y)=30.653, SSIM(Y)=0.8680
Set14/16ch: PSNR(Y)=27.624, SSIM(Y)=0.7556
B100/16ch: PSNR(Y)=26.952, SSIM(Y)=0.7145
U100/16ch: PSNR(Y)=24.564, SSIM(Y)=0.7270
M109/16ch: PSNR(Y)=27.619, SSIM(Y)=0.8573
Model saved! Best loss: 0.045923
Epoch 183/200: Training loss=0.035751, lr=1.39e-04
Epoch 183/200: Validation combined_loss=0.045921
Validation configuration losses: 32ch=0.045133, 16ch=0.046709
Set5/32ch: PSNR(Y)=30.998, SSIM(Y)=0.8753
Set14/32ch: PSNR(Y)=27.887, SSIM(Y)=0.7615
B100/32ch: PSNR(Y)=27.102, SSIM(Y)=0.7193
U100/32ch: PSNR(Y)=24.843, SSIM(Y)=0.7386
M109/32ch: PSNR(Y)=28.270, SSIM(Y)=0.8708
Set5/16ch: PSNR(Y)=30.653, SSIM(Y)=0.8680
Set14/16ch: PSNR(Y)=27.625, SSIM(Y)=0.7556
B100/16ch: PSNR(Y)=26.953, SSIM(Y)=0.7145
U100/16ch: PSNR(Y)=24.565, SSIM(Y)=0.7271
M109/16ch: PSNR(Y)=27.619, SSIM(Y)=0.8573
Model saved! Best loss: 0.045921
Epoch 184/200: Training loss=0.035723, lr=1.33e-04
Epoch 184/200: Validation combined_loss=0.045920
Validation configuration losses: 32ch=0.045133, 16ch=0.046707
Set5/32ch: PSNR(Y)=30.999, SSIM(Y)=0.8753
Set14/32ch: PSNR(Y)=27.886, SSIM(Y)=0.7615
B100/32ch: PSNR(Y)=27.102, SSIM(Y)=0.7193
U100/32ch: PSNR(Y)=24.843, SSIM(Y)=0.7386
M109/32ch: PSNR(Y)=28.271, SSIM(Y)=0.8708
Set5/16ch: PSNR(Y)=30.653, SSIM(Y)=0.8680
Set14/16ch: PSNR(Y)=27.625, SSIM(Y)=0.7556
B100/16ch: PSNR(Y)=26.953, SSIM(Y)=0.7145
U100/16ch: PSNR(Y)=24.565, SSIM(Y)=0.7271
M109/16ch: PSNR(Y)=27.621, SSIM(Y)=0.8573
Model saved! Best loss: 0.045920
Epoch 185/200: Training loss=0.035662, lr=1.27e-04
Epoch 185/200: Validation combined_loss=0.045920
Validation configuration losses: 32ch=0.045133, 16ch=0.046708
Set5/32ch: PSNR(Y)=31.002, SSIM(Y)=0.8753
Set14/32ch: PSNR(Y)=27.887, SSIM(Y)=0.7615
B100/32ch: PSNR(Y)=27.102, SSIM(Y)=0.7193
U100/32ch: PSNR(Y)=24.843, SSIM(Y)=0.7386
M109/32ch: PSNR(Y)=28.273, SSIM(Y)=0.8708
Set5/16ch: PSNR(Y)=30.653, SSIM(Y)=0.8680
Set14/16ch: PSNR(Y)=27.625, SSIM(Y)=0.7556
B100/16ch: PSNR(Y)=26.953, SSIM(Y)=0.7145
U100/16ch: PSNR(Y)=24.565, SSIM(Y)=0.7271
M109/16ch: PSNR(Y)=27.621, SSIM(Y)=0.8573
Epoch 186/200: Training loss=0.035733, lr=1.21e-04
Epoch 186/200: Validation combined_loss=0.045921
Validation configuration losses: 32ch=0.045133, 16ch=0.046709
Set5/32ch: PSNR(Y)=31.001, SSIM(Y)=0.8753
Set14/32ch: PSNR(Y)=27.885, SSIM(Y)=0.7615
B100/32ch: PSNR(Y)=27.101, SSIM(Y)=0.7193
U100/32ch: PSNR(Y)=24.842, SSIM(Y)=0.7386
M109/32ch: PSNR(Y)=28.272, SSIM(Y)=0.8708
Set5/16ch: PSNR(Y)=30.653, SSIM(Y)=0.8680
Set14/16ch: PSNR(Y)=27.624, SSIM(Y)=0.7556
B100/16ch: PSNR(Y)=26.953, SSIM(Y)=0.7145
U100/16ch: PSNR(Y)=24.565, SSIM(Y)=0.7271
M109/16ch: PSNR(Y)=27.621, SSIM(Y)=0.8573
Epoch 187/200: Training loss=0.035671, lr=1.16e-04
Epoch 187/200: Validation combined_loss=0.045920
Validation configuration losses: 32ch=0.045131, 16ch=0.046709
Set5/32ch: PSNR(Y)=31.000, SSIM(Y)=0.8752
Set14/32ch: PSNR(Y)=27.886, SSIM(Y)=0.7615
B100/32ch: PSNR(Y)=27.102, SSIM(Y)=0.7193
U100/32ch: PSNR(Y)=24.842, SSIM(Y)=0.7386
M109/32ch: PSNR(Y)=28.274, SSIM(Y)=0.8709
Set5/16ch: PSNR(Y)=30.653, SSIM(Y)=0.8680
Set14/16ch: PSNR(Y)=27.624, SSIM(Y)=0.7556
B100/16ch: PSNR(Y)=26.953, SSIM(Y)=0.7145
U100/16ch: PSNR(Y)=24.565, SSIM(Y)=0.7271
M109/16ch: PSNR(Y)=27.621, SSIM(Y)=0.8573
Model saved! Best loss: 0.045920
Epoch 188/200: Training loss=0.035748, lr=1.11e-04
Epoch 188/200: Validation combined_loss=0.045920
Validation configuration losses: 32ch=0.045130, 16ch=0.046710
Set5/32ch: PSNR(Y)=31.001, SSIM(Y)=0.8753
Set14/32ch: PSNR(Y)=27.887, SSIM(Y)=0.7615
B100/32ch: PSNR(Y)=27.102, SSIM(Y)=0.7193
U100/32ch: PSNR(Y)=24.843, SSIM(Y)=0.7386
M109/32ch: PSNR(Y)=28.276, SSIM(Y)=0.8709
Set5/16ch: PSNR(Y)=30.653, SSIM(Y)=0.8680
Set14/16ch: PSNR(Y)=27.624, SSIM(Y)=0.7556
B100/16ch: PSNR(Y)=26.953, SSIM(Y)=0.7145
U100/16ch: PSNR(Y)=24.565, SSIM(Y)=0.7271
M109/16ch: PSNR(Y)=27.621, SSIM(Y)=0.8573
Model saved! Best loss: 0.045920
Epoch 189/200: Training loss=0.035699, lr=1.06e-04
Epoch 189/200: Validation combined_loss=0.045919
Validation configuration losses: 32ch=0.045129, 16ch=0.046708
Set5/32ch: PSNR(Y)=31.000, SSIM(Y)=0.8753
Set14/32ch: PSNR(Y)=27.887, SSIM(Y)=0.7615
B100/32ch: PSNR(Y)=27.102, SSIM(Y)=0.7193
U100/32ch: PSNR(Y)=24.843, SSIM(Y)=0.7386
M109/32ch: PSNR(Y)=28.274, SSIM(Y)=0.8709
Set5/16ch: PSNR(Y)=30.654, SSIM(Y)=0.8680
Set14/16ch: PSNR(Y)=27.624, SSIM(Y)=0.7556
B100/16ch: PSNR(Y)=26.953, SSIM(Y)=0.7145
U100/16ch: PSNR(Y)=24.565, SSIM(Y)=0.7271
M109/16ch: PSNR(Y)=27.621, SSIM(Y)=0.8573
Model saved! Best loss: 0.045919
Epoch 190/200: Training loss=0.035684, lr=1.02e-04
Epoch 190/200: Validation combined_loss=0.045920
Validation configuration losses: 32ch=0.045132, 16ch=0.046709
Set5/32ch: PSNR(Y)=31.001, SSIM(Y)=0.8753
Set14/32ch: PSNR(Y)=27.887, SSIM(Y)=0.7615
B100/32ch: PSNR(Y)=27.102, SSIM(Y)=0.7193
U100/32ch: PSNR(Y)=24.843, SSIM(Y)=0.7386
M109/32ch: PSNR(Y)=28.273, SSIM(Y)=0.8709
Set5/16ch: PSNR(Y)=30.653, SSIM(Y)=0.8680
Set14/16ch: PSNR(Y)=27.625, SSIM(Y)=0.7556
B100/16ch: PSNR(Y)=26.953, SSIM(Y)=0.7145
U100/16ch: PSNR(Y)=24.565, SSIM(Y)=0.7271
M109/16ch: PSNR(Y)=27.621, SSIM(Y)=0.8573
Epoch 191/200: Training loss=0.035720, lr=9.84e-05
Epoch 191/200: Validation combined_loss=0.045921
Validation configuration losses: 32ch=0.045133, 16ch=0.046709
Set5/32ch: PSNR(Y)=31.000, SSIM(Y)=0.8753
Set14/32ch: PSNR(Y)=27.887, SSIM(Y)=0.7615
B100/32ch: PSNR(Y)=27.102, SSIM(Y)=0.7193
U100/32ch: PSNR(Y)=24.844, SSIM(Y)=0.7386
M109/32ch: PSNR(Y)=28.270, SSIM(Y)=0.8708
Set5/16ch: PSNR(Y)=30.652, SSIM(Y)=0.8680
Set14/16ch: PSNR(Y)=27.625, SSIM(Y)=0.7557
B100/16ch: PSNR(Y)=26.953, SSIM(Y)=0.7145
U100/16ch: PSNR(Y)=24.565, SSIM(Y)=0.7271
M109/16ch: PSNR(Y)=27.620, SSIM(Y)=0.8573
Epoch 192/200: Training loss=0.035664, lr=9.49e-05
Epoch 192/200: Validation combined_loss=0.045921
Validation configuration losses: 32ch=0.045133, 16ch=0.046708
Set5/32ch: PSNR(Y)=30.998, SSIM(Y)=0.8752
Set14/32ch: PSNR(Y)=27.887, SSIM(Y)=0.7615
B100/32ch: PSNR(Y)=27.102, SSIM(Y)=0.7193
U100/32ch: PSNR(Y)=24.844, SSIM(Y)=0.7387
M109/32ch: PSNR(Y)=28.270, SSIM(Y)=0.8708
Set5/16ch: PSNR(Y)=30.652, SSIM(Y)=0.8680
Set14/16ch: PSNR(Y)=27.625, SSIM(Y)=0.7557
B100/16ch: PSNR(Y)=26.953, SSIM(Y)=0.7145
U100/16ch: PSNR(Y)=24.565, SSIM(Y)=0.7271
M109/16ch: PSNR(Y)=27.621, SSIM(Y)=0.8573
Epoch 193/200: Training loss=0.035701, lr=9.18e-05
Epoch 193/200: Validation combined_loss=0.045917
Validation configuration losses: 32ch=0.045128, 16ch=0.046706
Set5/32ch: PSNR(Y)=30.998, SSIM(Y)=0.8752
Set14/32ch: PSNR(Y)=27.887, SSIM(Y)=0.7615
B100/32ch: PSNR(Y)=27.102, SSIM(Y)=0.7193
U100/32ch: PSNR(Y)=24.844, SSIM(Y)=0.7387
M109/32ch: PSNR(Y)=28.274, SSIM(Y)=0.8709
Set5/16ch: PSNR(Y)=30.651, SSIM(Y)=0.8680
Set14/16ch: PSNR(Y)=27.625, SSIM(Y)=0.7556
B100/16ch: PSNR(Y)=26.953, SSIM(Y)=0.7145
U100/16ch: PSNR(Y)=24.566, SSIM(Y)=0.7271
M109/16ch: PSNR(Y)=27.623, SSIM(Y)=0.8573
Model saved! Best loss: 0.045917
Epoch 194/200: Training loss=0.035694, lr=8.90e-05
Epoch 194/200: Validation combined_loss=0.045916
Validation configuration losses: 32ch=0.045126, 16ch=0.046706
Set5/32ch: PSNR(Y)=31.000, SSIM(Y)=0.8753
Set14/32ch: PSNR(Y)=27.887, SSIM(Y)=0.7615
B100/32ch: PSNR(Y)=27.102, SSIM(Y)=0.7193
U100/32ch: PSNR(Y)=24.844, SSIM(Y)=0.7387
M109/32ch: PSNR(Y)=28.273, SSIM(Y)=0.8709
Set5/16ch: PSNR(Y)=30.652, SSIM(Y)=0.8680
Set14/16ch: PSNR(Y)=27.625, SSIM(Y)=0.7556
B100/16ch: PSNR(Y)=26.953, SSIM(Y)=0.7145
U100/16ch: PSNR(Y)=24.565, SSIM(Y)=0.7271
M109/16ch: PSNR(Y)=27.623, SSIM(Y)=0.8573
Model saved! Best loss: 0.045916
Epoch 195/200: Training loss=0.035652, lr=8.66e-05
Epoch 195/200: Validation combined_loss=0.045916
Validation configuration losses: 32ch=0.045127, 16ch=0.046705
Set5/32ch: PSNR(Y)=31.000, SSIM(Y)=0.8753
Set14/32ch: PSNR(Y)=27.887, SSIM(Y)=0.7615
B100/32ch: PSNR(Y)=27.102, SSIM(Y)=0.7193
U100/32ch: PSNR(Y)=24.844, SSIM(Y)=0.7387
M109/32ch: PSNR(Y)=28.273, SSIM(Y)=0.8709
Set5/16ch: PSNR(Y)=30.652, SSIM(Y)=0.8680
Set14/16ch: PSNR(Y)=27.625, SSIM(Y)=0.7556
B100/16ch: PSNR(Y)=26.953, SSIM(Y)=0.7145
U100/16ch: PSNR(Y)=24.565, SSIM(Y)=0.7271
M109/16ch: PSNR(Y)=27.623, SSIM(Y)=0.8573
Epoch 196/200: Training loss=0.035704, lr=8.46e-05
Epoch 196/200: Validation combined_loss=0.045915
Validation configuration losses: 32ch=0.045125, 16ch=0.046704
Set5/32ch: PSNR(Y)=31.001, SSIM(Y)=0.8753
Set14/32ch: PSNR(Y)=27.887, SSIM(Y)=0.7615
B100/32ch: PSNR(Y)=27.102, SSIM(Y)=0.7193
U100/32ch: PSNR(Y)=24.844, SSIM(Y)=0.7387
M109/32ch: PSNR(Y)=28.276, SSIM(Y)=0.8709
Set5/16ch: PSNR(Y)=30.654, SSIM(Y)=0.8680
Set14/16ch: PSNR(Y)=27.625, SSIM(Y)=0.7557
B100/16ch: PSNR(Y)=26.953, SSIM(Y)=0.7145
U100/16ch: PSNR(Y)=24.565, SSIM(Y)=0.7271
M109/16ch: PSNR(Y)=27.624, SSIM(Y)=0.8574
Model saved! Best loss: 0.045915
Epoch 197/200: Training loss=0.035670, lr=8.29e-05
Epoch 197/200: Validation combined_loss=0.045917
Validation configuration losses: 32ch=0.045129, 16ch=0.046706
Set5/32ch: PSNR(Y)=31.003, SSIM(Y)=0.8753
Set14/32ch: PSNR(Y)=27.886, SSIM(Y)=0.7615
B100/32ch: PSNR(Y)=27.102, SSIM(Y)=0.7193
U100/32ch: PSNR(Y)=24.844, SSIM(Y)=0.7387
M109/32ch: PSNR(Y)=28.275, SSIM(Y)=0.8709
Set5/16ch: PSNR(Y)=30.655, SSIM(Y)=0.8681
Set14/16ch: PSNR(Y)=27.625, SSIM(Y)=0.7557
B100/16ch: PSNR(Y)=26.953, SSIM(Y)=0.7145
U100/16ch: PSNR(Y)=24.566, SSIM(Y)=0.7271
M109/16ch: PSNR(Y)=27.624, SSIM(Y)=0.8573
Epoch 198/200: Training loss=0.035701, lr=8.17e-05
Epoch 198/200: Validation combined_loss=0.045918
Validation configuration losses: 32ch=0.045130, 16ch=0.046707
Set5/32ch: PSNR(Y)=31.003, SSIM(Y)=0.8753
Set14/32ch: PSNR(Y)=27.887, SSIM(Y)=0.7615
B100/32ch: PSNR(Y)=27.102, SSIM(Y)=0.7193
U100/32ch: PSNR(Y)=24.844, SSIM(Y)=0.7387
M109/32ch: PSNR(Y)=28.274, SSIM(Y)=0.8709
Set5/16ch: PSNR(Y)=30.655, SSIM(Y)=0.8681
Set14/16ch: PSNR(Y)=27.625, SSIM(Y)=0.7556
B100/16ch: PSNR(Y)=26.953, SSIM(Y)=0.7145
U100/16ch: PSNR(Y)=24.565, SSIM(Y)=0.7271
M109/16ch: PSNR(Y)=27.623, SSIM(Y)=0.8573
Epoch 199/200: Training loss=0.035636, lr=8.07e-05
Epoch 199/200: Validation combined_loss=0.045915
Validation configuration losses: 32ch=0.045126, 16ch=0.046705
Set5/32ch: PSNR(Y)=31.001, SSIM(Y)=0.8753
Set14/32ch: PSNR(Y)=27.887, SSIM(Y)=0.7615
B100/32ch: PSNR(Y)=27.102, SSIM(Y)=0.7193
U100/32ch: PSNR(Y)=24.844, SSIM(Y)=0.7387
M109/32ch: PSNR(Y)=28.276, SSIM(Y)=0.8709
Set5/16ch: PSNR(Y)=30.654, SSIM(Y)=0.8680
Set14/16ch: PSNR(Y)=27.625, SSIM(Y)=0.7557
B100/16ch: PSNR(Y)=26.953, SSIM(Y)=0.7145
U100/16ch: PSNR(Y)=24.566, SSIM(Y)=0.7271
M109/16ch: PSNR(Y)=27.624, SSIM(Y)=0.8574
Epoch 200/200: Training loss=0.035682, lr=8.02e-05
Epoch 200/200: Validation combined_loss=0.045917
Validation configuration losses: 32ch=0.045128, 16ch=0.046705
Set5/32ch: PSNR(Y)=31.000, SSIM(Y)=0.8753
Set14/32ch: PSNR(Y)=27.886, SSIM(Y)=0.7615
B100/32ch: PSNR(Y)=27.103, SSIM(Y)=0.7193
U100/32ch: PSNR(Y)=24.844, SSIM(Y)=0.7387
M109/32ch: PSNR(Y)=28.274, SSIM(Y)=0.8709
Set5/16ch: PSNR(Y)=30.653, SSIM(Y)=0.8680
Set14/16ch: PSNR(Y)=27.625, SSIM(Y)=0.7557
B100/16ch: PSNR(Y)=26.953, SSIM(Y)=0.7145
U100/16ch: PSNR(Y)=24.566, SSIM(Y)=0.7271
M109/16ch: PSNR(Y)=27.624, SSIM(Y)=0.8574
==================================================
Training Finished
==================================================
==================================================
Testing Best Model
==================================================
Set5/32ch: PSNR(Y)=31.001, SSIM(Y)=0.8753
Set14/32ch: PSNR(Y)=27.887, SSIM(Y)=0.7615
B100/32ch: PSNR(Y)=27.102, SSIM(Y)=0.7193
U100/32ch: PSNR(Y)=24.844, SSIM(Y)=0.7387
M109/32ch: PSNR(Y)=28.276, SSIM(Y)=0.8709
Set5/16ch: PSNR(Y)=30.654, SSIM(Y)=0.8680
Set14/16ch: PSNR(Y)=27.625, SSIM(Y)=0.7557
B100/16ch: PSNR(Y)=26.953, SSIM(Y)=0.7145
U100/16ch: PSNR(Y)=24.565, SSIM(Y)=0.7271
M109/16ch: PSNR(Y)=27.624, SSIM(Y)=0.8574
==================================================
Testing Bicubic Interpolation
==================================================
Set5: PSNR(Y)=28.638, SSIM(Y)=0.8129
Set14: PSNR(Y)=26.212, SSIM(Y)=0.7063
B100: PSNR(Y)=26.013, SSIM(Y)=0.6706
U100: PSNR(Y)=23.227, SSIM(Y)=0.6589
M109: PSNR(Y)=25.016, SSIM(Y)=0.7876
