使用设备: cuda
Full path: 32ch; subnet path: 16ch; blocks: 5
模型总参数量: 15,072
==================================================
Training Started
==================================================
实验名称: DPSR_x4_0815_1611
放大倍数: 4
批次大小: 64
学习率: 0.0025
最小学习率: 8e-05
训练轮数: 200
设备: cuda
模型参数数量: 15,072
训练批次: 1110
==================================================
Begin Training
Epoch 1/200: Training loss=0.047169, lr=3.00e-04
Epoch 1/200: Validation combined_loss=0.055416
Validation configuration losses: 32ch=0.054784, 16ch=0.056048
Set5/32ch: PSNR(Y)=28.568, SSIM(Y)=0.8108
Set14/32ch: PSNR(Y)=26.198, SSIM(Y)=0.7095
B100/32ch: PSNR(Y)=26.042, SSIM(Y)=0.6754
U100/32ch: PSNR(Y)=23.248, SSIM(Y)=0.6633
M109/32ch: PSNR(Y)=25.002, SSIM(Y)=0.7875
Set5/16ch: PSNR(Y)=28.178, SSIM(Y)=0.8015
Set14/16ch: PSNR(Y)=25.916, SSIM(Y)=0.6962
B100/16ch: PSNR(Y)=25.829, SSIM(Y)=0.6623
U100/16ch: PSNR(Y)=23.021, SSIM(Y)=0.6503
M109/16ch: PSNR(Y)=24.631, SSIM(Y)=0.7770
Model saved! Best loss: 0.055416
Epoch 2/200: Training loss=0.039596, lr=4.10e-04
Epoch 2/200: Validation combined_loss=0.053546
Validation configuration losses: 32ch=0.053239, 16ch=0.053854
Set5/32ch: PSNR(Y)=29.155, SSIM(Y)=0.8257
Set14/32ch: PSNR(Y)=26.571, SSIM(Y)=0.7246
B100/32ch: PSNR(Y)=26.311, SSIM(Y)=0.6900
U100/32ch: PSNR(Y)=23.547, SSIM(Y)=0.6772
M109/32ch: PSNR(Y)=25.496, SSIM(Y)=0.7985
Set5/16ch: PSNR(Y)=28.835, SSIM(Y)=0.8194
Set14/16ch: PSNR(Y)=26.382, SSIM(Y)=0.7189
B100/16ch: PSNR(Y)=26.180, SSIM(Y)=0.6846
U100/16ch: PSNR(Y)=23.399, SSIM(Y)=0.6725
M109/16ch: PSNR(Y)=25.228, SSIM(Y)=0.7949
Model saved! Best loss: 0.053546
Epoch 3/200: Training loss=0.038748, lr=5.20e-04
Epoch 3/200: Validation combined_loss=0.053002
Validation configuration losses: 32ch=0.052851, 16ch=0.053153
Set5/32ch: PSNR(Y)=29.263, SSIM(Y)=0.8282
Set14/32ch: PSNR(Y)=26.641, SSIM(Y)=0.7272
B100/32ch: PSNR(Y)=26.355, SSIM(Y)=0.6922
U100/32ch: PSNR(Y)=23.601, SSIM(Y)=0.6795
M109/32ch: PSNR(Y)=25.588, SSIM(Y)=0.8003
Set5/16ch: PSNR(Y)=29.177, SSIM(Y)=0.8261
Set14/16ch: PSNR(Y)=26.581, SSIM(Y)=0.7253
B100/16ch: PSNR(Y)=26.321, SSIM(Y)=0.6909
U100/16ch: PSNR(Y)=23.560, SSIM(Y)=0.6777
M109/16ch: PSNR(Y)=25.504, SSIM(Y)=0.7985
Model saved! Best loss: 0.053002
Epoch 4/200: Training loss=0.038502, lr=6.30e-04
Epoch 4/200: Validation combined_loss=0.052739
Validation configuration losses: 32ch=0.052520, 16ch=0.052958
Set5/32ch: PSNR(Y)=29.323, SSIM(Y)=0.8299
Set14/32ch: PSNR(Y)=26.682, SSIM(Y)=0.7289
B100/32ch: PSNR(Y)=26.383, SSIM(Y)=0.6938
U100/32ch: PSNR(Y)=23.630, SSIM(Y)=0.6812
M109/32ch: PSNR(Y)=25.641, SSIM(Y)=0.8021
Set5/16ch: PSNR(Y)=29.242, SSIM(Y)=0.8280
Set14/16ch: PSNR(Y)=26.625, SSIM(Y)=0.7271
B100/16ch: PSNR(Y)=26.349, SSIM(Y)=0.6924
U100/16ch: PSNR(Y)=23.592, SSIM(Y)=0.6793
M109/16ch: PSNR(Y)=25.565, SSIM(Y)=0.7999
Model saved! Best loss: 0.052739
Epoch 5/200: Training loss=0.038325, lr=7.40e-04
Epoch 5/200: Validation combined_loss=0.052509
Validation configuration losses: 32ch=0.052240, 16ch=0.052779
Set5/32ch: PSNR(Y)=29.384, SSIM(Y)=0.8316
Set14/32ch: PSNR(Y)=26.725, SSIM(Y)=0.7304
B100/32ch: PSNR(Y)=26.412, SSIM(Y)=0.6951
U100/32ch: PSNR(Y)=23.660, SSIM(Y)=0.6829
M109/32ch: PSNR(Y)=25.693, SSIM(Y)=0.8039
Set5/16ch: PSNR(Y)=29.288, SSIM(Y)=0.8294
Set14/16ch: PSNR(Y)=26.658, SSIM(Y)=0.7285
B100/16ch: PSNR(Y)=26.372, SSIM(Y)=0.6935
U100/16ch: PSNR(Y)=23.615, SSIM(Y)=0.6807
M109/16ch: PSNR(Y)=25.605, SSIM(Y)=0.8013
Model saved! Best loss: 0.052509
Epoch 6/200: Training loss=0.038238, lr=8.50e-04
Epoch 6/200: Validation combined_loss=0.052254
Validation configuration losses: 32ch=0.051902, 16ch=0.052607
Set5/32ch: PSNR(Y)=29.471, SSIM(Y)=0.8341
Set14/32ch: PSNR(Y)=26.788, SSIM(Y)=0.7325
B100/32ch: PSNR(Y)=26.448, SSIM(Y)=0.6966
U100/32ch: PSNR(Y)=23.702, SSIM(Y)=0.6853
M109/32ch: PSNR(Y)=25.767, SSIM(Y)=0.8066
Set5/16ch: PSNR(Y)=29.332, SSIM(Y)=0.8306
Set14/16ch: PSNR(Y)=26.690, SSIM(Y)=0.7297
B100/16ch: PSNR(Y)=26.392, SSIM(Y)=0.6944
U100/16ch: PSNR(Y)=23.638, SSIM(Y)=0.6819
M109/16ch: PSNR(Y)=25.642, SSIM(Y)=0.8026
Model saved! Best loss: 0.052254
Epoch 7/200: Training loss=0.038081, lr=9.60e-04
Epoch 7/200: Validation combined_loss=0.051952
Validation configuration losses: 32ch=0.051459, 16ch=0.052446
Set5/32ch: PSNR(Y)=29.581, SSIM(Y)=0.8377
Set14/32ch: PSNR(Y)=26.869, SSIM(Y)=0.7350
B100/32ch: PSNR(Y)=26.498, SSIM(Y)=0.6984
U100/32ch: PSNR(Y)=23.763, SSIM(Y)=0.6887
M109/32ch: PSNR(Y)=25.882, SSIM(Y)=0.8107
Set5/16ch: PSNR(Y)=29.373, SSIM(Y)=0.8316
Set14/16ch: PSNR(Y)=26.721, SSIM(Y)=0.7306
B100/16ch: PSNR(Y)=26.410, SSIM(Y)=0.6952
U100/16ch: PSNR(Y)=23.659, SSIM(Y)=0.6830
M109/16ch: PSNR(Y)=25.677, SSIM(Y)=0.8036
Model saved! Best loss: 0.051952
Epoch 8/200: Training loss=0.037986, lr=1.07e-03
Epoch 8/200: Validation combined_loss=0.051617
Validation configuration losses: 32ch=0.050983, 16ch=0.052252
Set5/32ch: PSNR(Y)=29.691, SSIM(Y)=0.8414
Set14/32ch: PSNR(Y)=26.951, SSIM(Y)=0.7374
B100/32ch: PSNR(Y)=26.546, SSIM(Y)=0.7000
U100/32ch: PSNR(Y)=23.830, SSIM(Y)=0.6924
M109/32ch: PSNR(Y)=26.012, SSIM(Y)=0.8152
Set5/16ch: PSNR(Y)=29.427, SSIM(Y)=0.8330
Set14/16ch: PSNR(Y)=26.762, SSIM(Y)=0.7318
B100/16ch: PSNR(Y)=26.435, SSIM(Y)=0.6961
U100/16ch: PSNR(Y)=23.686, SSIM(Y)=0.6843
M109/16ch: PSNR(Y)=25.724, SSIM(Y)=0.8048
Model saved! Best loss: 0.051617
Epoch 9/200: Training loss=0.037795, lr=1.18e-03
Epoch 9/200: Validation combined_loss=0.051258
Validation configuration losses: 32ch=0.050523, 16ch=0.051992
Set5/32ch: PSNR(Y)=29.797, SSIM(Y)=0.8449
Set14/32ch: PSNR(Y)=27.027, SSIM(Y)=0.7395
B100/32ch: PSNR(Y)=26.589, SSIM(Y)=0.7015
U100/32ch: PSNR(Y)=23.895, SSIM(Y)=0.6960
M109/32ch: PSNR(Y)=26.136, SSIM(Y)=0.8196
Set5/16ch: PSNR(Y)=29.495, SSIM(Y)=0.8352
Set14/16ch: PSNR(Y)=26.812, SSIM(Y)=0.7332
B100/16ch: PSNR(Y)=26.464, SSIM(Y)=0.6971
U100/16ch: PSNR(Y)=23.718, SSIM(Y)=0.6861
M109/16ch: PSNR(Y)=25.782, SSIM(Y)=0.8069
Model saved! Best loss: 0.051258
Epoch 10/200: Training loss=0.037646, lr=1.29e-03
Epoch 10/200: Validation combined_loss=0.050880
Validation configuration losses: 32ch=0.050070, 16ch=0.051689
Set5/32ch: PSNR(Y)=29.906, SSIM(Y)=0.8485
Set14/32ch: PSNR(Y)=27.103, SSIM(Y)=0.7417
B100/32ch: PSNR(Y)=26.630, SSIM(Y)=0.7029
U100/32ch: PSNR(Y)=23.962, SSIM(Y)=0.6996
M109/32ch: PSNR(Y)=26.262, SSIM(Y)=0.8240
Set5/16ch: PSNR(Y)=29.566, SSIM(Y)=0.8375
Set14/16ch: PSNR(Y)=26.864, SSIM(Y)=0.7347
B100/16ch: PSNR(Y)=26.493, SSIM(Y)=0.6981
U100/16ch: PSNR(Y)=23.753, SSIM(Y)=0.6882
M109/16ch: PSNR(Y)=25.852, SSIM(Y)=0.8095
Model saved! Best loss: 0.050880
Epoch 11/200: Training loss=0.037541, lr=1.40e-03
Epoch 11/200: Validation combined_loss=0.050511
Validation configuration losses: 32ch=0.049652, 16ch=0.051369
Set5/32ch: PSNR(Y)=30.006, SSIM(Y)=0.8516
Set14/32ch: PSNR(Y)=27.177, SSIM(Y)=0.7438
B100/32ch: PSNR(Y)=26.670, SSIM(Y)=0.7043
U100/32ch: PSNR(Y)=24.031, SSIM(Y)=0.7031
M109/32ch: PSNR(Y)=26.391, SSIM(Y)=0.8282
Set5/16ch: PSNR(Y)=29.640, SSIM(Y)=0.8401
Set14/16ch: PSNR(Y)=26.918, SSIM(Y)=0.7363
B100/16ch: PSNR(Y)=26.523, SSIM(Y)=0.6991
U100/16ch: PSNR(Y)=23.794, SSIM(Y)=0.6905
M109/16ch: PSNR(Y)=25.935, SSIM(Y)=0.8125
Model saved! Best loss: 0.050511
Epoch 12/200: Training loss=0.037421, lr=1.51e-03
Epoch 12/200: Validation combined_loss=0.050166
Validation configuration losses: 32ch=0.049292, 16ch=0.051040
Set5/32ch: PSNR(Y)=30.094, SSIM(Y)=0.8542
Set14/32ch: PSNR(Y)=27.240, SSIM(Y)=0.7456
B100/32ch: PSNR(Y)=26.705, SSIM(Y)=0.7055
U100/32ch: PSNR(Y)=24.096, SSIM(Y)=0.7062
M109/32ch: PSNR(Y)=26.514, SSIM(Y)=0.8318
Set5/16ch: PSNR(Y)=29.718, SSIM(Y)=0.8429
Set14/16ch: PSNR(Y)=26.972, SSIM(Y)=0.7378
B100/16ch: PSNR(Y)=26.555, SSIM(Y)=0.7002
U100/16ch: PSNR(Y)=23.839, SSIM(Y)=0.6931
M109/16ch: PSNR(Y)=26.026, SSIM(Y)=0.8158
Model saved! Best loss: 0.050166
Epoch 13/200: Training loss=0.037332, lr=1.62e-03
Epoch 13/200: Validation combined_loss=0.049847
Validation configuration losses: 32ch=0.048984, 16ch=0.050710
Set5/32ch: PSNR(Y)=30.169, SSIM(Y)=0.8563
Set14/32ch: PSNR(Y)=27.295, SSIM(Y)=0.7470
B100/32ch: PSNR(Y)=26.737, SSIM(Y)=0.7065
U100/32ch: PSNR(Y)=24.153, SSIM(Y)=0.7088
M109/32ch: PSNR(Y)=26.622, SSIM(Y)=0.8350
Set5/16ch: PSNR(Y)=29.792, SSIM(Y)=0.8455
Set14/16ch: PSNR(Y)=27.025, SSIM(Y)=0.7394
B100/16ch: PSNR(Y)=26.587, SSIM(Y)=0.7013
U100/16ch: PSNR(Y)=23.887, SSIM(Y)=0.6958
M109/16ch: PSNR(Y)=26.120, SSIM(Y)=0.8192
Model saved! Best loss: 0.049847
Epoch 14/200: Training loss=0.037120, lr=1.73e-03
Epoch 14/200: Validation combined_loss=0.049551
Validation configuration losses: 32ch=0.048711, 16ch=0.050391
Set5/32ch: PSNR(Y)=30.233, SSIM(Y)=0.8581
Set14/32ch: PSNR(Y)=27.341, SSIM(Y)=0.7483
B100/32ch: PSNR(Y)=26.764, SSIM(Y)=0.7074
U100/32ch: PSNR(Y)=24.201, SSIM(Y)=0.7111
M109/32ch: PSNR(Y)=26.719, SSIM(Y)=0.8377
Set5/16ch: PSNR(Y)=29.862, SSIM(Y)=0.8478
Set14/16ch: PSNR(Y)=27.078, SSIM(Y)=0.7409
B100/16ch: PSNR(Y)=26.619, SSIM(Y)=0.7023
U100/16ch: PSNR(Y)=23.935, SSIM(Y)=0.6984
M109/16ch: PSNR(Y)=26.211, SSIM(Y)=0.8224
Model saved! Best loss: 0.049551
Epoch 15/200: Training loss=0.037111, lr=1.84e-03
Epoch 15/200: Validation combined_loss=0.049268
Validation configuration losses: 32ch=0.048447, 16ch=0.050089
Set5/32ch: PSNR(Y)=30.295, SSIM(Y)=0.8598
Set14/32ch: PSNR(Y)=27.381, SSIM(Y)=0.7495
B100/32ch: PSNR(Y)=26.788, SSIM(Y)=0.7083
U100/32ch: PSNR(Y)=24.246, SSIM(Y)=0.7133
M109/32ch: PSNR(Y)=26.813, SSIM(Y)=0.8403
Set5/16ch: PSNR(Y)=29.931, SSIM(Y)=0.8499
Set14/16ch: PSNR(Y)=27.127, SSIM(Y)=0.7423
B100/16ch: PSNR(Y)=26.648, SSIM(Y)=0.7032
U100/16ch: PSNR(Y)=23.981, SSIM(Y)=0.7008
M109/16ch: PSNR(Y)=26.299, SSIM(Y)=0.8254
Model saved! Best loss: 0.049268
Epoch 16/200: Training loss=0.037053, lr=1.95e-03
Epoch 16/200: Validation combined_loss=0.049016
Validation configuration losses: 32ch=0.048202, 16ch=0.049829
Set5/32ch: PSNR(Y)=30.348, SSIM(Y)=0.8611
Set14/32ch: PSNR(Y)=27.421, SSIM(Y)=0.7507
B100/32ch: PSNR(Y)=26.810, SSIM(Y)=0.7091
U100/32ch: PSNR(Y)=24.289, SSIM(Y)=0.7154
M109/32ch: PSNR(Y)=26.905, SSIM(Y)=0.8428
Set5/16ch: PSNR(Y)=29.993, SSIM(Y)=0.8516
Set14/16ch: PSNR(Y)=27.171, SSIM(Y)=0.7436
B100/16ch: PSNR(Y)=26.673, SSIM(Y)=0.7041
U100/16ch: PSNR(Y)=24.022, SSIM(Y)=0.7027
M109/16ch: PSNR(Y)=26.378, SSIM(Y)=0.8279
Model saved! Best loss: 0.049016
Epoch 17/200: Training loss=0.036926, lr=2.06e-03
Epoch 17/200: Validation combined_loss=0.048797
Validation configuration losses: 32ch=0.047988, 16ch=0.049606
Set5/32ch: PSNR(Y)=30.394, SSIM(Y)=0.8622
Set14/32ch: PSNR(Y)=27.455, SSIM(Y)=0.7515
B100/32ch: PSNR(Y)=26.828, SSIM(Y)=0.7097
U100/32ch: PSNR(Y)=24.326, SSIM(Y)=0.7171
M109/32ch: PSNR(Y)=26.984, SSIM(Y)=0.8448
Set5/16ch: PSNR(Y)=30.045, SSIM(Y)=0.8532
Set14/16ch: PSNR(Y)=27.208, SSIM(Y)=0.7446
B100/16ch: PSNR(Y)=26.693, SSIM(Y)=0.7048
U100/16ch: PSNR(Y)=24.057, SSIM(Y)=0.7044
M109/16ch: PSNR(Y)=26.445, SSIM(Y)=0.8300
Model saved! Best loss: 0.048797
Epoch 18/200: Training loss=0.036845, lr=2.17e-03
Epoch 18/200: Validation combined_loss=0.048599
Validation configuration losses: 32ch=0.047791, 16ch=0.049407
Set5/32ch: PSNR(Y)=30.432, SSIM(Y)=0.8631
Set14/32ch: PSNR(Y)=27.483, SSIM(Y)=0.7522
B100/32ch: PSNR(Y)=26.844, SSIM(Y)=0.7102
U100/32ch: PSNR(Y)=24.361, SSIM(Y)=0.7186
M109/32ch: PSNR(Y)=27.057, SSIM(Y)=0.8467
Set5/16ch: PSNR(Y)=30.090, SSIM(Y)=0.8545
Set14/16ch: PSNR(Y)=27.237, SSIM(Y)=0.7454
B100/16ch: PSNR(Y)=26.709, SSIM(Y)=0.7054
U100/16ch: PSNR(Y)=24.087, SSIM(Y)=0.7059
M109/16ch: PSNR(Y)=26.505, SSIM(Y)=0.8319
Model saved! Best loss: 0.048599
Epoch 19/200: Training loss=0.036791, lr=2.28e-03
Epoch 19/200: Validation combined_loss=0.048424
Validation configuration losses: 32ch=0.047611, 16ch=0.049237
Set5/32ch: PSNR(Y)=30.465, SSIM(Y)=0.8639
Set14/32ch: PSNR(Y)=27.508, SSIM(Y)=0.7529
B100/32ch: PSNR(Y)=26.858, SSIM(Y)=0.7108
U100/32ch: PSNR(Y)=24.392, SSIM(Y)=0.7200
M109/32ch: PSNR(Y)=27.124, SSIM(Y)=0.8484
Set5/16ch: PSNR(Y)=30.127, SSIM(Y)=0.8555
Set14/16ch: PSNR(Y)=27.261, SSIM(Y)=0.7462
B100/16ch: PSNR(Y)=26.723, SSIM(Y)=0.7059
U100/16ch: PSNR(Y)=24.114, SSIM(Y)=0.7073
M109/16ch: PSNR(Y)=26.558, SSIM(Y)=0.8335
Model saved! Best loss: 0.048424
Epoch 20/200: Training loss=0.036723, lr=2.39e-03
Epoch 20/200: Validation combined_loss=0.048267
Validation configuration losses: 32ch=0.047447, 16ch=0.049086
Set5/32ch: PSNR(Y)=30.496, SSIM(Y)=0.8647
Set14/32ch: PSNR(Y)=27.531, SSIM(Y)=0.7535
B100/32ch: PSNR(Y)=26.871, SSIM(Y)=0.7113
U100/32ch: PSNR(Y)=24.419, SSIM(Y)=0.7213
M109/32ch: PSNR(Y)=27.191, SSIM(Y)=0.8500
Set5/16ch: PSNR(Y)=30.157, SSIM(Y)=0.8563
Set14/16ch: PSNR(Y)=27.284, SSIM(Y)=0.7469
B100/16ch: PSNR(Y)=26.735, SSIM(Y)=0.7063
U100/16ch: PSNR(Y)=24.139, SSIM(Y)=0.7086
M109/16ch: PSNR(Y)=26.607, SSIM(Y)=0.8351
Model saved! Best loss: 0.048267
Epoch 21/200: Training loss=0.036720, lr=2.50e-03
Epoch 21/200: Validation combined_loss=0.048112
Validation configuration losses: 32ch=0.047286, 16ch=0.048938
Set5/32ch: PSNR(Y)=30.514, SSIM(Y)=0.8652
Set14/32ch: PSNR(Y)=27.551, SSIM(Y)=0.7541
B100/32ch: PSNR(Y)=26.882, SSIM(Y)=0.7117
U100/32ch: PSNR(Y)=24.446, SSIM(Y)=0.7225
M109/32ch: PSNR(Y)=27.258, SSIM(Y)=0.8516
Set5/16ch: PSNR(Y)=30.185, SSIM(Y)=0.8570
Set14/16ch: PSNR(Y)=27.305, SSIM(Y)=0.7475
B100/16ch: PSNR(Y)=26.747, SSIM(Y)=0.7067
U100/16ch: PSNR(Y)=24.163, SSIM(Y)=0.7098
M109/16ch: PSNR(Y)=26.654, SSIM(Y)=0.8365
Model saved! Best loss: 0.048112
Epoch 22/200: Training loss=0.036576, lr=2.50e-03
Epoch 22/200: Validation combined_loss=0.047952
Validation configuration losses: 32ch=0.047120, 16ch=0.048784
Set5/32ch: PSNR(Y)=30.533, SSIM(Y)=0.8657
Set14/32ch: PSNR(Y)=27.573, SSIM(Y)=0.7548
B100/32ch: PSNR(Y)=26.896, SSIM(Y)=0.7121
U100/32ch: PSNR(Y)=24.473, SSIM(Y)=0.7238
M109/32ch: PSNR(Y)=27.329, SSIM(Y)=0.8533
Set5/16ch: PSNR(Y)=30.214, SSIM(Y)=0.8577
Set14/16ch: PSNR(Y)=27.323, SSIM(Y)=0.7481
B100/16ch: PSNR(Y)=26.757, SSIM(Y)=0.7071
U100/16ch: PSNR(Y)=24.186, SSIM(Y)=0.7110
M109/16ch: PSNR(Y)=26.710, SSIM(Y)=0.8380
Model saved! Best loss: 0.047952
Epoch 23/200: Training loss=0.036578, lr=2.50e-03
Epoch 23/200: Validation combined_loss=0.047800
Validation configuration losses: 32ch=0.046960, 16ch=0.048640
Set5/32ch: PSNR(Y)=30.558, SSIM(Y)=0.8664
Set14/32ch: PSNR(Y)=27.596, SSIM(Y)=0.7556
B100/32ch: PSNR(Y)=26.910, SSIM(Y)=0.7128
U100/32ch: PSNR(Y)=24.502, SSIM(Y)=0.7252
M109/32ch: PSNR(Y)=27.399, SSIM(Y)=0.8548
Set5/16ch: PSNR(Y)=30.246, SSIM(Y)=0.8585
Set14/16ch: PSNR(Y)=27.343, SSIM(Y)=0.7488
B100/16ch: PSNR(Y)=26.768, SSIM(Y)=0.7077
U100/16ch: PSNR(Y)=24.209, SSIM(Y)=0.7121
M109/16ch: PSNR(Y)=26.768, SSIM(Y)=0.8394
Model saved! Best loss: 0.047800
Epoch 24/200: Training loss=0.036467, lr=2.50e-03
Epoch 24/200: Validation combined_loss=0.047654
Validation configuration losses: 32ch=0.046806, 16ch=0.048503
Set5/32ch: PSNR(Y)=30.592, SSIM(Y)=0.8672
Set14/32ch: PSNR(Y)=27.621, SSIM(Y)=0.7563
B100/32ch: PSNR(Y)=26.924, SSIM(Y)=0.7134
U100/32ch: PSNR(Y)=24.530, SSIM(Y)=0.7266
M109/32ch: PSNR(Y)=27.473, SSIM(Y)=0.8565
Set5/16ch: PSNR(Y)=30.280, SSIM(Y)=0.8593
Set14/16ch: PSNR(Y)=27.365, SSIM(Y)=0.7494
B100/16ch: PSNR(Y)=26.778, SSIM(Y)=0.7081
U100/16ch: PSNR(Y)=24.231, SSIM(Y)=0.7133
M109/16ch: PSNR(Y)=26.826, SSIM(Y)=0.8408
Model saved! Best loss: 0.047654
Epoch 25/200: Training loss=0.036458, lr=2.50e-03
Epoch 25/200: Validation combined_loss=0.047516
Validation configuration losses: 32ch=0.046661, 16ch=0.048371
Set5/32ch: PSNR(Y)=30.630, SSIM(Y)=0.8679
Set14/32ch: PSNR(Y)=27.644, SSIM(Y)=0.7569
B100/32ch: PSNR(Y)=26.935, SSIM(Y)=0.7139
U100/32ch: PSNR(Y)=24.555, SSIM(Y)=0.7276
M109/32ch: PSNR(Y)=27.544, SSIM(Y)=0.8581
Set5/16ch: PSNR(Y)=30.312, SSIM(Y)=0.8600
Set14/16ch: PSNR(Y)=27.384, SSIM(Y)=0.7500
B100/16ch: PSNR(Y)=26.787, SSIM(Y)=0.7086
U100/16ch: PSNR(Y)=24.252, SSIM(Y)=0.7144
M109/16ch: PSNR(Y)=26.879, SSIM(Y)=0.8422
Model saved! Best loss: 0.047516
Epoch 26/200: Training loss=0.036399, lr=2.50e-03
Epoch 26/200: Validation combined_loss=0.047387
Validation configuration losses: 32ch=0.046525, 16ch=0.048249
Set5/32ch: PSNR(Y)=30.666, SSIM(Y)=0.8686
Set14/32ch: PSNR(Y)=27.669, SSIM(Y)=0.7574
B100/32ch: PSNR(Y)=26.949, SSIM(Y)=0.7143
U100/32ch: PSNR(Y)=24.577, SSIM(Y)=0.7285
M109/32ch: PSNR(Y)=27.608, SSIM(Y)=0.8594
Set5/16ch: PSNR(Y)=30.337, SSIM(Y)=0.8606
Set14/16ch: PSNR(Y)=27.403, SSIM(Y)=0.7505
B100/16ch: PSNR(Y)=26.797, SSIM(Y)=0.7090
U100/16ch: PSNR(Y)=24.272, SSIM(Y)=0.7153
M109/16ch: PSNR(Y)=26.923, SSIM(Y)=0.8433
Model saved! Best loss: 0.047387
Epoch 27/200: Training loss=0.036338, lr=2.49e-03
Epoch 27/200: Validation combined_loss=0.047279
Validation configuration losses: 32ch=0.046413, 16ch=0.048144
Set5/32ch: PSNR(Y)=30.695, SSIM(Y)=0.8692
Set14/32ch: PSNR(Y)=27.688, SSIM(Y)=0.7578
B100/32ch: PSNR(Y)=26.960, SSIM(Y)=0.7147
U100/32ch: PSNR(Y)=24.594, SSIM(Y)=0.7291
M109/32ch: PSNR(Y)=27.657, SSIM(Y)=0.8604
Set5/16ch: PSNR(Y)=30.358, SSIM(Y)=0.8611
Set14/16ch: PSNR(Y)=27.419, SSIM(Y)=0.7509
B100/16ch: PSNR(Y)=26.806, SSIM(Y)=0.7092
U100/16ch: PSNR(Y)=24.289, SSIM(Y)=0.7161
M109/16ch: PSNR(Y)=26.956, SSIM(Y)=0.8442
Model saved! Best loss: 0.047279
Epoch 28/200: Training loss=0.036330, lr=2.49e-03
Epoch 28/200: Validation combined_loss=0.047181
Validation configuration losses: 32ch=0.046315, 16ch=0.048047
Set5/32ch: PSNR(Y)=30.714, SSIM(Y)=0.8696
Set14/32ch: PSNR(Y)=27.706, SSIM(Y)=0.7582
B100/32ch: PSNR(Y)=26.971, SSIM(Y)=0.7150
U100/32ch: PSNR(Y)=24.608, SSIM(Y)=0.7298
M109/32ch: PSNR(Y)=27.700, SSIM(Y)=0.8613
Set5/16ch: PSNR(Y)=30.375, SSIM(Y)=0.8615
Set14/16ch: PSNR(Y)=27.432, SSIM(Y)=0.7512
B100/16ch: PSNR(Y)=26.815, SSIM(Y)=0.7095
U100/16ch: PSNR(Y)=24.305, SSIM(Y)=0.7168
M109/16ch: PSNR(Y)=26.986, SSIM(Y)=0.8450
Model saved! Best loss: 0.047181
Epoch 29/200: Training loss=0.036322, lr=2.49e-03
Epoch 29/200: Validation combined_loss=0.047101
Validation configuration losses: 32ch=0.046235, 16ch=0.047968
Set5/32ch: PSNR(Y)=30.730, SSIM(Y)=0.8699
Set14/32ch: PSNR(Y)=27.720, SSIM(Y)=0.7585
B100/32ch: PSNR(Y)=26.980, SSIM(Y)=0.7153
U100/32ch: PSNR(Y)=24.620, SSIM(Y)=0.7303
M109/32ch: PSNR(Y)=27.735, SSIM(Y)=0.8620
Set5/16ch: PSNR(Y)=30.387, SSIM(Y)=0.8618
Set14/16ch: PSNR(Y)=27.441, SSIM(Y)=0.7515
B100/16ch: PSNR(Y)=26.822, SSIM(Y)=0.7097
U100/16ch: PSNR(Y)=24.319, SSIM(Y)=0.7174
M109/16ch: PSNR(Y)=27.010, SSIM(Y)=0.8456
Model saved! Best loss: 0.047101
Epoch 30/200: Training loss=0.036226, lr=2.49e-03
Epoch 30/200: Validation combined_loss=0.047031
Validation configuration losses: 32ch=0.046166, 16ch=0.047896
Set5/32ch: PSNR(Y)=30.751, SSIM(Y)=0.8703
Set14/32ch: PSNR(Y)=27.732, SSIM(Y)=0.7587
B100/32ch: PSNR(Y)=26.988, SSIM(Y)=0.7156
U100/32ch: PSNR(Y)=24.631, SSIM(Y)=0.7308
M109/32ch: PSNR(Y)=27.766, SSIM(Y)=0.8627
Set5/16ch: PSNR(Y)=30.397, SSIM(Y)=0.8620
Set14/16ch: PSNR(Y)=27.449, SSIM(Y)=0.7517
B100/16ch: PSNR(Y)=26.829, SSIM(Y)=0.7099
U100/16ch: PSNR(Y)=24.332, SSIM(Y)=0.7179
M109/16ch: PSNR(Y)=27.037, SSIM(Y)=0.8462
Model saved! Best loss: 0.047031
Epoch 31/200: Training loss=0.036269, lr=2.48e-03
Epoch 31/200: Validation combined_loss=0.046969
Validation configuration losses: 32ch=0.046103, 16ch=0.047836
Set5/32ch: PSNR(Y)=30.764, SSIM(Y)=0.8705
Set14/32ch: PSNR(Y)=27.740, SSIM(Y)=0.7590
B100/32ch: PSNR(Y)=26.995, SSIM(Y)=0.7158
U100/32ch: PSNR(Y)=24.642, SSIM(Y)=0.7312
M109/32ch: PSNR(Y)=27.791, SSIM(Y)=0.8633
Set5/16ch: PSNR(Y)=30.403, SSIM(Y)=0.8622
Set14/16ch: PSNR(Y)=27.456, SSIM(Y)=0.7520
B100/16ch: PSNR(Y)=26.835, SSIM(Y)=0.7102
U100/16ch: PSNR(Y)=24.343, SSIM(Y)=0.7184
M109/16ch: PSNR(Y)=27.060, SSIM(Y)=0.8468
Model saved! Best loss: 0.046969
Epoch 32/200: Training loss=0.036256, lr=2.48e-03
Epoch 32/200: Validation combined_loss=0.046909
Validation configuration losses: 32ch=0.046034, 16ch=0.047783
Set5/32ch: PSNR(Y)=30.780, SSIM(Y)=0.8708
Set14/32ch: PSNR(Y)=27.751, SSIM(Y)=0.7592
B100/32ch: PSNR(Y)=27.001, SSIM(Y)=0.7160
U100/32ch: PSNR(Y)=24.652, SSIM(Y)=0.7316
M109/32ch: PSNR(Y)=27.821, SSIM(Y)=0.8640
Set5/16ch: PSNR(Y)=30.409, SSIM(Y)=0.8624
Set14/16ch: PSNR(Y)=27.463, SSIM(Y)=0.7522
B100/16ch: PSNR(Y)=26.841, SSIM(Y)=0.7104
U100/16ch: PSNR(Y)=24.352, SSIM(Y)=0.7188
M109/16ch: PSNR(Y)=27.081, SSIM(Y)=0.8472
Model saved! Best loss: 0.046909
Epoch 33/200: Training loss=0.036244, lr=2.47e-03
Epoch 33/200: Validation combined_loss=0.046860
Validation configuration losses: 32ch=0.045980, 16ch=0.047741
Set5/32ch: PSNR(Y)=30.796, SSIM(Y)=0.8711
Set14/32ch: PSNR(Y)=27.759, SSIM(Y)=0.7594
B100/32ch: PSNR(Y)=27.006, SSIM(Y)=0.7162
U100/32ch: PSNR(Y)=24.661, SSIM(Y)=0.7320
M109/32ch: PSNR(Y)=27.841, SSIM(Y)=0.8645
Set5/16ch: PSNR(Y)=30.415, SSIM(Y)=0.8625
Set14/16ch: PSNR(Y)=27.469, SSIM(Y)=0.7523
B100/16ch: PSNR(Y)=26.844, SSIM(Y)=0.7105
U100/16ch: PSNR(Y)=24.360, SSIM(Y)=0.7191
M109/16ch: PSNR(Y)=27.097, SSIM(Y)=0.8476
Model saved! Best loss: 0.046860
Epoch 34/200: Training loss=0.036192, lr=2.47e-03
Epoch 34/200: Validation combined_loss=0.046817
Validation configuration losses: 32ch=0.045926, 16ch=0.047709
Set5/32ch: PSNR(Y)=30.812, SSIM(Y)=0.8714
Set14/32ch: PSNR(Y)=27.766, SSIM(Y)=0.7595
B100/32ch: PSNR(Y)=27.011, SSIM(Y)=0.7163
U100/32ch: PSNR(Y)=24.670, SSIM(Y)=0.7323
M109/32ch: PSNR(Y)=27.866, SSIM(Y)=0.8650
Set5/16ch: PSNR(Y)=30.421, SSIM(Y)=0.8625
Set14/16ch: PSNR(Y)=27.473, SSIM(Y)=0.7524
B100/16ch: PSNR(Y)=26.847, SSIM(Y)=0.7106
U100/16ch: PSNR(Y)=24.365, SSIM(Y)=0.7194
M109/16ch: PSNR(Y)=27.110, SSIM(Y)=0.8479
Model saved! Best loss: 0.046817
Epoch 35/200: Training loss=0.036231, lr=2.46e-03
Epoch 35/200: Validation combined_loss=0.046775
Validation configuration losses: 32ch=0.045875, 16ch=0.047675
Set5/32ch: PSNR(Y)=30.825, SSIM(Y)=0.8716
Set14/32ch: PSNR(Y)=27.772, SSIM(Y)=0.7596
B100/32ch: PSNR(Y)=27.015, SSIM(Y)=0.7165
U100/32ch: PSNR(Y)=24.678, SSIM(Y)=0.7327
M109/32ch: PSNR(Y)=27.889, SSIM(Y)=0.8655
Set5/16ch: PSNR(Y)=30.429, SSIM(Y)=0.8627
Set14/16ch: PSNR(Y)=27.478, SSIM(Y)=0.7526
B100/16ch: PSNR(Y)=26.850, SSIM(Y)=0.7108
U100/16ch: PSNR(Y)=24.371, SSIM(Y)=0.7196
M109/16ch: PSNR(Y)=27.124, SSIM(Y)=0.8482
Model saved! Best loss: 0.046775
Epoch 36/200: Training loss=0.036152, lr=2.46e-03
Epoch 36/200: Validation combined_loss=0.046736
Validation configuration losses: 32ch=0.045829, 16ch=0.047643
Set5/32ch: PSNR(Y)=30.837, SSIM(Y)=0.8718
Set14/32ch: PSNR(Y)=27.777, SSIM(Y)=0.7597
B100/32ch: PSNR(Y)=27.018, SSIM(Y)=0.7166
U100/32ch: PSNR(Y)=24.685, SSIM(Y)=0.7330
M109/32ch: PSNR(Y)=27.909, SSIM(Y)=0.8659
Set5/16ch: PSNR(Y)=30.436, SSIM(Y)=0.8628
Set14/16ch: PSNR(Y)=27.482, SSIM(Y)=0.7527
B100/16ch: PSNR(Y)=26.853, SSIM(Y)=0.7109
U100/16ch: PSNR(Y)=24.375, SSIM(Y)=0.7198
M109/16ch: PSNR(Y)=27.135, SSIM(Y)=0.8485
Model saved! Best loss: 0.046736
Epoch 37/200: Training loss=0.036156, lr=2.45e-03
Epoch 37/200: Validation combined_loss=0.046699
Validation configuration losses: 32ch=0.045784, 16ch=0.047613
Set5/32ch: PSNR(Y)=30.842, SSIM(Y)=0.8719
Set14/32ch: PSNR(Y)=27.784, SSIM(Y)=0.7598
B100/32ch: PSNR(Y)=27.021, SSIM(Y)=0.7167
U100/32ch: PSNR(Y)=24.693, SSIM(Y)=0.7333
M109/32ch: PSNR(Y)=27.928, SSIM(Y)=0.8663
Set5/16ch: PSNR(Y)=30.441, SSIM(Y)=0.8629
Set14/16ch: PSNR(Y)=27.487, SSIM(Y)=0.7529
B100/16ch: PSNR(Y)=26.855, SSIM(Y)=0.7110
U100/16ch: PSNR(Y)=24.380, SSIM(Y)=0.7200
M109/16ch: PSNR(Y)=27.147, SSIM(Y)=0.8487
Model saved! Best loss: 0.046699
Epoch 38/200: Training loss=0.036165, lr=2.45e-03
Epoch 38/200: Validation combined_loss=0.046664
Validation configuration losses: 32ch=0.045743, 16ch=0.047584
Set5/32ch: PSNR(Y)=30.849, SSIM(Y)=0.8721
Set14/32ch: PSNR(Y)=27.789, SSIM(Y)=0.7599
B100/32ch: PSNR(Y)=27.024, SSIM(Y)=0.7168
U100/32ch: PSNR(Y)=24.700, SSIM(Y)=0.7335
M109/32ch: PSNR(Y)=27.944, SSIM(Y)=0.8666
Set5/16ch: PSNR(Y)=30.446, SSIM(Y)=0.8630
Set14/16ch: PSNR(Y)=27.492, SSIM(Y)=0.7530
B100/16ch: PSNR(Y)=26.857, SSIM(Y)=0.7111
U100/16ch: PSNR(Y)=24.384, SSIM(Y)=0.7202
M109/16ch: PSNR(Y)=27.158, SSIM(Y)=0.8490
Model saved! Best loss: 0.046664
Epoch 39/200: Training loss=0.036148, lr=2.44e-03
Epoch 39/200: Validation combined_loss=0.046631
Validation configuration losses: 32ch=0.045705, 16ch=0.047557
Set5/32ch: PSNR(Y)=30.857, SSIM(Y)=0.8723
Set14/32ch: PSNR(Y)=27.793, SSIM(Y)=0.7600
B100/32ch: PSNR(Y)=27.027, SSIM(Y)=0.7168
U100/32ch: PSNR(Y)=24.706, SSIM(Y)=0.7338
M109/32ch: PSNR(Y)=27.962, SSIM(Y)=0.8670
Set5/16ch: PSNR(Y)=30.454, SSIM(Y)=0.8632
Set14/16ch: PSNR(Y)=27.496, SSIM(Y)=0.7531
B100/16ch: PSNR(Y)=26.859, SSIM(Y)=0.7112
U100/16ch: PSNR(Y)=24.388, SSIM(Y)=0.7204
M109/16ch: PSNR(Y)=27.170, SSIM(Y)=0.8493
Model saved! Best loss: 0.046631
Epoch 40/200: Training loss=0.036176, lr=2.43e-03
Epoch 40/200: Validation combined_loss=0.046602
Validation configuration losses: 32ch=0.045669, 16ch=0.047535
Set5/32ch: PSNR(Y)=30.862, SSIM(Y)=0.8724
Set14/32ch: PSNR(Y)=27.796, SSIM(Y)=0.7601
B100/32ch: PSNR(Y)=27.030, SSIM(Y)=0.7169
U100/32ch: PSNR(Y)=24.710, SSIM(Y)=0.7339
M109/32ch: PSNR(Y)=27.982, SSIM(Y)=0.8673
Set5/16ch: PSNR(Y)=30.459, SSIM(Y)=0.8633
Set14/16ch: PSNR(Y)=27.500, SSIM(Y)=0.7532
B100/16ch: PSNR(Y)=26.860, SSIM(Y)=0.7112
U100/16ch: PSNR(Y)=24.392, SSIM(Y)=0.7206
M109/16ch: PSNR(Y)=27.179, SSIM(Y)=0.8495
Model saved! Best loss: 0.046602
Epoch 41/200: Training loss=0.036196, lr=2.43e-03
Epoch 41/200: Validation combined_loss=0.046576
Validation configuration losses: 32ch=0.045638, 16ch=0.047513
Set5/32ch: PSNR(Y)=30.867, SSIM(Y)=0.8726
Set14/32ch: PSNR(Y)=27.800, SSIM(Y)=0.7602
B100/32ch: PSNR(Y)=27.033, SSIM(Y)=0.7170
U100/32ch: PSNR(Y)=24.716, SSIM(Y)=0.7342
M109/32ch: PSNR(Y)=27.995, SSIM(Y)=0.8676
Set5/16ch: PSNR(Y)=30.463, SSIM(Y)=0.8634
Set14/16ch: PSNR(Y)=27.504, SSIM(Y)=0.7533
B100/16ch: PSNR(Y)=26.862, SSIM(Y)=0.7113
U100/16ch: PSNR(Y)=24.395, SSIM(Y)=0.7207
M109/16ch: PSNR(Y)=27.188, SSIM(Y)=0.8497
Model saved! Best loss: 0.046576
Epoch 42/200: Training loss=0.036148, lr=2.42e-03
Epoch 42/200: Validation combined_loss=0.046555
Validation configuration losses: 32ch=0.045615, 16ch=0.047494
Set5/32ch: PSNR(Y)=30.872, SSIM(Y)=0.8727
Set14/32ch: PSNR(Y)=27.804, SSIM(Y)=0.7603
B100/32ch: PSNR(Y)=27.035, SSIM(Y)=0.7171
U100/32ch: PSNR(Y)=24.720, SSIM(Y)=0.7343
M109/32ch: PSNR(Y)=28.007, SSIM(Y)=0.8679
Set5/16ch: PSNR(Y)=30.467, SSIM(Y)=0.8636
Set14/16ch: PSNR(Y)=27.507, SSIM(Y)=0.7533
B100/16ch: PSNR(Y)=26.863, SSIM(Y)=0.7114
U100/16ch: PSNR(Y)=24.398, SSIM(Y)=0.7208
M109/16ch: PSNR(Y)=27.195, SSIM(Y)=0.8499
Model saved! Best loss: 0.046555
Epoch 43/200: Training loss=0.036091, lr=2.41e-03
Epoch 43/200: Validation combined_loss=0.046536
Validation configuration losses: 32ch=0.045595, 16ch=0.047477
Set5/32ch: PSNR(Y)=30.876, SSIM(Y)=0.8728
Set14/32ch: PSNR(Y)=27.808, SSIM(Y)=0.7604
B100/32ch: PSNR(Y)=27.037, SSIM(Y)=0.7172
U100/32ch: PSNR(Y)=24.723, SSIM(Y)=0.7345
M109/32ch: PSNR(Y)=28.016, SSIM(Y)=0.8681
Set5/16ch: PSNR(Y)=30.472, SSIM(Y)=0.8637
Set14/16ch: PSNR(Y)=27.510, SSIM(Y)=0.7534
B100/16ch: PSNR(Y)=26.864, SSIM(Y)=0.7114
U100/16ch: PSNR(Y)=24.401, SSIM(Y)=0.7210
M109/16ch: PSNR(Y)=27.202, SSIM(Y)=0.8500
Model saved! Best loss: 0.046536
Epoch 44/200: Training loss=0.036129, lr=2.40e-03
Epoch 44/200: Validation combined_loss=0.046513
Validation configuration losses: 32ch=0.045569, 16ch=0.047456
Set5/32ch: PSNR(Y)=30.881, SSIM(Y)=0.8729
Set14/32ch: PSNR(Y)=27.808, SSIM(Y)=0.7605
B100/32ch: PSNR(Y)=27.039, SSIM(Y)=0.7172
U100/32ch: PSNR(Y)=24.728, SSIM(Y)=0.7347
M109/32ch: PSNR(Y)=28.026, SSIM(Y)=0.8683
Set5/16ch: PSNR(Y)=30.474, SSIM(Y)=0.8638
Set14/16ch: PSNR(Y)=27.513, SSIM(Y)=0.7535
B100/16ch: PSNR(Y)=26.866, SSIM(Y)=0.7115
U100/16ch: PSNR(Y)=24.404, SSIM(Y)=0.7211
M109/16ch: PSNR(Y)=27.211, SSIM(Y)=0.8502
Model saved! Best loss: 0.046513
Epoch 45/200: Training loss=0.036107, lr=2.40e-03
Epoch 45/200: Validation combined_loss=0.046495
Validation configuration losses: 32ch=0.045549, 16ch=0.047442
Set5/32ch: PSNR(Y)=30.884, SSIM(Y)=0.8729
Set14/32ch: PSNR(Y)=27.810, SSIM(Y)=0.7606
B100/32ch: PSNR(Y)=27.042, SSIM(Y)=0.7173
U100/32ch: PSNR(Y)=24.731, SSIM(Y)=0.7348
M109/32ch: PSNR(Y)=28.038, SSIM(Y)=0.8685
Set5/16ch: PSNR(Y)=30.476, SSIM(Y)=0.8638
Set14/16ch: PSNR(Y)=27.517, SSIM(Y)=0.7535
B100/16ch: PSNR(Y)=26.868, SSIM(Y)=0.7116
U100/16ch: PSNR(Y)=24.407, SSIM(Y)=0.7212
M109/16ch: PSNR(Y)=27.216, SSIM(Y)=0.8503
Model saved! Best loss: 0.046495
Epoch 46/200: Training loss=0.036057, lr=2.39e-03
Epoch 46/200: Validation combined_loss=0.046480
Validation configuration losses: 32ch=0.045531, 16ch=0.047430
Set5/32ch: PSNR(Y)=30.893, SSIM(Y)=0.8731
Set14/32ch: PSNR(Y)=27.814, SSIM(Y)=0.7607
B100/32ch: PSNR(Y)=27.043, SSIM(Y)=0.7174
U100/32ch: PSNR(Y)=24.735, SSIM(Y)=0.7350
M109/32ch: PSNR(Y)=28.046, SSIM(Y)=0.8687
Set5/16ch: PSNR(Y)=30.480, SSIM(Y)=0.8639
Set14/16ch: PSNR(Y)=27.520, SSIM(Y)=0.7536
B100/16ch: PSNR(Y)=26.869, SSIM(Y)=0.7116
U100/16ch: PSNR(Y)=24.409, SSIM(Y)=0.7213
M109/16ch: PSNR(Y)=27.221, SSIM(Y)=0.8504
Model saved! Best loss: 0.046480
Epoch 47/200: Training loss=0.036057, lr=2.38e-03
Epoch 47/200: Validation combined_loss=0.046462
Validation configuration losses: 32ch=0.045510, 16ch=0.047414
Set5/32ch: PSNR(Y)=30.899, SSIM(Y)=0.8732
Set14/32ch: PSNR(Y)=27.817, SSIM(Y)=0.7608
B100/32ch: PSNR(Y)=27.044, SSIM(Y)=0.7174
U100/32ch: PSNR(Y)=24.739, SSIM(Y)=0.7351
M109/32ch: PSNR(Y)=28.055, SSIM(Y)=0.8689
Set5/16ch: PSNR(Y)=30.483, SSIM(Y)=0.8640
Set14/16ch: PSNR(Y)=27.522, SSIM(Y)=0.7537
B100/16ch: PSNR(Y)=26.870, SSIM(Y)=0.7116
U100/16ch: PSNR(Y)=24.411, SSIM(Y)=0.7214
M109/16ch: PSNR(Y)=27.227, SSIM(Y)=0.8506
Model saved! Best loss: 0.046462
Epoch 48/200: Training loss=0.036094, lr=2.37e-03
Epoch 48/200: Validation combined_loss=0.046454
Validation configuration losses: 32ch=0.045501, 16ch=0.047407
Set5/32ch: PSNR(Y)=30.904, SSIM(Y)=0.8733
Set14/32ch: PSNR(Y)=27.820, SSIM(Y)=0.7609
B100/32ch: PSNR(Y)=27.046, SSIM(Y)=0.7175
U100/32ch: PSNR(Y)=24.741, SSIM(Y)=0.7352
M109/32ch: PSNR(Y)=28.057, SSIM(Y)=0.8689
Set5/16ch: PSNR(Y)=30.484, SSIM(Y)=0.8641
Set14/16ch: PSNR(Y)=27.524, SSIM(Y)=0.7537
B100/16ch: PSNR(Y)=26.871, SSIM(Y)=0.7117
U100/16ch: PSNR(Y)=24.413, SSIM(Y)=0.7215
M109/16ch: PSNR(Y)=27.229, SSIM(Y)=0.8506
Model saved! Best loss: 0.046454
Epoch 49/200: Training loss=0.036088, lr=2.36e-03
Epoch 49/200: Validation combined_loss=0.046439
Validation configuration losses: 32ch=0.045486, 16ch=0.047393
Set5/32ch: PSNR(Y)=30.910, SSIM(Y)=0.8734
Set14/32ch: PSNR(Y)=27.821, SSIM(Y)=0.7610
B100/32ch: PSNR(Y)=27.048, SSIM(Y)=0.7176
U100/32ch: PSNR(Y)=24.743, SSIM(Y)=0.7353
M109/32ch: PSNR(Y)=28.065, SSIM(Y)=0.8691
Set5/16ch: PSNR(Y)=30.488, SSIM(Y)=0.8642
Set14/16ch: PSNR(Y)=27.527, SSIM(Y)=0.7538
B100/16ch: PSNR(Y)=26.872, SSIM(Y)=0.7117
U100/16ch: PSNR(Y)=24.415, SSIM(Y)=0.7215
M109/16ch: PSNR(Y)=27.236, SSIM(Y)=0.8508
Model saved! Best loss: 0.046439
Epoch 50/200: Training loss=0.036042, lr=2.35e-03
Epoch 50/200: Validation combined_loss=0.046426
Validation configuration losses: 32ch=0.045472, 16ch=0.047380
Set5/32ch: PSNR(Y)=30.916, SSIM(Y)=0.8734
Set14/32ch: PSNR(Y)=27.823, SSIM(Y)=0.7610
B100/32ch: PSNR(Y)=27.049, SSIM(Y)=0.7176
U100/32ch: PSNR(Y)=24.746, SSIM(Y)=0.7354
M109/32ch: PSNR(Y)=28.071, SSIM(Y)=0.8693
Set5/16ch: PSNR(Y)=30.493, SSIM(Y)=0.8643
Set14/16ch: PSNR(Y)=27.529, SSIM(Y)=0.7539
B100/16ch: PSNR(Y)=26.874, SSIM(Y)=0.7118
U100/16ch: PSNR(Y)=24.417, SSIM(Y)=0.7216
M109/16ch: PSNR(Y)=27.243, SSIM(Y)=0.8510
Model saved! Best loss: 0.046426
Epoch 51/200: Training loss=0.036022, lr=2.34e-03
Epoch 51/200: Validation combined_loss=0.046410
Validation configuration losses: 32ch=0.045454, 16ch=0.047365
Set5/32ch: PSNR(Y)=30.922, SSIM(Y)=0.8735
Set14/32ch: PSNR(Y)=27.826, SSIM(Y)=0.7611
B100/32ch: PSNR(Y)=27.051, SSIM(Y)=0.7177
U100/32ch: PSNR(Y)=24.750, SSIM(Y)=0.7356
M109/32ch: PSNR(Y)=28.075, SSIM(Y)=0.8694
Set5/16ch: PSNR(Y)=30.498, SSIM(Y)=0.8644
Set14/16ch: PSNR(Y)=27.532, SSIM(Y)=0.7540
B100/16ch: PSNR(Y)=26.875, SSIM(Y)=0.7119
U100/16ch: PSNR(Y)=24.419, SSIM(Y)=0.7217
M109/16ch: PSNR(Y)=27.248, SSIM(Y)=0.8511
Model saved! Best loss: 0.046410
Epoch 52/200: Training loss=0.036096, lr=2.33e-03
Epoch 52/200: Validation combined_loss=0.046401
Validation configuration losses: 32ch=0.045448, 16ch=0.047354
Set5/32ch: PSNR(Y)=30.926, SSIM(Y)=0.8736
Set14/32ch: PSNR(Y)=27.827, SSIM(Y)=0.7611
B100/32ch: PSNR(Y)=27.053, SSIM(Y)=0.7178
U100/32ch: PSNR(Y)=24.751, SSIM(Y)=0.7357
M109/32ch: PSNR(Y)=28.076, SSIM(Y)=0.8695
Set5/16ch: PSNR(Y)=30.501, SSIM(Y)=0.8645
Set14/16ch: PSNR(Y)=27.533, SSIM(Y)=0.7540
B100/16ch: PSNR(Y)=26.876, SSIM(Y)=0.7119
U100/16ch: PSNR(Y)=24.421, SSIM(Y)=0.7218
M109/16ch: PSNR(Y)=27.255, SSIM(Y)=0.8512
Model saved! Best loss: 0.046401
Epoch 53/200: Training loss=0.036018, lr=2.32e-03
Epoch 53/200: Validation combined_loss=0.046389
Validation configuration losses: 32ch=0.045435, 16ch=0.047343
Set5/32ch: PSNR(Y)=30.930, SSIM(Y)=0.8737
Set14/32ch: PSNR(Y)=27.828, SSIM(Y)=0.7611
B100/32ch: PSNR(Y)=27.054, SSIM(Y)=0.7178
U100/32ch: PSNR(Y)=24.754, SSIM(Y)=0.7357
M109/32ch: PSNR(Y)=28.081, SSIM(Y)=0.8695
Set5/16ch: PSNR(Y)=30.502, SSIM(Y)=0.8646
Set14/16ch: PSNR(Y)=27.535, SSIM(Y)=0.7541
B100/16ch: PSNR(Y)=26.877, SSIM(Y)=0.7119
U100/16ch: PSNR(Y)=24.422, SSIM(Y)=0.7218
M109/16ch: PSNR(Y)=27.261, SSIM(Y)=0.8513
Model saved! Best loss: 0.046389
Epoch 54/200: Training loss=0.036029, lr=2.30e-03
Epoch 54/200: Validation combined_loss=0.046376
Validation configuration losses: 32ch=0.045424, 16ch=0.047327
Set5/32ch: PSNR(Y)=30.931, SSIM(Y)=0.8737
Set14/32ch: PSNR(Y)=27.831, SSIM(Y)=0.7612
B100/32ch: PSNR(Y)=27.055, SSIM(Y)=0.7178
U100/32ch: PSNR(Y)=24.756, SSIM(Y)=0.7358
M109/32ch: PSNR(Y)=28.085, SSIM(Y)=0.8696
Set5/16ch: PSNR(Y)=30.503, SSIM(Y)=0.8646
Set14/16ch: PSNR(Y)=27.537, SSIM(Y)=0.7542
B100/16ch: PSNR(Y)=26.879, SSIM(Y)=0.7120
U100/16ch: PSNR(Y)=24.425, SSIM(Y)=0.7219
M109/16ch: PSNR(Y)=27.268, SSIM(Y)=0.8515
Model saved! Best loss: 0.046376
Epoch 55/200: Training loss=0.036063, lr=2.29e-03
Epoch 55/200: Validation combined_loss=0.046360
Validation configuration losses: 32ch=0.045407, 16ch=0.047312
Set5/32ch: PSNR(Y)=30.934, SSIM(Y)=0.8738
Set14/32ch: PSNR(Y)=27.832, SSIM(Y)=0.7612
B100/32ch: PSNR(Y)=27.057, SSIM(Y)=0.7179
U100/32ch: PSNR(Y)=24.760, SSIM(Y)=0.7360
M109/32ch: PSNR(Y)=28.091, SSIM(Y)=0.8697
Set5/16ch: PSNR(Y)=30.507, SSIM(Y)=0.8647
Set14/16ch: PSNR(Y)=27.540, SSIM(Y)=0.7542
B100/16ch: PSNR(Y)=26.881, SSIM(Y)=0.7120
U100/16ch: PSNR(Y)=24.427, SSIM(Y)=0.7220
M109/16ch: PSNR(Y)=27.276, SSIM(Y)=0.8517
Model saved! Best loss: 0.046360
Epoch 56/200: Training loss=0.036057, lr=2.28e-03
Epoch 56/200: Validation combined_loss=0.046353
Validation configuration losses: 32ch=0.045403, 16ch=0.047303
Set5/32ch: PSNR(Y)=30.937, SSIM(Y)=0.8738
Set14/32ch: PSNR(Y)=27.833, SSIM(Y)=0.7613
B100/32ch: PSNR(Y)=27.058, SSIM(Y)=0.7179
U100/32ch: PSNR(Y)=24.762, SSIM(Y)=0.7360
M109/32ch: PSNR(Y)=28.090, SSIM(Y)=0.8697
Set5/16ch: PSNR(Y)=30.512, SSIM(Y)=0.8648
Set14/16ch: PSNR(Y)=27.541, SSIM(Y)=0.7543
B100/16ch: PSNR(Y)=26.882, SSIM(Y)=0.7121
U100/16ch: PSNR(Y)=24.429, SSIM(Y)=0.7220
M109/16ch: PSNR(Y)=27.280, SSIM(Y)=0.8518
Model saved! Best loss: 0.046353
Epoch 57/200: Training loss=0.036031, lr=2.27e-03
Epoch 57/200: Validation combined_loss=0.046340
Validation configuration losses: 32ch=0.045392, 16ch=0.047288
Set5/32ch: PSNR(Y)=30.938, SSIM(Y)=0.8739
Set14/32ch: PSNR(Y)=27.834, SSIM(Y)=0.7613
B100/32ch: PSNR(Y)=27.059, SSIM(Y)=0.7180
U100/32ch: PSNR(Y)=24.764, SSIM(Y)=0.7361
M109/32ch: PSNR(Y)=28.097, SSIM(Y)=0.8698
Set5/16ch: PSNR(Y)=30.516, SSIM(Y)=0.8649
Set14/16ch: PSNR(Y)=27.543, SSIM(Y)=0.7543
B100/16ch: PSNR(Y)=26.883, SSIM(Y)=0.7121
U100/16ch: PSNR(Y)=24.430, SSIM(Y)=0.7221
M109/16ch: PSNR(Y)=27.289, SSIM(Y)=0.8519
Model saved! Best loss: 0.046340
Epoch 58/200: Training loss=0.036065, lr=2.26e-03
Epoch 58/200: Validation combined_loss=0.046326
Validation configuration losses: 32ch=0.045377, 16ch=0.047275
Set5/32ch: PSNR(Y)=30.937, SSIM(Y)=0.8739
Set14/32ch: PSNR(Y)=27.836, SSIM(Y)=0.7614
B100/32ch: PSNR(Y)=27.061, SSIM(Y)=0.7180
U100/32ch: PSNR(Y)=24.765, SSIM(Y)=0.7362
M109/32ch: PSNR(Y)=28.102, SSIM(Y)=0.8699
Set5/16ch: PSNR(Y)=30.520, SSIM(Y)=0.8649
Set14/16ch: PSNR(Y)=27.546, SSIM(Y)=0.7544
B100/16ch: PSNR(Y)=26.885, SSIM(Y)=0.7122
U100/16ch: PSNR(Y)=24.431, SSIM(Y)=0.7222
M109/16ch: PSNR(Y)=27.296, SSIM(Y)=0.8521
Model saved! Best loss: 0.046326
Epoch 59/200: Training loss=0.035996, lr=2.24e-03
Epoch 59/200: Validation combined_loss=0.046313
Validation configuration losses: 32ch=0.045365, 16ch=0.047261
Set5/32ch: PSNR(Y)=30.935, SSIM(Y)=0.8739
Set14/32ch: PSNR(Y)=27.835, SSIM(Y)=0.7614
B100/32ch: PSNR(Y)=27.062, SSIM(Y)=0.7180
U100/32ch: PSNR(Y)=24.769, SSIM(Y)=0.7363
M109/32ch: PSNR(Y)=28.106, SSIM(Y)=0.8700
Set5/16ch: PSNR(Y)=30.526, SSIM(Y)=0.8650
Set14/16ch: PSNR(Y)=27.549, SSIM(Y)=0.7545
B100/16ch: PSNR(Y)=26.886, SSIM(Y)=0.7122
U100/16ch: PSNR(Y)=24.433, SSIM(Y)=0.7222
M109/16ch: PSNR(Y)=27.304, SSIM(Y)=0.8523
Model saved! Best loss: 0.046313
Epoch 60/200: Training loss=0.036010, lr=2.23e-03
Epoch 60/200: Validation combined_loss=0.046298
Validation configuration losses: 32ch=0.045351, 16ch=0.047245
Set5/32ch: PSNR(Y)=30.936, SSIM(Y)=0.8739
Set14/32ch: PSNR(Y)=27.837, SSIM(Y)=0.7614
B100/32ch: PSNR(Y)=27.063, SSIM(Y)=0.7181
U100/32ch: PSNR(Y)=24.771, SSIM(Y)=0.7364
M109/32ch: PSNR(Y)=28.114, SSIM(Y)=0.8701
Set5/16ch: PSNR(Y)=30.529, SSIM(Y)=0.8650
Set14/16ch: PSNR(Y)=27.551, SSIM(Y)=0.7545
B100/16ch: PSNR(Y)=26.888, SSIM(Y)=0.7123
U100/16ch: PSNR(Y)=24.435, SSIM(Y)=0.7223
M109/16ch: PSNR(Y)=27.313, SSIM(Y)=0.8525
Model saved! Best loss: 0.046298
Epoch 61/200: Training loss=0.036007, lr=2.22e-03
Epoch 61/200: Validation combined_loss=0.046286
Validation configuration losses: 32ch=0.045338, 16ch=0.047233
Set5/32ch: PSNR(Y)=30.935, SSIM(Y)=0.8740
Set14/32ch: PSNR(Y)=27.839, SSIM(Y)=0.7614
B100/32ch: PSNR(Y)=27.064, SSIM(Y)=0.7181
U100/32ch: PSNR(Y)=24.774, SSIM(Y)=0.7365
M109/32ch: PSNR(Y)=28.122, SSIM(Y)=0.8703
Set5/16ch: PSNR(Y)=30.529, SSIM(Y)=0.8650
Set14/16ch: PSNR(Y)=27.553, SSIM(Y)=0.7545
B100/16ch: PSNR(Y)=26.889, SSIM(Y)=0.7123
U100/16ch: PSNR(Y)=24.437, SSIM(Y)=0.7224
M109/16ch: PSNR(Y)=27.321, SSIM(Y)=0.8527
Model saved! Best loss: 0.046286
Epoch 62/200: Training loss=0.035965, lr=2.20e-03
Epoch 62/200: Validation combined_loss=0.046275
Validation configuration losses: 32ch=0.045327, 16ch=0.047223
Set5/32ch: PSNR(Y)=30.936, SSIM(Y)=0.8740
Set14/32ch: PSNR(Y)=27.841, SSIM(Y)=0.7615
B100/32ch: PSNR(Y)=27.065, SSIM(Y)=0.7182
U100/32ch: PSNR(Y)=24.775, SSIM(Y)=0.7366
M109/32ch: PSNR(Y)=28.126, SSIM(Y)=0.8704
Set5/16ch: PSNR(Y)=30.530, SSIM(Y)=0.8651
Set14/16ch: PSNR(Y)=27.555, SSIM(Y)=0.7546
B100/16ch: PSNR(Y)=26.890, SSIM(Y)=0.7124
U100/16ch: PSNR(Y)=24.438, SSIM(Y)=0.7224
M109/16ch: PSNR(Y)=27.328, SSIM(Y)=0.8528
Model saved! Best loss: 0.046275
Epoch 63/200: Training loss=0.035996, lr=2.19e-03
Epoch 63/200: Validation combined_loss=0.046262
Validation configuration losses: 32ch=0.045314, 16ch=0.047211
Set5/32ch: PSNR(Y)=30.935, SSIM(Y)=0.8739
Set14/32ch: PSNR(Y)=27.842, SSIM(Y)=0.7615
B100/32ch: PSNR(Y)=27.066, SSIM(Y)=0.7182
U100/32ch: PSNR(Y)=24.777, SSIM(Y)=0.7367
M109/32ch: PSNR(Y)=28.132, SSIM(Y)=0.8704
Set5/16ch: PSNR(Y)=30.530, SSIM(Y)=0.8650
Set14/16ch: PSNR(Y)=27.557, SSIM(Y)=0.7546
B100/16ch: PSNR(Y)=26.891, SSIM(Y)=0.7124
U100/16ch: PSNR(Y)=24.439, SSIM(Y)=0.7225
M109/16ch: PSNR(Y)=27.334, SSIM(Y)=0.8530
Model saved! Best loss: 0.046262
Epoch 64/200: Training loss=0.035999, lr=2.17e-03
Epoch 64/200: Validation combined_loss=0.046254
Validation configuration losses: 32ch=0.045306, 16ch=0.047202
Set5/32ch: PSNR(Y)=30.941, SSIM(Y)=0.8742
Set14/32ch: PSNR(Y)=27.846, SSIM(Y)=0.7616
B100/32ch: PSNR(Y)=27.067, SSIM(Y)=0.7182
U100/32ch: PSNR(Y)=24.778, SSIM(Y)=0.7367
M109/32ch: PSNR(Y)=28.135, SSIM(Y)=0.8705
Set5/16ch: PSNR(Y)=30.535, SSIM(Y)=0.8651
Set14/16ch: PSNR(Y)=27.560, SSIM(Y)=0.7547
B100/16ch: PSNR(Y)=26.892, SSIM(Y)=0.7125
U100/16ch: PSNR(Y)=24.440, SSIM(Y)=0.7225
M109/16ch: PSNR(Y)=27.339, SSIM(Y)=0.8531
Model saved! Best loss: 0.046254
Epoch 65/200: Training loss=0.035986, lr=2.16e-03
Epoch 65/200: Validation combined_loss=0.046245
Validation configuration losses: 32ch=0.045298, 16ch=0.047191
Set5/32ch: PSNR(Y)=30.948, SSIM(Y)=0.8743
Set14/32ch: PSNR(Y)=27.848, SSIM(Y)=0.7616
B100/32ch: PSNR(Y)=27.068, SSIM(Y)=0.7182
U100/32ch: PSNR(Y)=24.780, SSIM(Y)=0.7368
M109/32ch: PSNR(Y)=28.135, SSIM(Y)=0.8705
Set5/16ch: PSNR(Y)=30.540, SSIM(Y)=0.8652
Set14/16ch: PSNR(Y)=27.561, SSIM(Y)=0.7547
B100/16ch: PSNR(Y)=26.894, SSIM(Y)=0.7125
U100/16ch: PSNR(Y)=24.442, SSIM(Y)=0.7226
M109/16ch: PSNR(Y)=27.345, SSIM(Y)=0.8532
Model saved! Best loss: 0.046245
Epoch 66/200: Training loss=0.035975, lr=2.15e-03
Epoch 66/200: Validation combined_loss=0.046236
Validation configuration losses: 32ch=0.045289, 16ch=0.047182
Set5/32ch: PSNR(Y)=30.951, SSIM(Y)=0.8743
Set14/32ch: PSNR(Y)=27.851, SSIM(Y)=0.7616
B100/32ch: PSNR(Y)=27.070, SSIM(Y)=0.7183
U100/32ch: PSNR(Y)=24.782, SSIM(Y)=0.7369
M109/32ch: PSNR(Y)=28.140, SSIM(Y)=0.8706
Set5/16ch: PSNR(Y)=30.541, SSIM(Y)=0.8652
Set14/16ch: PSNR(Y)=27.563, SSIM(Y)=0.7548
B100/16ch: PSNR(Y)=26.895, SSIM(Y)=0.7126
U100/16ch: PSNR(Y)=24.443, SSIM(Y)=0.7226
M109/16ch: PSNR(Y)=27.349, SSIM(Y)=0.8533
Model saved! Best loss: 0.046236
Epoch 67/200: Training loss=0.036000, lr=2.13e-03
Epoch 67/200: Validation combined_loss=0.046223
Validation configuration losses: 32ch=0.045277, 16ch=0.047169
Set5/32ch: PSNR(Y)=30.951, SSIM(Y)=0.8743
Set14/32ch: PSNR(Y)=27.853, SSIM(Y)=0.7617
B100/32ch: PSNR(Y)=27.071, SSIM(Y)=0.7183
U100/32ch: PSNR(Y)=24.784, SSIM(Y)=0.7370
M109/32ch: PSNR(Y)=28.147, SSIM(Y)=0.8708
Set5/16ch: PSNR(Y)=30.542, SSIM(Y)=0.8653
Set14/16ch: PSNR(Y)=27.566, SSIM(Y)=0.7548
B100/16ch: PSNR(Y)=26.896, SSIM(Y)=0.7126
U100/16ch: PSNR(Y)=24.445, SSIM(Y)=0.7227
M109/16ch: PSNR(Y)=27.356, SSIM(Y)=0.8535
Model saved! Best loss: 0.046223
Epoch 68/200: Training loss=0.036016, lr=2.12e-03
Epoch 68/200: Validation combined_loss=0.046215
Validation configuration losses: 32ch=0.045269, 16ch=0.047160
Set5/32ch: PSNR(Y)=30.951, SSIM(Y)=0.8743
Set14/32ch: PSNR(Y)=27.856, SSIM(Y)=0.7617
B100/32ch: PSNR(Y)=27.071, SSIM(Y)=0.7183
U100/32ch: PSNR(Y)=24.785, SSIM(Y)=0.7370
M109/32ch: PSNR(Y)=28.152, SSIM(Y)=0.8708
Set5/16ch: PSNR(Y)=30.543, SSIM(Y)=0.8653
Set14/16ch: PSNR(Y)=27.566, SSIM(Y)=0.7548
B100/16ch: PSNR(Y)=26.896, SSIM(Y)=0.7126
U100/16ch: PSNR(Y)=24.446, SSIM(Y)=0.7227
M109/16ch: PSNR(Y)=27.361, SSIM(Y)=0.8536
Model saved! Best loss: 0.046215
Epoch 69/200: Training loss=0.035975, lr=2.10e-03
Epoch 69/200: Validation combined_loss=0.046202
Validation configuration losses: 32ch=0.045255, 16ch=0.047148
Set5/32ch: PSNR(Y)=30.957, SSIM(Y)=0.8744
Set14/32ch: PSNR(Y)=27.859, SSIM(Y)=0.7618
B100/32ch: PSNR(Y)=27.072, SSIM(Y)=0.7184
U100/32ch: PSNR(Y)=24.788, SSIM(Y)=0.7371
M109/32ch: PSNR(Y)=28.158, SSIM(Y)=0.8710
Set5/16ch: PSNR(Y)=30.545, SSIM(Y)=0.8653
Set14/16ch: PSNR(Y)=27.568, SSIM(Y)=0.7549
B100/16ch: PSNR(Y)=26.897, SSIM(Y)=0.7126
U100/16ch: PSNR(Y)=24.448, SSIM(Y)=0.7228
M109/16ch: PSNR(Y)=27.368, SSIM(Y)=0.8537
Model saved! Best loss: 0.046202
Epoch 70/200: Training loss=0.035911, lr=2.08e-03
Epoch 70/200: Validation combined_loss=0.046192
Validation configuration losses: 32ch=0.045247, 16ch=0.047138
Set5/32ch: PSNR(Y)=30.962, SSIM(Y)=0.8745
Set14/32ch: PSNR(Y)=27.861, SSIM(Y)=0.7618
B100/32ch: PSNR(Y)=27.073, SSIM(Y)=0.7184
U100/32ch: PSNR(Y)=24.788, SSIM(Y)=0.7372
M109/32ch: PSNR(Y)=28.162, SSIM(Y)=0.8710
Set5/16ch: PSNR(Y)=30.547, SSIM(Y)=0.8654
Set14/16ch: PSNR(Y)=27.569, SSIM(Y)=0.7549
B100/16ch: PSNR(Y)=26.898, SSIM(Y)=0.7127
U100/16ch: PSNR(Y)=24.449, SSIM(Y)=0.7229
M109/16ch: PSNR(Y)=27.373, SSIM(Y)=0.8538
Model saved! Best loss: 0.046192
Epoch 71/200: Training loss=0.035946, lr=2.07e-03
Epoch 71/200: Validation combined_loss=0.046186
Validation configuration losses: 32ch=0.045241, 16ch=0.047130
Set5/32ch: PSNR(Y)=30.966, SSIM(Y)=0.8746
Set14/32ch: PSNR(Y)=27.863, SSIM(Y)=0.7618
B100/32ch: PSNR(Y)=27.073, SSIM(Y)=0.7184
U100/32ch: PSNR(Y)=24.789, SSIM(Y)=0.7372
M109/32ch: PSNR(Y)=28.167, SSIM(Y)=0.8711
Set5/16ch: PSNR(Y)=30.547, SSIM(Y)=0.8654
Set14/16ch: PSNR(Y)=27.569, SSIM(Y)=0.7549
B100/16ch: PSNR(Y)=26.898, SSIM(Y)=0.7127
U100/16ch: PSNR(Y)=24.449, SSIM(Y)=0.7229
M109/16ch: PSNR(Y)=27.378, SSIM(Y)=0.8539
Model saved! Best loss: 0.046186
Epoch 72/200: Training loss=0.036001, lr=2.05e-03
Epoch 72/200: Validation combined_loss=0.046179
Validation configuration losses: 32ch=0.045232, 16ch=0.047125
Set5/32ch: PSNR(Y)=30.965, SSIM(Y)=0.8746
Set14/32ch: PSNR(Y)=27.865, SSIM(Y)=0.7618
B100/32ch: PSNR(Y)=27.074, SSIM(Y)=0.7184
U100/32ch: PSNR(Y)=24.791, SSIM(Y)=0.7373
M109/32ch: PSNR(Y)=28.167, SSIM(Y)=0.8712
Set5/16ch: PSNR(Y)=30.547, SSIM(Y)=0.8654
Set14/16ch: PSNR(Y)=27.570, SSIM(Y)=0.7550
B100/16ch: PSNR(Y)=26.898, SSIM(Y)=0.7127
U100/16ch: PSNR(Y)=24.451, SSIM(Y)=0.7230
M109/16ch: PSNR(Y)=27.379, SSIM(Y)=0.8540
Model saved! Best loss: 0.046179
Epoch 73/200: Training loss=0.035939, lr=2.03e-03
Epoch 73/200: Validation combined_loss=0.046173
Validation configuration losses: 32ch=0.045226, 16ch=0.047120
Set5/32ch: PSNR(Y)=30.966, SSIM(Y)=0.8746
Set14/32ch: PSNR(Y)=27.867, SSIM(Y)=0.7619
B100/32ch: PSNR(Y)=27.073, SSIM(Y)=0.7184
U100/32ch: PSNR(Y)=24.792, SSIM(Y)=0.7373
M109/32ch: PSNR(Y)=28.171, SSIM(Y)=0.8712
Set5/16ch: PSNR(Y)=30.548, SSIM(Y)=0.8654
Set14/16ch: PSNR(Y)=27.571, SSIM(Y)=0.7550
B100/16ch: PSNR(Y)=26.899, SSIM(Y)=0.7127
U100/16ch: PSNR(Y)=24.452, SSIM(Y)=0.7230
M109/16ch: PSNR(Y)=27.381, SSIM(Y)=0.8540
Model saved! Best loss: 0.046173
Epoch 74/200: Training loss=0.035944, lr=2.02e-03
Epoch 74/200: Validation combined_loss=0.046166
Validation configuration losses: 32ch=0.045218, 16ch=0.047114
Set5/32ch: PSNR(Y)=30.967, SSIM(Y)=0.8746
Set14/32ch: PSNR(Y)=27.868, SSIM(Y)=0.7619
B100/32ch: PSNR(Y)=27.074, SSIM(Y)=0.7185
U100/32ch: PSNR(Y)=24.794, SSIM(Y)=0.7374
M109/32ch: PSNR(Y)=28.176, SSIM(Y)=0.8714
Set5/16ch: PSNR(Y)=30.550, SSIM(Y)=0.8654
Set14/16ch: PSNR(Y)=27.571, SSIM(Y)=0.7550
B100/16ch: PSNR(Y)=26.899, SSIM(Y)=0.7127
U100/16ch: PSNR(Y)=24.452, SSIM(Y)=0.7231
M109/16ch: PSNR(Y)=27.385, SSIM(Y)=0.8541
Model saved! Best loss: 0.046166
Epoch 75/200: Training loss=0.035961, lr=2.00e-03
Epoch 75/200: Validation combined_loss=0.046158
Validation configuration losses: 32ch=0.045210, 16ch=0.047106
Set5/32ch: PSNR(Y)=30.971, SSIM(Y)=0.8747
Set14/32ch: PSNR(Y)=27.870, SSIM(Y)=0.7620
B100/32ch: PSNR(Y)=27.075, SSIM(Y)=0.7185
U100/32ch: PSNR(Y)=24.795, SSIM(Y)=0.7375
M109/32ch: PSNR(Y)=28.182, SSIM(Y)=0.8715
Set5/16ch: PSNR(Y)=30.554, SSIM(Y)=0.8655
Set14/16ch: PSNR(Y)=27.573, SSIM(Y)=0.7550
B100/16ch: PSNR(Y)=26.900, SSIM(Y)=0.7127
U100/16ch: PSNR(Y)=24.453, SSIM(Y)=0.7231
M109/16ch: PSNR(Y)=27.390, SSIM(Y)=0.8542
Model saved! Best loss: 0.046158
Epoch 76/200: Training loss=0.035939, lr=1.98e-03
Epoch 76/200: Validation combined_loss=0.046151
Validation configuration losses: 32ch=0.045203, 16ch=0.047098
Set5/32ch: PSNR(Y)=30.970, SSIM(Y)=0.8747
Set14/32ch: PSNR(Y)=27.871, SSIM(Y)=0.7620
B100/32ch: PSNR(Y)=27.075, SSIM(Y)=0.7185
U100/32ch: PSNR(Y)=24.796, SSIM(Y)=0.7375
M109/32ch: PSNR(Y)=28.185, SSIM(Y)=0.8716
Set5/16ch: PSNR(Y)=30.553, SSIM(Y)=0.8655
Set14/16ch: PSNR(Y)=27.573, SSIM(Y)=0.7551
B100/16ch: PSNR(Y)=26.900, SSIM(Y)=0.7128
U100/16ch: PSNR(Y)=24.454, SSIM(Y)=0.7232
M109/16ch: PSNR(Y)=27.393, SSIM(Y)=0.8543
Model saved! Best loss: 0.046151
Epoch 77/200: Training loss=0.035991, lr=1.97e-03
Epoch 77/200: Validation combined_loss=0.046145
Validation configuration losses: 32ch=0.045196, 16ch=0.047093
Set5/32ch: PSNR(Y)=30.975, SSIM(Y)=0.8748
Set14/32ch: PSNR(Y)=27.871, SSIM(Y)=0.7620
B100/32ch: PSNR(Y)=27.075, SSIM(Y)=0.7185
U100/32ch: PSNR(Y)=24.798, SSIM(Y)=0.7376
M109/32ch: PSNR(Y)=28.189, SSIM(Y)=0.8716
Set5/16ch: PSNR(Y)=30.554, SSIM(Y)=0.8655
Set14/16ch: PSNR(Y)=27.573, SSIM(Y)=0.7550
B100/16ch: PSNR(Y)=26.900, SSIM(Y)=0.7128
U100/16ch: PSNR(Y)=24.455, SSIM(Y)=0.7232
M109/16ch: PSNR(Y)=27.395, SSIM(Y)=0.8543
Model saved! Best loss: 0.046145
Epoch 78/200: Training loss=0.035934, lr=1.95e-03
Epoch 78/200: Validation combined_loss=0.046135
Validation configuration losses: 32ch=0.045187, 16ch=0.047082
Set5/32ch: PSNR(Y)=30.974, SSIM(Y)=0.8749
Set14/32ch: PSNR(Y)=27.872, SSIM(Y)=0.7620
B100/32ch: PSNR(Y)=27.075, SSIM(Y)=0.7186
U100/32ch: PSNR(Y)=24.800, SSIM(Y)=0.7376
M109/32ch: PSNR(Y)=28.193, SSIM(Y)=0.8717
Set5/16ch: PSNR(Y)=30.555, SSIM(Y)=0.8656
Set14/16ch: PSNR(Y)=27.575, SSIM(Y)=0.7551
B100/16ch: PSNR(Y)=26.901, SSIM(Y)=0.7128
U100/16ch: PSNR(Y)=24.456, SSIM(Y)=0.7233
M109/16ch: PSNR(Y)=27.401, SSIM(Y)=0.8545
Model saved! Best loss: 0.046135
Epoch 79/200: Training loss=0.035959, lr=1.93e-03
Epoch 79/200: Validation combined_loss=0.046125
Validation configuration losses: 32ch=0.045179, 16ch=0.047071
Set5/32ch: PSNR(Y)=30.978, SSIM(Y)=0.8749
Set14/32ch: PSNR(Y)=27.874, SSIM(Y)=0.7620
B100/32ch: PSNR(Y)=27.076, SSIM(Y)=0.7186
U100/32ch: PSNR(Y)=24.802, SSIM(Y)=0.7377
M109/32ch: PSNR(Y)=28.196, SSIM(Y)=0.8718
Set5/16ch: PSNR(Y)=30.556, SSIM(Y)=0.8656
Set14/16ch: PSNR(Y)=27.576, SSIM(Y)=0.7551
B100/16ch: PSNR(Y)=26.901, SSIM(Y)=0.7128
U100/16ch: PSNR(Y)=24.458, SSIM(Y)=0.7234
M109/16ch: PSNR(Y)=27.405, SSIM(Y)=0.8546
Model saved! Best loss: 0.046125
Epoch 80/200: Training loss=0.035894, lr=1.91e-03
Epoch 80/200: Validation combined_loss=0.046119
Validation configuration losses: 32ch=0.045174, 16ch=0.047064
Set5/32ch: PSNR(Y)=30.981, SSIM(Y)=0.8750
Set14/32ch: PSNR(Y)=27.876, SSIM(Y)=0.7621
B100/32ch: PSNR(Y)=27.077, SSIM(Y)=0.7186
U100/32ch: PSNR(Y)=24.803, SSIM(Y)=0.7377
M109/32ch: PSNR(Y)=28.201, SSIM(Y)=0.8718
Set5/16ch: PSNR(Y)=30.558, SSIM(Y)=0.8656
Set14/16ch: PSNR(Y)=27.578, SSIM(Y)=0.7551
B100/16ch: PSNR(Y)=26.902, SSIM(Y)=0.7128
U100/16ch: PSNR(Y)=24.459, SSIM(Y)=0.7234
M109/16ch: PSNR(Y)=27.410, SSIM(Y)=0.8546
Model saved! Best loss: 0.046119
Epoch 81/200: Training loss=0.035922, lr=1.89e-03
Epoch 81/200: Validation combined_loss=0.046112
Validation configuration losses: 32ch=0.045166, 16ch=0.047058
Set5/32ch: PSNR(Y)=30.982, SSIM(Y)=0.8750
Set14/32ch: PSNR(Y)=27.876, SSIM(Y)=0.7621
B100/32ch: PSNR(Y)=27.077, SSIM(Y)=0.7186
U100/32ch: PSNR(Y)=24.805, SSIM(Y)=0.7378
M109/32ch: PSNR(Y)=28.204, SSIM(Y)=0.8719
Set5/16ch: PSNR(Y)=30.560, SSIM(Y)=0.8656
Set14/16ch: PSNR(Y)=27.579, SSIM(Y)=0.7552
B100/16ch: PSNR(Y)=26.903, SSIM(Y)=0.7129
U100/16ch: PSNR(Y)=24.460, SSIM(Y)=0.7235
M109/16ch: PSNR(Y)=27.412, SSIM(Y)=0.8547
Model saved! Best loss: 0.046112
Epoch 82/200: Training loss=0.035959, lr=1.88e-03
Epoch 82/200: Validation combined_loss=0.046107
Validation configuration losses: 32ch=0.045162, 16ch=0.047052
Set5/32ch: PSNR(Y)=30.983, SSIM(Y)=0.8750
Set14/32ch: PSNR(Y)=27.877, SSIM(Y)=0.7621
B100/32ch: PSNR(Y)=27.078, SSIM(Y)=0.7186
U100/32ch: PSNR(Y)=24.807, SSIM(Y)=0.7379
M109/32ch: PSNR(Y)=28.203, SSIM(Y)=0.8719
Set5/16ch: PSNR(Y)=30.562, SSIM(Y)=0.8657
Set14/16ch: PSNR(Y)=27.580, SSIM(Y)=0.7552
B100/16ch: PSNR(Y)=26.903, SSIM(Y)=0.7129
U100/16ch: PSNR(Y)=24.461, SSIM(Y)=0.7235
M109/16ch: PSNR(Y)=27.413, SSIM(Y)=0.8548
Model saved! Best loss: 0.046107
Epoch 83/200: Training loss=0.035947, lr=1.86e-03
Epoch 83/200: Validation combined_loss=0.046105
Validation configuration losses: 32ch=0.045161, 16ch=0.047048
Set5/32ch: PSNR(Y)=30.984, SSIM(Y)=0.8750
Set14/32ch: PSNR(Y)=27.876, SSIM(Y)=0.7621
B100/32ch: PSNR(Y)=27.077, SSIM(Y)=0.7186
U100/32ch: PSNR(Y)=24.807, SSIM(Y)=0.7379
M109/32ch: PSNR(Y)=28.204, SSIM(Y)=0.8720
Set5/16ch: PSNR(Y)=30.564, SSIM(Y)=0.8657
Set14/16ch: PSNR(Y)=27.581, SSIM(Y)=0.7552
B100/16ch: PSNR(Y)=26.903, SSIM(Y)=0.7129
U100/16ch: PSNR(Y)=24.462, SSIM(Y)=0.7236
M109/16ch: PSNR(Y)=27.415, SSIM(Y)=0.8548
Model saved! Best loss: 0.046105
Epoch 84/200: Training loss=0.035928, lr=1.84e-03
Epoch 84/200: Validation combined_loss=0.046098
Validation configuration losses: 32ch=0.045156, 16ch=0.047040
Set5/32ch: PSNR(Y)=30.986, SSIM(Y)=0.8751
Set14/32ch: PSNR(Y)=27.877, SSIM(Y)=0.7621
B100/32ch: PSNR(Y)=27.078, SSIM(Y)=0.7186
U100/32ch: PSNR(Y)=24.809, SSIM(Y)=0.7379
M109/32ch: PSNR(Y)=28.209, SSIM(Y)=0.8721
Set5/16ch: PSNR(Y)=30.565, SSIM(Y)=0.8658
Set14/16ch: PSNR(Y)=27.582, SSIM(Y)=0.7552
B100/16ch: PSNR(Y)=26.904, SSIM(Y)=0.7129
U100/16ch: PSNR(Y)=24.462, SSIM(Y)=0.7236
M109/16ch: PSNR(Y)=27.420, SSIM(Y)=0.8549
Model saved! Best loss: 0.046098
Epoch 85/200: Training loss=0.035921, lr=1.82e-03
Epoch 85/200: Validation combined_loss=0.046092
Validation configuration losses: 32ch=0.045152, 16ch=0.047032
Set5/32ch: PSNR(Y)=30.988, SSIM(Y)=0.8751
Set14/32ch: PSNR(Y)=27.875, SSIM(Y)=0.7621
B100/32ch: PSNR(Y)=27.078, SSIM(Y)=0.7187
U100/32ch: PSNR(Y)=24.809, SSIM(Y)=0.7379
M109/32ch: PSNR(Y)=28.211, SSIM(Y)=0.8721
Set5/16ch: PSNR(Y)=30.565, SSIM(Y)=0.8658
Set14/16ch: PSNR(Y)=27.583, SSIM(Y)=0.7552
B100/16ch: PSNR(Y)=26.904, SSIM(Y)=0.7129
U100/16ch: PSNR(Y)=24.463, SSIM(Y)=0.7237
M109/16ch: PSNR(Y)=27.423, SSIM(Y)=0.8550
Model saved! Best loss: 0.046092
Epoch 86/200: Training loss=0.035950, lr=1.80e-03
Epoch 86/200: Validation combined_loss=0.046080
Validation configuration losses: 32ch=0.045142, 16ch=0.047018
Set5/32ch: PSNR(Y)=30.994, SSIM(Y)=0.8752
Set14/32ch: PSNR(Y)=27.878, SSIM(Y)=0.7621
B100/32ch: PSNR(Y)=27.079, SSIM(Y)=0.7187
U100/32ch: PSNR(Y)=24.811, SSIM(Y)=0.7380
M109/32ch: PSNR(Y)=28.215, SSIM(Y)=0.8722
Set5/16ch: PSNR(Y)=30.566, SSIM(Y)=0.8658
Set14/16ch: PSNR(Y)=27.585, SSIM(Y)=0.7553
B100/16ch: PSNR(Y)=26.905, SSIM(Y)=0.7130
U100/16ch: PSNR(Y)=24.465, SSIM(Y)=0.7238
M109/16ch: PSNR(Y)=27.428, SSIM(Y)=0.8552
Model saved! Best loss: 0.046080
Epoch 87/200: Training loss=0.035893, lr=1.78e-03
Epoch 87/200: Validation combined_loss=0.046068
Validation configuration losses: 32ch=0.045131, 16ch=0.047005
Set5/32ch: PSNR(Y)=30.995, SSIM(Y)=0.8753
Set14/32ch: PSNR(Y)=27.878, SSIM(Y)=0.7622
B100/32ch: PSNR(Y)=27.079, SSIM(Y)=0.7187
U100/32ch: PSNR(Y)=24.813, SSIM(Y)=0.7381
M109/32ch: PSNR(Y)=28.222, SSIM(Y)=0.8723
Set5/16ch: PSNR(Y)=30.566, SSIM(Y)=0.8658
Set14/16ch: PSNR(Y)=27.585, SSIM(Y)=0.7553
B100/16ch: PSNR(Y)=26.905, SSIM(Y)=0.7130
U100/16ch: PSNR(Y)=24.467, SSIM(Y)=0.7239
M109/16ch: PSNR(Y)=27.434, SSIM(Y)=0.8553
Model saved! Best loss: 0.046068
Epoch 88/200: Training loss=0.035890, lr=1.76e-03
Epoch 88/200: Validation combined_loss=0.046071
Validation configuration losses: 32ch=0.045135, 16ch=0.047006
Set5/32ch: PSNR(Y)=30.994, SSIM(Y)=0.8752
Set14/32ch: PSNR(Y)=27.879, SSIM(Y)=0.7622
B100/32ch: PSNR(Y)=27.078, SSIM(Y)=0.7187
U100/32ch: PSNR(Y)=24.813, SSIM(Y)=0.7380
M109/32ch: PSNR(Y)=28.219, SSIM(Y)=0.8722
Set5/16ch: PSNR(Y)=30.570, SSIM(Y)=0.8659
Set14/16ch: PSNR(Y)=27.586, SSIM(Y)=0.7553
B100/16ch: PSNR(Y)=26.906, SSIM(Y)=0.7130
U100/16ch: PSNR(Y)=24.466, SSIM(Y)=0.7239
M109/16ch: PSNR(Y)=27.433, SSIM(Y)=0.8553
Epoch 89/200: Training loss=0.035865, lr=1.74e-03
Epoch 89/200: Validation combined_loss=0.046061
Validation configuration losses: 32ch=0.045127, 16ch=0.046995
Set5/32ch: PSNR(Y)=30.991, SSIM(Y)=0.8752
Set14/32ch: PSNR(Y)=27.878, SSIM(Y)=0.7622
B100/32ch: PSNR(Y)=27.079, SSIM(Y)=0.7187
U100/32ch: PSNR(Y)=24.814, SSIM(Y)=0.7381
M109/32ch: PSNR(Y)=28.227, SSIM(Y)=0.8723
Set5/16ch: PSNR(Y)=30.570, SSIM(Y)=0.8659
Set14/16ch: PSNR(Y)=27.586, SSIM(Y)=0.7553
B100/16ch: PSNR(Y)=26.906, SSIM(Y)=0.7130
U100/16ch: PSNR(Y)=24.468, SSIM(Y)=0.7239
M109/16ch: PSNR(Y)=27.439, SSIM(Y)=0.8554
Model saved! Best loss: 0.046061
Epoch 90/200: Training loss=0.035904, lr=1.72e-03
Epoch 90/200: Validation combined_loss=0.046058
Validation configuration losses: 32ch=0.045126, 16ch=0.046990
Set5/32ch: PSNR(Y)=30.991, SSIM(Y)=0.8752
Set14/32ch: PSNR(Y)=27.880, SSIM(Y)=0.7622
B100/32ch: PSNR(Y)=27.080, SSIM(Y)=0.7187
U100/32ch: PSNR(Y)=24.815, SSIM(Y)=0.7381
M109/32ch: PSNR(Y)=28.225, SSIM(Y)=0.8723
Set5/16ch: PSNR(Y)=30.573, SSIM(Y)=0.8660
Set14/16ch: PSNR(Y)=27.588, SSIM(Y)=0.7554
B100/16ch: PSNR(Y)=26.907, SSIM(Y)=0.7131
U100/16ch: PSNR(Y)=24.469, SSIM(Y)=0.7240
M109/16ch: PSNR(Y)=27.440, SSIM(Y)=0.8555
Model saved! Best loss: 0.046058
Epoch 91/200: Training loss=0.035861, lr=1.70e-03
Epoch 91/200: Validation combined_loss=0.046053
Validation configuration losses: 32ch=0.045122, 16ch=0.046984
Set5/32ch: PSNR(Y)=30.992, SSIM(Y)=0.8752
Set14/32ch: PSNR(Y)=27.880, SSIM(Y)=0.7622
B100/32ch: PSNR(Y)=27.079, SSIM(Y)=0.7187
U100/32ch: PSNR(Y)=24.815, SSIM(Y)=0.7381
M109/32ch: PSNR(Y)=28.230, SSIM(Y)=0.8724
Set5/16ch: PSNR(Y)=30.573, SSIM(Y)=0.8660
Set14/16ch: PSNR(Y)=27.589, SSIM(Y)=0.7554
B100/16ch: PSNR(Y)=26.907, SSIM(Y)=0.7131
U100/16ch: PSNR(Y)=24.469, SSIM(Y)=0.7240
M109/16ch: PSNR(Y)=27.443, SSIM(Y)=0.8555
Model saved! Best loss: 0.046053
Epoch 92/200: Training loss=0.035879, lr=1.68e-03
Epoch 92/200: Validation combined_loss=0.046049
Validation configuration losses: 32ch=0.045120, 16ch=0.046977
Set5/32ch: PSNR(Y)=30.992, SSIM(Y)=0.8753
Set14/32ch: PSNR(Y)=27.879, SSIM(Y)=0.7622
B100/32ch: PSNR(Y)=27.080, SSIM(Y)=0.7187
U100/32ch: PSNR(Y)=24.815, SSIM(Y)=0.7381
M109/32ch: PSNR(Y)=28.231, SSIM(Y)=0.8724
Set5/16ch: PSNR(Y)=30.574, SSIM(Y)=0.8660
Set14/16ch: PSNR(Y)=27.590, SSIM(Y)=0.7554
B100/16ch: PSNR(Y)=26.908, SSIM(Y)=0.7131
U100/16ch: PSNR(Y)=24.470, SSIM(Y)=0.7241
M109/16ch: PSNR(Y)=27.446, SSIM(Y)=0.8556
Model saved! Best loss: 0.046049
Epoch 93/200: Training loss=0.035876, lr=1.66e-03
Epoch 93/200: Validation combined_loss=0.046041
Validation configuration losses: 32ch=0.045111, 16ch=0.046971
Set5/32ch: PSNR(Y)=30.994, SSIM(Y)=0.8753
Set14/32ch: PSNR(Y)=27.880, SSIM(Y)=0.7622
B100/32ch: PSNR(Y)=27.081, SSIM(Y)=0.7188
U100/32ch: PSNR(Y)=24.817, SSIM(Y)=0.7382
M109/32ch: PSNR(Y)=28.237, SSIM(Y)=0.8725
Set5/16ch: PSNR(Y)=30.579, SSIM(Y)=0.8661
Set14/16ch: PSNR(Y)=27.590, SSIM(Y)=0.7554
B100/16ch: PSNR(Y)=26.908, SSIM(Y)=0.7131
U100/16ch: PSNR(Y)=24.470, SSIM(Y)=0.7241
M109/16ch: PSNR(Y)=27.449, SSIM(Y)=0.8557
Model saved! Best loss: 0.046041
Epoch 94/200: Training loss=0.035896, lr=1.64e-03
Epoch 94/200: Validation combined_loss=0.046037
Validation configuration losses: 32ch=0.045107, 16ch=0.046966
Set5/32ch: PSNR(Y)=30.995, SSIM(Y)=0.8753
Set14/32ch: PSNR(Y)=27.883, SSIM(Y)=0.7623
B100/32ch: PSNR(Y)=27.081, SSIM(Y)=0.7188
U100/32ch: PSNR(Y)=24.818, SSIM(Y)=0.7382
M109/32ch: PSNR(Y)=28.238, SSIM(Y)=0.8725
Set5/16ch: PSNR(Y)=30.580, SSIM(Y)=0.8661
Set14/16ch: PSNR(Y)=27.591, SSIM(Y)=0.7555
B100/16ch: PSNR(Y)=26.909, SSIM(Y)=0.7132
U100/16ch: PSNR(Y)=24.471, SSIM(Y)=0.7242
M109/16ch: PSNR(Y)=27.450, SSIM(Y)=0.8558
Model saved! Best loss: 0.046037
Epoch 95/200: Training loss=0.035905, lr=1.62e-03
Epoch 95/200: Validation combined_loss=0.046028
Validation configuration losses: 32ch=0.045100, 16ch=0.046957
Set5/32ch: PSNR(Y)=30.998, SSIM(Y)=0.8753
Set14/32ch: PSNR(Y)=27.884, SSIM(Y)=0.7624
B100/32ch: PSNR(Y)=27.081, SSIM(Y)=0.7188
U100/32ch: PSNR(Y)=24.819, SSIM(Y)=0.7383
M109/32ch: PSNR(Y)=28.243, SSIM(Y)=0.8726
Set5/16ch: PSNR(Y)=30.581, SSIM(Y)=0.8662
Set14/16ch: PSNR(Y)=27.593, SSIM(Y)=0.7555
B100/16ch: PSNR(Y)=26.909, SSIM(Y)=0.7132
U100/16ch: PSNR(Y)=24.473, SSIM(Y)=0.7242
M109/16ch: PSNR(Y)=27.455, SSIM(Y)=0.8559
Model saved! Best loss: 0.046028
Epoch 96/200: Training loss=0.035901, lr=1.60e-03
Epoch 96/200: Validation combined_loss=0.046023
Validation configuration losses: 32ch=0.045097, 16ch=0.046948
Set5/32ch: PSNR(Y)=30.997, SSIM(Y)=0.8754
Set14/32ch: PSNR(Y)=27.884, SSIM(Y)=0.7624
B100/32ch: PSNR(Y)=27.081, SSIM(Y)=0.7188
U100/32ch: PSNR(Y)=24.819, SSIM(Y)=0.7383
M109/32ch: PSNR(Y)=28.243, SSIM(Y)=0.8726
Set5/16ch: PSNR(Y)=30.582, SSIM(Y)=0.8662
Set14/16ch: PSNR(Y)=27.594, SSIM(Y)=0.7555
B100/16ch: PSNR(Y)=26.909, SSIM(Y)=0.7132
U100/16ch: PSNR(Y)=24.473, SSIM(Y)=0.7243
M109/16ch: PSNR(Y)=27.458, SSIM(Y)=0.8560
Model saved! Best loss: 0.046023
Epoch 97/200: Training loss=0.035929, lr=1.58e-03
Epoch 97/200: Validation combined_loss=0.046017
Validation configuration losses: 32ch=0.045091, 16ch=0.046943
Set5/32ch: PSNR(Y)=30.997, SSIM(Y)=0.8754
Set14/32ch: PSNR(Y)=27.885, SSIM(Y)=0.7624
B100/32ch: PSNR(Y)=27.082, SSIM(Y)=0.7188
U100/32ch: PSNR(Y)=24.821, SSIM(Y)=0.7383
M109/32ch: PSNR(Y)=28.246, SSIM(Y)=0.8727
Set5/16ch: PSNR(Y)=30.582, SSIM(Y)=0.8662
Set14/16ch: PSNR(Y)=27.595, SSIM(Y)=0.7556
B100/16ch: PSNR(Y)=26.910, SSIM(Y)=0.7132
U100/16ch: PSNR(Y)=24.475, SSIM(Y)=0.7243
M109/16ch: PSNR(Y)=27.460, SSIM(Y)=0.8560
Model saved! Best loss: 0.046017
Epoch 98/200: Training loss=0.035833, lr=1.56e-03
Epoch 98/200: Validation combined_loss=0.046015
Validation configuration losses: 32ch=0.045090, 16ch=0.046941
Set5/32ch: PSNR(Y)=30.998, SSIM(Y)=0.8755
Set14/32ch: PSNR(Y)=27.884, SSIM(Y)=0.7624
B100/32ch: PSNR(Y)=27.082, SSIM(Y)=0.7188
U100/32ch: PSNR(Y)=24.820, SSIM(Y)=0.7383
M109/32ch: PSNR(Y)=28.247, SSIM(Y)=0.8727
Set5/16ch: PSNR(Y)=30.584, SSIM(Y)=0.8663
Set14/16ch: PSNR(Y)=27.594, SSIM(Y)=0.7556
B100/16ch: PSNR(Y)=26.910, SSIM(Y)=0.7133
U100/16ch: PSNR(Y)=24.475, SSIM(Y)=0.7243
M109/16ch: PSNR(Y)=27.461, SSIM(Y)=0.8561
Model saved! Best loss: 0.046015
Epoch 99/200: Training loss=0.035900, lr=1.54e-03
Epoch 99/200: Validation combined_loss=0.046008
Validation configuration losses: 32ch=0.045084, 16ch=0.046931
Set5/32ch: PSNR(Y)=30.997, SSIM(Y)=0.8754
Set14/32ch: PSNR(Y)=27.886, SSIM(Y)=0.7625
B100/32ch: PSNR(Y)=27.082, SSIM(Y)=0.7189
U100/32ch: PSNR(Y)=24.822, SSIM(Y)=0.7384
M109/32ch: PSNR(Y)=28.249, SSIM(Y)=0.8727
Set5/16ch: PSNR(Y)=30.584, SSIM(Y)=0.8663
Set14/16ch: PSNR(Y)=27.595, SSIM(Y)=0.7556
B100/16ch: PSNR(Y)=26.911, SSIM(Y)=0.7133
U100/16ch: PSNR(Y)=24.477, SSIM(Y)=0.7244
M109/16ch: PSNR(Y)=27.464, SSIM(Y)=0.8562
Model saved! Best loss: 0.046008
Epoch 100/200: Training loss=0.035846, lr=1.52e-03
Epoch 100/200: Validation combined_loss=0.046004
Validation configuration losses: 32ch=0.045080, 16ch=0.046928
Set5/32ch: PSNR(Y)=30.999, SSIM(Y)=0.8755
Set14/32ch: PSNR(Y)=27.886, SSIM(Y)=0.7625
B100/32ch: PSNR(Y)=27.083, SSIM(Y)=0.7189
U100/32ch: PSNR(Y)=24.822, SSIM(Y)=0.7384
M109/32ch: PSNR(Y)=28.251, SSIM(Y)=0.8728
Set5/16ch: PSNR(Y)=30.586, SSIM(Y)=0.8664
Set14/16ch: PSNR(Y)=27.596, SSIM(Y)=0.7556
B100/16ch: PSNR(Y)=26.911, SSIM(Y)=0.7133
U100/16ch: PSNR(Y)=24.477, SSIM(Y)=0.7244
M109/16ch: PSNR(Y)=27.465, SSIM(Y)=0.8562
Model saved! Best loss: 0.046004
Epoch 101/200: Training loss=0.035844, lr=1.50e-03
Epoch 101/200: Validation combined_loss=0.045997
Validation configuration losses: 32ch=0.045074, 16ch=0.046921
Set5/32ch: PSNR(Y)=31.002, SSIM(Y)=0.8755
Set14/32ch: PSNR(Y)=27.887, SSIM(Y)=0.7625
B100/32ch: PSNR(Y)=27.084, SSIM(Y)=0.7189
U100/32ch: PSNR(Y)=24.823, SSIM(Y)=0.7385
M109/32ch: PSNR(Y)=28.255, SSIM(Y)=0.8728
Set5/16ch: PSNR(Y)=30.589, SSIM(Y)=0.8664
Set14/16ch: PSNR(Y)=27.596, SSIM(Y)=0.7557
B100/16ch: PSNR(Y)=26.912, SSIM(Y)=0.7133
U100/16ch: PSNR(Y)=24.478, SSIM(Y)=0.7245
M109/16ch: PSNR(Y)=27.467, SSIM(Y)=0.8563
Model saved! Best loss: 0.045997
Epoch 102/200: Training loss=0.035865, lr=1.48e-03
Epoch 102/200: Validation combined_loss=0.045991
Validation configuration losses: 32ch=0.045067, 16ch=0.046916
Set5/32ch: PSNR(Y)=31.003, SSIM(Y)=0.8756
Set14/32ch: PSNR(Y)=27.887, SSIM(Y)=0.7625
B100/32ch: PSNR(Y)=27.084, SSIM(Y)=0.7189
U100/32ch: PSNR(Y)=24.824, SSIM(Y)=0.7385
M109/32ch: PSNR(Y)=28.257, SSIM(Y)=0.8729
Set5/16ch: PSNR(Y)=30.591, SSIM(Y)=0.8665
Set14/16ch: PSNR(Y)=27.597, SSIM(Y)=0.7557
B100/16ch: PSNR(Y)=26.912, SSIM(Y)=0.7133
U100/16ch: PSNR(Y)=24.478, SSIM(Y)=0.7245
M109/16ch: PSNR(Y)=27.470, SSIM(Y)=0.8564
Model saved! Best loss: 0.045991
Epoch 103/200: Training loss=0.035794, lr=1.46e-03
Epoch 103/200: Validation combined_loss=0.045989
Validation configuration losses: 32ch=0.045065, 16ch=0.046913
Set5/32ch: PSNR(Y)=31.004, SSIM(Y)=0.8756
Set14/32ch: PSNR(Y)=27.886, SSIM(Y)=0.7625
B100/32ch: PSNR(Y)=27.084, SSIM(Y)=0.7189
U100/32ch: PSNR(Y)=24.825, SSIM(Y)=0.7385
M109/32ch: PSNR(Y)=28.261, SSIM(Y)=0.8730
Set5/16ch: PSNR(Y)=30.590, SSIM(Y)=0.8665
Set14/16ch: PSNR(Y)=27.596, SSIM(Y)=0.7557
B100/16ch: PSNR(Y)=26.912, SSIM(Y)=0.7133
U100/16ch: PSNR(Y)=24.479, SSIM(Y)=0.7245
M109/16ch: PSNR(Y)=27.472, SSIM(Y)=0.8564
Model saved! Best loss: 0.045989
Epoch 104/200: Training loss=0.035851, lr=1.44e-03
Epoch 104/200: Validation combined_loss=0.045983
Validation configuration losses: 32ch=0.045059, 16ch=0.046907
Set5/32ch: PSNR(Y)=31.007, SSIM(Y)=0.8756
Set14/32ch: PSNR(Y)=27.887, SSIM(Y)=0.7626
B100/32ch: PSNR(Y)=27.085, SSIM(Y)=0.7189
U100/32ch: PSNR(Y)=24.826, SSIM(Y)=0.7386
M109/32ch: PSNR(Y)=28.263, SSIM(Y)=0.8730
Set5/16ch: PSNR(Y)=30.590, SSIM(Y)=0.8665
Set14/16ch: PSNR(Y)=27.597, SSIM(Y)=0.7557
B100/16ch: PSNR(Y)=26.913, SSIM(Y)=0.7134
U100/16ch: PSNR(Y)=24.480, SSIM(Y)=0.7246
M109/16ch: PSNR(Y)=27.473, SSIM(Y)=0.8565
Model saved! Best loss: 0.045983
Epoch 105/200: Training loss=0.035805, lr=1.42e-03
Epoch 105/200: Validation combined_loss=0.045981
Validation configuration losses: 32ch=0.045058, 16ch=0.046904
Set5/32ch: PSNR(Y)=31.007, SSIM(Y)=0.8755
Set14/32ch: PSNR(Y)=27.888, SSIM(Y)=0.7626
B100/32ch: PSNR(Y)=27.085, SSIM(Y)=0.7189
U100/32ch: PSNR(Y)=24.826, SSIM(Y)=0.7386
M109/32ch: PSNR(Y)=28.262, SSIM(Y)=0.8730
Set5/16ch: PSNR(Y)=30.593, SSIM(Y)=0.8665
Set14/16ch: PSNR(Y)=27.599, SSIM(Y)=0.7558
B100/16ch: PSNR(Y)=26.913, SSIM(Y)=0.7134
U100/16ch: PSNR(Y)=24.480, SSIM(Y)=0.7246
M109/16ch: PSNR(Y)=27.475, SSIM(Y)=0.8565
Model saved! Best loss: 0.045981
Epoch 106/200: Training loss=0.035864, lr=1.40e-03
Epoch 106/200: Validation combined_loss=0.045977
Validation configuration losses: 32ch=0.045054, 16ch=0.046900
Set5/32ch: PSNR(Y)=31.007, SSIM(Y)=0.8756
Set14/32ch: PSNR(Y)=27.888, SSIM(Y)=0.7626
B100/32ch: PSNR(Y)=27.085, SSIM(Y)=0.7189
U100/32ch: PSNR(Y)=24.826, SSIM(Y)=0.7386
M109/32ch: PSNR(Y)=28.263, SSIM(Y)=0.8730
Set5/16ch: PSNR(Y)=30.595, SSIM(Y)=0.8665
Set14/16ch: PSNR(Y)=27.599, SSIM(Y)=0.7558
B100/16ch: PSNR(Y)=26.913, SSIM(Y)=0.7134
U100/16ch: PSNR(Y)=24.481, SSIM(Y)=0.7246
M109/16ch: PSNR(Y)=27.476, SSIM(Y)=0.8565
Model saved! Best loss: 0.045977
Epoch 107/200: Training loss=0.035818, lr=1.37e-03
Epoch 107/200: Validation combined_loss=0.045971
Validation configuration losses: 32ch=0.045048, 16ch=0.046894
Set5/32ch: PSNR(Y)=31.007, SSIM(Y)=0.8756
Set14/32ch: PSNR(Y)=27.888, SSIM(Y)=0.7626
B100/32ch: PSNR(Y)=27.085, SSIM(Y)=0.7190
U100/32ch: PSNR(Y)=24.828, SSIM(Y)=0.7386
M109/32ch: PSNR(Y)=28.267, SSIM(Y)=0.8730
Set5/16ch: PSNR(Y)=30.594, SSIM(Y)=0.8665
Set14/16ch: PSNR(Y)=27.599, SSIM(Y)=0.7558
B100/16ch: PSNR(Y)=26.913, SSIM(Y)=0.7134
U100/16ch: PSNR(Y)=24.482, SSIM(Y)=0.7247
M109/16ch: PSNR(Y)=27.477, SSIM(Y)=0.8566
Model saved! Best loss: 0.045971
Epoch 108/200: Training loss=0.035864, lr=1.35e-03
Epoch 108/200: Validation combined_loss=0.045968
Validation configuration losses: 32ch=0.045044, 16ch=0.046893
Set5/32ch: PSNR(Y)=31.012, SSIM(Y)=0.8757
Set14/32ch: PSNR(Y)=27.890, SSIM(Y)=0.7626
B100/32ch: PSNR(Y)=27.085, SSIM(Y)=0.7190
U100/32ch: PSNR(Y)=24.828, SSIM(Y)=0.7387
M109/32ch: PSNR(Y)=28.273, SSIM(Y)=0.8731
Set5/16ch: PSNR(Y)=30.597, SSIM(Y)=0.8666
Set14/16ch: PSNR(Y)=27.600, SSIM(Y)=0.7558
B100/16ch: PSNR(Y)=26.914, SSIM(Y)=0.7134
U100/16ch: PSNR(Y)=24.483, SSIM(Y)=0.7247
M109/16ch: PSNR(Y)=27.481, SSIM(Y)=0.8566
Model saved! Best loss: 0.045968
Epoch 109/200: Training loss=0.035874, lr=1.33e-03
Epoch 109/200: Validation combined_loss=0.045957
Validation configuration losses: 32ch=0.045033, 16ch=0.046882
Set5/32ch: PSNR(Y)=31.011, SSIM(Y)=0.8756
Set14/32ch: PSNR(Y)=27.892, SSIM(Y)=0.7627
B100/32ch: PSNR(Y)=27.086, SSIM(Y)=0.7190
U100/32ch: PSNR(Y)=24.831, SSIM(Y)=0.7388
M109/32ch: PSNR(Y)=28.275, SSIM(Y)=0.8732
Set5/16ch: PSNR(Y)=30.597, SSIM(Y)=0.8666
Set14/16ch: PSNR(Y)=27.601, SSIM(Y)=0.7558
B100/16ch: PSNR(Y)=26.914, SSIM(Y)=0.7134
U100/16ch: PSNR(Y)=24.484, SSIM(Y)=0.7248
M109/16ch: PSNR(Y)=27.485, SSIM(Y)=0.8567
Model saved! Best loss: 0.045957
Epoch 110/200: Training loss=0.035865, lr=1.31e-03
Epoch 110/200: Validation combined_loss=0.045957
Validation configuration losses: 32ch=0.045033, 16ch=0.046881
Set5/32ch: PSNR(Y)=31.008, SSIM(Y)=0.8756
Set14/32ch: PSNR(Y)=27.892, SSIM(Y)=0.7627
B100/32ch: PSNR(Y)=27.086, SSIM(Y)=0.7190
U100/32ch: PSNR(Y)=24.831, SSIM(Y)=0.7388
M109/32ch: PSNR(Y)=28.274, SSIM(Y)=0.8732
Set5/16ch: PSNR(Y)=30.594, SSIM(Y)=0.8666
Set14/16ch: PSNR(Y)=27.601, SSIM(Y)=0.7559
B100/16ch: PSNR(Y)=26.915, SSIM(Y)=0.7134
U100/16ch: PSNR(Y)=24.484, SSIM(Y)=0.7248
M109/16ch: PSNR(Y)=27.486, SSIM(Y)=0.8567
Model saved! Best loss: 0.045957
Epoch 111/200: Training loss=0.035880, lr=1.29e-03
Epoch 111/200: Validation combined_loss=0.045953
Validation configuration losses: 32ch=0.045028, 16ch=0.046878
Set5/32ch: PSNR(Y)=31.010, SSIM(Y)=0.8757
Set14/32ch: PSNR(Y)=27.894, SSIM(Y)=0.7627
B100/32ch: PSNR(Y)=27.086, SSIM(Y)=0.7190
U100/32ch: PSNR(Y)=24.831, SSIM(Y)=0.7388
M109/32ch: PSNR(Y)=28.276, SSIM(Y)=0.8732
Set5/16ch: PSNR(Y)=30.596, SSIM(Y)=0.8666
Set14/16ch: PSNR(Y)=27.603, SSIM(Y)=0.7559
B100/16ch: PSNR(Y)=26.915, SSIM(Y)=0.7135
U100/16ch: PSNR(Y)=24.484, SSIM(Y)=0.7248
M109/16ch: PSNR(Y)=27.486, SSIM(Y)=0.8568
Model saved! Best loss: 0.045953
Epoch 112/200: Training loss=0.035839, lr=1.27e-03
Epoch 112/200: Validation combined_loss=0.045950
Validation configuration losses: 32ch=0.045025, 16ch=0.046875
Set5/32ch: PSNR(Y)=31.012, SSIM(Y)=0.8757
Set14/32ch: PSNR(Y)=27.895, SSIM(Y)=0.7627
B100/32ch: PSNR(Y)=27.087, SSIM(Y)=0.7190
U100/32ch: PSNR(Y)=24.831, SSIM(Y)=0.7388
M109/32ch: PSNR(Y)=28.278, SSIM(Y)=0.8732
Set5/16ch: PSNR(Y)=30.599, SSIM(Y)=0.8667
Set14/16ch: PSNR(Y)=27.604, SSIM(Y)=0.7559
B100/16ch: PSNR(Y)=26.916, SSIM(Y)=0.7135
U100/16ch: PSNR(Y)=24.485, SSIM(Y)=0.7248
M109/16ch: PSNR(Y)=27.487, SSIM(Y)=0.8568
Model saved! Best loss: 0.045950
Epoch 113/200: Training loss=0.035855, lr=1.25e-03
Epoch 113/200: Validation combined_loss=0.045948
Validation configuration losses: 32ch=0.045024, 16ch=0.046871
Set5/32ch: PSNR(Y)=31.012, SSIM(Y)=0.8757
Set14/32ch: PSNR(Y)=27.894, SSIM(Y)=0.7627
B100/32ch: PSNR(Y)=27.087, SSIM(Y)=0.7190
U100/32ch: PSNR(Y)=24.831, SSIM(Y)=0.7388
M109/32ch: PSNR(Y)=28.277, SSIM(Y)=0.8732
Set5/16ch: PSNR(Y)=30.598, SSIM(Y)=0.8666
Set14/16ch: PSNR(Y)=27.604, SSIM(Y)=0.7559
B100/16ch: PSNR(Y)=26.916, SSIM(Y)=0.7135
U100/16ch: PSNR(Y)=24.485, SSIM(Y)=0.7249
M109/16ch: PSNR(Y)=27.488, SSIM(Y)=0.8568
Model saved! Best loss: 0.045948
Epoch 114/200: Training loss=0.035865, lr=1.23e-03
Epoch 114/200: Validation combined_loss=0.045943
Validation configuration losses: 32ch=0.045018, 16ch=0.046868
Set5/32ch: PSNR(Y)=31.012, SSIM(Y)=0.8757
Set14/32ch: PSNR(Y)=27.894, SSIM(Y)=0.7627
B100/32ch: PSNR(Y)=27.087, SSIM(Y)=0.7191
U100/32ch: PSNR(Y)=24.833, SSIM(Y)=0.7389
M109/32ch: PSNR(Y)=28.282, SSIM(Y)=0.8733
Set5/16ch: PSNR(Y)=30.598, SSIM(Y)=0.8667
Set14/16ch: PSNR(Y)=27.604, SSIM(Y)=0.7559
B100/16ch: PSNR(Y)=26.916, SSIM(Y)=0.7135
U100/16ch: PSNR(Y)=24.486, SSIM(Y)=0.7249
M109/16ch: PSNR(Y)=27.491, SSIM(Y)=0.8569
Model saved! Best loss: 0.045943
Epoch 115/200: Training loss=0.035845, lr=1.21e-03
Epoch 115/200: Validation combined_loss=0.045940
Validation configuration losses: 32ch=0.045016, 16ch=0.046865
Set5/32ch: PSNR(Y)=31.013, SSIM(Y)=0.8757
Set14/32ch: PSNR(Y)=27.895, SSIM(Y)=0.7627
B100/32ch: PSNR(Y)=27.088, SSIM(Y)=0.7191
U100/32ch: PSNR(Y)=24.834, SSIM(Y)=0.7389
M109/32ch: PSNR(Y)=28.282, SSIM(Y)=0.8733
Set5/16ch: PSNR(Y)=30.598, SSIM(Y)=0.8667
Set14/16ch: PSNR(Y)=27.605, SSIM(Y)=0.7560
B100/16ch: PSNR(Y)=26.916, SSIM(Y)=0.7135
U100/16ch: PSNR(Y)=24.487, SSIM(Y)=0.7249
M109/16ch: PSNR(Y)=27.492, SSIM(Y)=0.8569
Model saved! Best loss: 0.045940
Epoch 116/200: Training loss=0.035815, lr=1.18e-03
Epoch 116/200: Validation combined_loss=0.045933
Validation configuration losses: 32ch=0.045006, 16ch=0.046859
Set5/32ch: PSNR(Y)=31.013, SSIM(Y)=0.8757
Set14/32ch: PSNR(Y)=27.898, SSIM(Y)=0.7628
B100/32ch: PSNR(Y)=27.089, SSIM(Y)=0.7191
U100/32ch: PSNR(Y)=24.835, SSIM(Y)=0.7390
M109/32ch: PSNR(Y)=28.289, SSIM(Y)=0.8734
Set5/16ch: PSNR(Y)=30.601, SSIM(Y)=0.8667
Set14/16ch: PSNR(Y)=27.606, SSIM(Y)=0.7560
B100/16ch: PSNR(Y)=26.917, SSIM(Y)=0.7135
U100/16ch: PSNR(Y)=24.487, SSIM(Y)=0.7249
M109/16ch: PSNR(Y)=27.494, SSIM(Y)=0.8570
Model saved! Best loss: 0.045933
Epoch 117/200: Training loss=0.035818, lr=1.16e-03
Epoch 117/200: Validation combined_loss=0.045931
Validation configuration losses: 32ch=0.045005, 16ch=0.046857
Set5/32ch: PSNR(Y)=31.011, SSIM(Y)=0.8757
Set14/32ch: PSNR(Y)=27.899, SSIM(Y)=0.7628
B100/32ch: PSNR(Y)=27.088, SSIM(Y)=0.7191
U100/32ch: PSNR(Y)=24.836, SSIM(Y)=0.7390
M109/32ch: PSNR(Y)=28.288, SSIM(Y)=0.8734
Set5/16ch: PSNR(Y)=30.599, SSIM(Y)=0.8667
Set14/16ch: PSNR(Y)=27.606, SSIM(Y)=0.7560
B100/16ch: PSNR(Y)=26.917, SSIM(Y)=0.7135
U100/16ch: PSNR(Y)=24.488, SSIM(Y)=0.7249
M109/16ch: PSNR(Y)=27.495, SSIM(Y)=0.8570
Model saved! Best loss: 0.045931
Epoch 118/200: Training loss=0.035836, lr=1.14e-03
Epoch 118/200: Validation combined_loss=0.045932
Validation configuration losses: 32ch=0.045006, 16ch=0.046857
Set5/32ch: PSNR(Y)=31.015, SSIM(Y)=0.8757
Set14/32ch: PSNR(Y)=27.900, SSIM(Y)=0.7628
B100/32ch: PSNR(Y)=27.089, SSIM(Y)=0.7191
U100/32ch: PSNR(Y)=24.836, SSIM(Y)=0.7390
M109/32ch: PSNR(Y)=28.286, SSIM(Y)=0.8734
Set5/16ch: PSNR(Y)=30.600, SSIM(Y)=0.8667
Set14/16ch: PSNR(Y)=27.606, SSIM(Y)=0.7560
B100/16ch: PSNR(Y)=26.917, SSIM(Y)=0.7135
U100/16ch: PSNR(Y)=24.488, SSIM(Y)=0.7250
M109/16ch: PSNR(Y)=27.495, SSIM(Y)=0.8570
Epoch 119/200: Training loss=0.035816, lr=1.12e-03
Epoch 119/200: Validation combined_loss=0.045924
Validation configuration losses: 32ch=0.044999, 16ch=0.046849
Set5/32ch: PSNR(Y)=31.015, SSIM(Y)=0.8757
Set14/32ch: PSNR(Y)=27.899, SSIM(Y)=0.7628
B100/32ch: PSNR(Y)=27.089, SSIM(Y)=0.7191
U100/32ch: PSNR(Y)=24.836, SSIM(Y)=0.7391
M109/32ch: PSNR(Y)=28.289, SSIM(Y)=0.8735
Set5/16ch: PSNR(Y)=30.602, SSIM(Y)=0.8667
Set14/16ch: PSNR(Y)=27.607, SSIM(Y)=0.7560
B100/16ch: PSNR(Y)=26.917, SSIM(Y)=0.7135
U100/16ch: PSNR(Y)=24.489, SSIM(Y)=0.7250
M109/16ch: PSNR(Y)=27.499, SSIM(Y)=0.8571
Model saved! Best loss: 0.045924
Epoch 120/200: Training loss=0.035841, lr=1.10e-03
Epoch 120/200: Validation combined_loss=0.045925
Validation configuration losses: 32ch=0.044998, 16ch=0.046853
Set5/32ch: PSNR(Y)=31.018, SSIM(Y)=0.8758
Set14/32ch: PSNR(Y)=27.900, SSIM(Y)=0.7628
B100/32ch: PSNR(Y)=27.089, SSIM(Y)=0.7191
U100/32ch: PSNR(Y)=24.837, SSIM(Y)=0.7391
M109/32ch: PSNR(Y)=28.290, SSIM(Y)=0.8734
Set5/16ch: PSNR(Y)=30.602, SSIM(Y)=0.8668
Set14/16ch: PSNR(Y)=27.607, SSIM(Y)=0.7560
B100/16ch: PSNR(Y)=26.918, SSIM(Y)=0.7135
U100/16ch: PSNR(Y)=24.488, SSIM(Y)=0.7250
M109/16ch: PSNR(Y)=27.496, SSIM(Y)=0.8570
Epoch 121/200: Training loss=0.035858, lr=1.08e-03
Epoch 121/200: Validation combined_loss=0.045923
Validation configuration losses: 32ch=0.044994, 16ch=0.046851
Set5/32ch: PSNR(Y)=31.015, SSIM(Y)=0.8758
Set14/32ch: PSNR(Y)=27.900, SSIM(Y)=0.7628
B100/32ch: PSNR(Y)=27.089, SSIM(Y)=0.7191
U100/32ch: PSNR(Y)=24.837, SSIM(Y)=0.7391
M109/32ch: PSNR(Y)=28.293, SSIM(Y)=0.8735
Set5/16ch: PSNR(Y)=30.600, SSIM(Y)=0.8667
Set14/16ch: PSNR(Y)=27.606, SSIM(Y)=0.7560
B100/16ch: PSNR(Y)=26.918, SSIM(Y)=0.7136
U100/16ch: PSNR(Y)=24.488, SSIM(Y)=0.7250
M109/16ch: PSNR(Y)=27.497, SSIM(Y)=0.8571
Model saved! Best loss: 0.045923
Epoch 122/200: Training loss=0.035799, lr=1.06e-03
Epoch 122/200: Validation combined_loss=0.045918
Validation configuration losses: 32ch=0.044990, 16ch=0.046847
Set5/32ch: PSNR(Y)=31.012, SSIM(Y)=0.8757
Set14/32ch: PSNR(Y)=27.901, SSIM(Y)=0.7629
B100/32ch: PSNR(Y)=27.090, SSIM(Y)=0.7191
U100/32ch: PSNR(Y)=24.838, SSIM(Y)=0.7391
M109/32ch: PSNR(Y)=28.294, SSIM(Y)=0.8735
Set5/16ch: PSNR(Y)=30.600, SSIM(Y)=0.8667
Set14/16ch: PSNR(Y)=27.607, SSIM(Y)=0.7560
B100/16ch: PSNR(Y)=26.918, SSIM(Y)=0.7136
U100/16ch: PSNR(Y)=24.489, SSIM(Y)=0.7250
M109/16ch: PSNR(Y)=27.499, SSIM(Y)=0.8571
Model saved! Best loss: 0.045918
Epoch 123/200: Training loss=0.035865, lr=1.04e-03
Epoch 123/200: Validation combined_loss=0.045914
Validation configuration losses: 32ch=0.044988, 16ch=0.046841
Set5/32ch: PSNR(Y)=31.013, SSIM(Y)=0.8757
Set14/32ch: PSNR(Y)=27.901, SSIM(Y)=0.7629
B100/32ch: PSNR(Y)=27.090, SSIM(Y)=0.7191
U100/32ch: PSNR(Y)=24.839, SSIM(Y)=0.7392
M109/32ch: PSNR(Y)=28.295, SSIM(Y)=0.8735
Set5/16ch: PSNR(Y)=30.601, SSIM(Y)=0.8667
Set14/16ch: PSNR(Y)=27.607, SSIM(Y)=0.7561
B100/16ch: PSNR(Y)=26.918, SSIM(Y)=0.7136
U100/16ch: PSNR(Y)=24.490, SSIM(Y)=0.7251
M109/16ch: PSNR(Y)=27.501, SSIM(Y)=0.8571
Model saved! Best loss: 0.045914
Epoch 124/200: Training loss=0.035813, lr=1.02e-03
Epoch 124/200: Validation combined_loss=0.045912
Validation configuration losses: 32ch=0.044985, 16ch=0.046839
Set5/32ch: PSNR(Y)=31.014, SSIM(Y)=0.8757
Set14/32ch: PSNR(Y)=27.901, SSIM(Y)=0.7629
B100/32ch: PSNR(Y)=27.090, SSIM(Y)=0.7191
U100/32ch: PSNR(Y)=24.839, SSIM(Y)=0.7392
M109/32ch: PSNR(Y)=28.297, SSIM(Y)=0.8736
Set5/16ch: PSNR(Y)=30.602, SSIM(Y)=0.8667
Set14/16ch: PSNR(Y)=27.607, SSIM(Y)=0.7561
B100/16ch: PSNR(Y)=26.918, SSIM(Y)=0.7136
U100/16ch: PSNR(Y)=24.490, SSIM(Y)=0.7251
M109/16ch: PSNR(Y)=27.503, SSIM(Y)=0.8572
Model saved! Best loss: 0.045912
Epoch 125/200: Training loss=0.035829, lr=9.97e-04
Epoch 125/200: Validation combined_loss=0.045911
Validation configuration losses: 32ch=0.044983, 16ch=0.046838
Set5/32ch: PSNR(Y)=31.014, SSIM(Y)=0.8758
Set14/32ch: PSNR(Y)=27.902, SSIM(Y)=0.7629
B100/32ch: PSNR(Y)=27.091, SSIM(Y)=0.7192
U100/32ch: PSNR(Y)=24.839, SSIM(Y)=0.7392
M109/32ch: PSNR(Y)=28.296, SSIM(Y)=0.8736
Set5/16ch: PSNR(Y)=30.601, SSIM(Y)=0.8668
Set14/16ch: PSNR(Y)=27.608, SSIM(Y)=0.7561
B100/16ch: PSNR(Y)=26.919, SSIM(Y)=0.7136
U100/16ch: PSNR(Y)=24.490, SSIM(Y)=0.7251
M109/16ch: PSNR(Y)=27.501, SSIM(Y)=0.8572
Model saved! Best loss: 0.045911
Epoch 126/200: Training loss=0.035810, lr=9.77e-04
Epoch 126/200: Validation combined_loss=0.045908
Validation configuration losses: 32ch=0.044980, 16ch=0.046836
Set5/32ch: PSNR(Y)=31.014, SSIM(Y)=0.8758
Set14/32ch: PSNR(Y)=27.903, SSIM(Y)=0.7629
B100/32ch: PSNR(Y)=27.091, SSIM(Y)=0.7192
U100/32ch: PSNR(Y)=24.840, SSIM(Y)=0.7392
M109/32ch: PSNR(Y)=28.298, SSIM(Y)=0.8736
Set5/16ch: PSNR(Y)=30.603, SSIM(Y)=0.8668
Set14/16ch: PSNR(Y)=27.609, SSIM(Y)=0.7561
B100/16ch: PSNR(Y)=26.919, SSIM(Y)=0.7136
U100/16ch: PSNR(Y)=24.491, SSIM(Y)=0.7251
M109/16ch: PSNR(Y)=27.502, SSIM(Y)=0.8572
Model saved! Best loss: 0.045908
Epoch 127/200: Training loss=0.035859, lr=9.56e-04
Epoch 127/200: Validation combined_loss=0.045903
Validation configuration losses: 32ch=0.044974, 16ch=0.046832
Set5/32ch: PSNR(Y)=31.014, SSIM(Y)=0.8758
Set14/32ch: PSNR(Y)=27.902, SSIM(Y)=0.7629
B100/32ch: PSNR(Y)=27.091, SSIM(Y)=0.7192
U100/32ch: PSNR(Y)=24.840, SSIM(Y)=0.7392
M109/32ch: PSNR(Y)=28.301, SSIM(Y)=0.8737
Set5/16ch: PSNR(Y)=30.605, SSIM(Y)=0.8668
Set14/16ch: PSNR(Y)=27.609, SSIM(Y)=0.7561
B100/16ch: PSNR(Y)=26.919, SSIM(Y)=0.7136
U100/16ch: PSNR(Y)=24.491, SSIM(Y)=0.7251
M109/16ch: PSNR(Y)=27.505, SSIM(Y)=0.8572
Model saved! Best loss: 0.045903
Epoch 128/200: Training loss=0.035798, lr=9.36e-04
Epoch 128/200: Validation combined_loss=0.045901
Validation configuration losses: 32ch=0.044972, 16ch=0.046830
Set5/32ch: PSNR(Y)=31.014, SSIM(Y)=0.8757
Set14/32ch: PSNR(Y)=27.903, SSIM(Y)=0.7629
B100/32ch: PSNR(Y)=27.091, SSIM(Y)=0.7192
U100/32ch: PSNR(Y)=24.840, SSIM(Y)=0.7392
M109/32ch: PSNR(Y)=28.303, SSIM(Y)=0.8737
Set5/16ch: PSNR(Y)=30.604, SSIM(Y)=0.8668
Set14/16ch: PSNR(Y)=27.609, SSIM(Y)=0.7561
B100/16ch: PSNR(Y)=26.919, SSIM(Y)=0.7136
U100/16ch: PSNR(Y)=24.491, SSIM(Y)=0.7251
M109/16ch: PSNR(Y)=27.506, SSIM(Y)=0.8573
Model saved! Best loss: 0.045901
Epoch 129/200: Training loss=0.035813, lr=9.16e-04
Epoch 129/200: Validation combined_loss=0.045899
Validation configuration losses: 32ch=0.044970, 16ch=0.046829
Set5/32ch: PSNR(Y)=31.016, SSIM(Y)=0.8758
Set14/32ch: PSNR(Y)=27.904, SSIM(Y)=0.7629
B100/32ch: PSNR(Y)=27.091, SSIM(Y)=0.7192
U100/32ch: PSNR(Y)=24.841, SSIM(Y)=0.7393
M109/32ch: PSNR(Y)=28.302, SSIM(Y)=0.8737
Set5/16ch: PSNR(Y)=30.602, SSIM(Y)=0.8668
Set14/16ch: PSNR(Y)=27.609, SSIM(Y)=0.7561
B100/16ch: PSNR(Y)=26.919, SSIM(Y)=0.7136
U100/16ch: PSNR(Y)=24.491, SSIM(Y)=0.7251
M109/16ch: PSNR(Y)=27.505, SSIM(Y)=0.8573
Model saved! Best loss: 0.045899
Epoch 130/200: Training loss=0.035780, lr=8.96e-04
Epoch 130/200: Validation combined_loss=0.045897
Validation configuration losses: 32ch=0.044967, 16ch=0.046826
Set5/32ch: PSNR(Y)=31.016, SSIM(Y)=0.8758
Set14/32ch: PSNR(Y)=27.904, SSIM(Y)=0.7629
B100/32ch: PSNR(Y)=27.092, SSIM(Y)=0.7192
U100/32ch: PSNR(Y)=24.842, SSIM(Y)=0.7393
M109/32ch: PSNR(Y)=28.303, SSIM(Y)=0.8737
Set5/16ch: PSNR(Y)=30.604, SSIM(Y)=0.8668
Set14/16ch: PSNR(Y)=27.610, SSIM(Y)=0.7561
B100/16ch: PSNR(Y)=26.920, SSIM(Y)=0.7136
U100/16ch: PSNR(Y)=24.492, SSIM(Y)=0.7252
M109/16ch: PSNR(Y)=27.507, SSIM(Y)=0.8573
Model saved! Best loss: 0.045897
Epoch 131/200: Training loss=0.035771, lr=8.76e-04
Epoch 131/200: Validation combined_loss=0.045896
Validation configuration losses: 32ch=0.044965, 16ch=0.046827
Set5/32ch: PSNR(Y)=31.015, SSIM(Y)=0.8758
Set14/32ch: PSNR(Y)=27.905, SSIM(Y)=0.7629
B100/32ch: PSNR(Y)=27.092, SSIM(Y)=0.7192
U100/32ch: PSNR(Y)=24.842, SSIM(Y)=0.7393
M109/32ch: PSNR(Y)=28.305, SSIM(Y)=0.8738
Set5/16ch: PSNR(Y)=30.604, SSIM(Y)=0.8668
Set14/16ch: PSNR(Y)=27.609, SSIM(Y)=0.7561
B100/16ch: PSNR(Y)=26.920, SSIM(Y)=0.7136
U100/16ch: PSNR(Y)=24.492, SSIM(Y)=0.7251
M109/16ch: PSNR(Y)=27.507, SSIM(Y)=0.8573
Model saved! Best loss: 0.045896
Epoch 132/200: Training loss=0.035819, lr=8.56e-04
Epoch 132/200: Validation combined_loss=0.045893
Validation configuration losses: 32ch=0.044964, 16ch=0.046822
Set5/32ch: PSNR(Y)=31.019, SSIM(Y)=0.8758
Set14/32ch: PSNR(Y)=27.905, SSIM(Y)=0.7630
B100/32ch: PSNR(Y)=27.092, SSIM(Y)=0.7192
U100/32ch: PSNR(Y)=24.843, SSIM(Y)=0.7393
M109/32ch: PSNR(Y)=28.305, SSIM(Y)=0.8738
Set5/16ch: PSNR(Y)=30.605, SSIM(Y)=0.8668
Set14/16ch: PSNR(Y)=27.610, SSIM(Y)=0.7562
B100/16ch: PSNR(Y)=26.920, SSIM(Y)=0.7136
U100/16ch: PSNR(Y)=24.492, SSIM(Y)=0.7252
M109/16ch: PSNR(Y)=27.509, SSIM(Y)=0.8574
Model saved! Best loss: 0.045893
Epoch 133/200: Training loss=0.035803, lr=8.37e-04
Epoch 133/200: Validation combined_loss=0.045889
Validation configuration losses: 32ch=0.044959, 16ch=0.046819
Set5/32ch: PSNR(Y)=31.018, SSIM(Y)=0.8758
Set14/32ch: PSNR(Y)=27.906, SSIM(Y)=0.7630
B100/32ch: PSNR(Y)=27.093, SSIM(Y)=0.7192
U100/32ch: PSNR(Y)=24.844, SSIM(Y)=0.7394
M109/32ch: PSNR(Y)=28.308, SSIM(Y)=0.8738
Set5/16ch: PSNR(Y)=30.604, SSIM(Y)=0.8668
Set14/16ch: PSNR(Y)=27.610, SSIM(Y)=0.7561
B100/16ch: PSNR(Y)=26.920, SSIM(Y)=0.7136
U100/16ch: PSNR(Y)=24.493, SSIM(Y)=0.7252
M109/16ch: PSNR(Y)=27.510, SSIM(Y)=0.8574
Model saved! Best loss: 0.045889
Epoch 134/200: Training loss=0.035826, lr=8.17e-04
Epoch 134/200: Validation combined_loss=0.045885
Validation configuration losses: 32ch=0.044955, 16ch=0.046815
Set5/32ch: PSNR(Y)=31.019, SSIM(Y)=0.8758
Set14/32ch: PSNR(Y)=27.907, SSIM(Y)=0.7630
B100/32ch: PSNR(Y)=27.093, SSIM(Y)=0.7193
U100/32ch: PSNR(Y)=24.844, SSIM(Y)=0.7394
M109/32ch: PSNR(Y)=28.307, SSIM(Y)=0.8738
Set5/16ch: PSNR(Y)=30.605, SSIM(Y)=0.8668
Set14/16ch: PSNR(Y)=27.611, SSIM(Y)=0.7562
B100/16ch: PSNR(Y)=26.920, SSIM(Y)=0.7136
U100/16ch: PSNR(Y)=24.493, SSIM(Y)=0.7252
M109/16ch: PSNR(Y)=27.511, SSIM(Y)=0.8574
Model saved! Best loss: 0.045885
Epoch 135/200: Training loss=0.035854, lr=7.98e-04
Epoch 135/200: Validation combined_loss=0.045883
Validation configuration losses: 32ch=0.044952, 16ch=0.046814
Set5/32ch: PSNR(Y)=31.017, SSIM(Y)=0.8758
Set14/32ch: PSNR(Y)=27.907, SSIM(Y)=0.7630
B100/32ch: PSNR(Y)=27.094, SSIM(Y)=0.7193
U100/32ch: PSNR(Y)=24.845, SSIM(Y)=0.7394
M109/32ch: PSNR(Y)=28.309, SSIM(Y)=0.8738
Set5/16ch: PSNR(Y)=30.605, SSIM(Y)=0.8668
Set14/16ch: PSNR(Y)=27.612, SSIM(Y)=0.7562
B100/16ch: PSNR(Y)=26.921, SSIM(Y)=0.7136
U100/16ch: PSNR(Y)=24.494, SSIM(Y)=0.7252
M109/16ch: PSNR(Y)=27.513, SSIM(Y)=0.8574
Model saved! Best loss: 0.045883
Epoch 136/200: Training loss=0.035798, lr=7.79e-04
Epoch 136/200: Validation combined_loss=0.045881
Validation configuration losses: 32ch=0.044950, 16ch=0.046813
Set5/32ch: PSNR(Y)=31.015, SSIM(Y)=0.8757
Set14/32ch: PSNR(Y)=27.908, SSIM(Y)=0.7630
B100/32ch: PSNR(Y)=27.094, SSIM(Y)=0.7193
U100/32ch: PSNR(Y)=24.845, SSIM(Y)=0.7394
M109/32ch: PSNR(Y)=28.310, SSIM(Y)=0.8739
Set5/16ch: PSNR(Y)=30.604, SSIM(Y)=0.8668
Set14/16ch: PSNR(Y)=27.612, SSIM(Y)=0.7562
B100/16ch: PSNR(Y)=26.921, SSIM(Y)=0.7137
U100/16ch: PSNR(Y)=24.494, SSIM(Y)=0.7252
M109/16ch: PSNR(Y)=27.513, SSIM(Y)=0.8575
Model saved! Best loss: 0.045881
Epoch 137/200: Training loss=0.035805, lr=7.60e-04
Epoch 137/200: Validation combined_loss=0.045881
Validation configuration losses: 32ch=0.044950, 16ch=0.046812
Set5/32ch: PSNR(Y)=31.017, SSIM(Y)=0.8758
Set14/32ch: PSNR(Y)=27.908, SSIM(Y)=0.7630
B100/32ch: PSNR(Y)=27.094, SSIM(Y)=0.7193
U100/32ch: PSNR(Y)=24.845, SSIM(Y)=0.7395
M109/32ch: PSNR(Y)=28.309, SSIM(Y)=0.8739
Set5/16ch: PSNR(Y)=30.604, SSIM(Y)=0.8668
Set14/16ch: PSNR(Y)=27.611, SSIM(Y)=0.7562
B100/16ch: PSNR(Y)=26.921, SSIM(Y)=0.7137
U100/16ch: PSNR(Y)=24.494, SSIM(Y)=0.7253
M109/16ch: PSNR(Y)=27.513, SSIM(Y)=0.8575
Model saved! Best loss: 0.045881
Epoch 138/200: Training loss=0.035751, lr=7.41e-04
Epoch 138/200: Validation combined_loss=0.045877
Validation configuration losses: 32ch=0.044946, 16ch=0.046807
Set5/32ch: PSNR(Y)=31.020, SSIM(Y)=0.8758
Set14/32ch: PSNR(Y)=27.908, SSIM(Y)=0.7630
B100/32ch: PSNR(Y)=27.094, SSIM(Y)=0.7193
U100/32ch: PSNR(Y)=24.845, SSIM(Y)=0.7395
M109/32ch: PSNR(Y)=28.312, SSIM(Y)=0.8739
Set5/16ch: PSNR(Y)=30.605, SSIM(Y)=0.8669
Set14/16ch: PSNR(Y)=27.613, SSIM(Y)=0.7562
B100/16ch: PSNR(Y)=26.921, SSIM(Y)=0.7137
U100/16ch: PSNR(Y)=24.495, SSIM(Y)=0.7253
M109/16ch: PSNR(Y)=27.516, SSIM(Y)=0.8575
Model saved! Best loss: 0.045877
Epoch 139/200: Training loss=0.035805, lr=7.22e-04
Epoch 139/200: Validation combined_loss=0.045874
Validation configuration losses: 32ch=0.044944, 16ch=0.046805
Set5/32ch: PSNR(Y)=31.018, SSIM(Y)=0.8758
Set14/32ch: PSNR(Y)=27.908, SSIM(Y)=0.7630
B100/32ch: PSNR(Y)=27.094, SSIM(Y)=0.7193
U100/32ch: PSNR(Y)=24.845, SSIM(Y)=0.7395
M109/32ch: PSNR(Y)=28.312, SSIM(Y)=0.8739
Set5/16ch: PSNR(Y)=30.605, SSIM(Y)=0.8669
Set14/16ch: PSNR(Y)=27.613, SSIM(Y)=0.7562
B100/16ch: PSNR(Y)=26.921, SSIM(Y)=0.7137
U100/16ch: PSNR(Y)=24.495, SSIM(Y)=0.7253
M109/16ch: PSNR(Y)=27.517, SSIM(Y)=0.8575
Model saved! Best loss: 0.045874
Epoch 140/200: Training loss=0.035784, lr=7.03e-04
Epoch 140/200: Validation combined_loss=0.045872
Validation configuration losses: 32ch=0.044941, 16ch=0.046803
Set5/32ch: PSNR(Y)=31.017, SSIM(Y)=0.8758
Set14/32ch: PSNR(Y)=27.909, SSIM(Y)=0.7631
B100/32ch: PSNR(Y)=27.094, SSIM(Y)=0.7193
U100/32ch: PSNR(Y)=24.846, SSIM(Y)=0.7395
M109/32ch: PSNR(Y)=28.314, SSIM(Y)=0.8740
Set5/16ch: PSNR(Y)=30.603, SSIM(Y)=0.8669
Set14/16ch: PSNR(Y)=27.613, SSIM(Y)=0.7562
B100/16ch: PSNR(Y)=26.921, SSIM(Y)=0.7137
U100/16ch: PSNR(Y)=24.495, SSIM(Y)=0.7253
M109/16ch: PSNR(Y)=27.517, SSIM(Y)=0.8575
Model saved! Best loss: 0.045872
Epoch 141/200: Training loss=0.035768, lr=6.85e-04
Epoch 141/200: Validation combined_loss=0.045872
Validation configuration losses: 32ch=0.044941, 16ch=0.046803
Set5/32ch: PSNR(Y)=31.020, SSIM(Y)=0.8758
Set14/32ch: PSNR(Y)=27.910, SSIM(Y)=0.7631
B100/32ch: PSNR(Y)=27.095, SSIM(Y)=0.7193
U100/32ch: PSNR(Y)=24.846, SSIM(Y)=0.7395
M109/32ch: PSNR(Y)=28.314, SSIM(Y)=0.8740
Set5/16ch: PSNR(Y)=30.604, SSIM(Y)=0.8669
Set14/16ch: PSNR(Y)=27.614, SSIM(Y)=0.7562
B100/16ch: PSNR(Y)=26.922, SSIM(Y)=0.7137
U100/16ch: PSNR(Y)=24.496, SSIM(Y)=0.7253
M109/16ch: PSNR(Y)=27.517, SSIM(Y)=0.8576
Epoch 142/200: Training loss=0.035797, lr=6.67e-04
Epoch 142/200: Validation combined_loss=0.045869
Validation configuration losses: 32ch=0.044938, 16ch=0.046800
Set5/32ch: PSNR(Y)=31.018, SSIM(Y)=0.8758
Set14/32ch: PSNR(Y)=27.911, SSIM(Y)=0.7631
B100/32ch: PSNR(Y)=27.095, SSIM(Y)=0.7193
U100/32ch: PSNR(Y)=24.846, SSIM(Y)=0.7395
M109/32ch: PSNR(Y)=28.315, SSIM(Y)=0.8740
Set5/16ch: PSNR(Y)=30.604, SSIM(Y)=0.8669
Set14/16ch: PSNR(Y)=27.614, SSIM(Y)=0.7562
B100/16ch: PSNR(Y)=26.922, SSIM(Y)=0.7137
U100/16ch: PSNR(Y)=24.496, SSIM(Y)=0.7253
M109/16ch: PSNR(Y)=27.518, SSIM(Y)=0.8576
Model saved! Best loss: 0.045869
Epoch 143/200: Training loss=0.035769, lr=6.49e-04
Epoch 143/200: Validation combined_loss=0.045865
Validation configuration losses: 32ch=0.044934, 16ch=0.046797
Set5/32ch: PSNR(Y)=31.019, SSIM(Y)=0.8758
Set14/32ch: PSNR(Y)=27.911, SSIM(Y)=0.7631
B100/32ch: PSNR(Y)=27.095, SSIM(Y)=0.7193
U100/32ch: PSNR(Y)=24.847, SSIM(Y)=0.7396
M109/32ch: PSNR(Y)=28.318, SSIM(Y)=0.8740
Set5/16ch: PSNR(Y)=30.605, SSIM(Y)=0.8669
Set14/16ch: PSNR(Y)=27.615, SSIM(Y)=0.7562
B100/16ch: PSNR(Y)=26.922, SSIM(Y)=0.7137
U100/16ch: PSNR(Y)=24.496, SSIM(Y)=0.7253
M109/16ch: PSNR(Y)=27.520, SSIM(Y)=0.8576
Model saved! Best loss: 0.045865
Epoch 144/200: Training loss=0.035768, lr=6.31e-04
Epoch 144/200: Validation combined_loss=0.045867
Validation configuration losses: 32ch=0.044935, 16ch=0.046800
Set5/32ch: PSNR(Y)=31.018, SSIM(Y)=0.8758
Set14/32ch: PSNR(Y)=27.910, SSIM(Y)=0.7631
B100/32ch: PSNR(Y)=27.096, SSIM(Y)=0.7193
U100/32ch: PSNR(Y)=24.848, SSIM(Y)=0.7396
M109/32ch: PSNR(Y)=28.317, SSIM(Y)=0.8740
Set5/16ch: PSNR(Y)=30.604, SSIM(Y)=0.8669
Set14/16ch: PSNR(Y)=27.614, SSIM(Y)=0.7562
B100/16ch: PSNR(Y)=26.922, SSIM(Y)=0.7137
U100/16ch: PSNR(Y)=24.496, SSIM(Y)=0.7253
M109/16ch: PSNR(Y)=27.519, SSIM(Y)=0.8576
Epoch 145/200: Training loss=0.035827, lr=6.13e-04
Epoch 145/200: Validation combined_loss=0.045865
Validation configuration losses: 32ch=0.044933, 16ch=0.046796
Set5/32ch: PSNR(Y)=31.020, SSIM(Y)=0.8759
Set14/32ch: PSNR(Y)=27.911, SSIM(Y)=0.7631
B100/32ch: PSNR(Y)=27.096, SSIM(Y)=0.7193
U100/32ch: PSNR(Y)=24.847, SSIM(Y)=0.7396
M109/32ch: PSNR(Y)=28.319, SSIM(Y)=0.8741
Set5/16ch: PSNR(Y)=30.606, SSIM(Y)=0.8669
Set14/16ch: PSNR(Y)=27.615, SSIM(Y)=0.7563
B100/16ch: PSNR(Y)=26.922, SSIM(Y)=0.7137
U100/16ch: PSNR(Y)=24.496, SSIM(Y)=0.7253
M109/16ch: PSNR(Y)=27.521, SSIM(Y)=0.8576
Model saved! Best loss: 0.045865
Epoch 146/200: Training loss=0.035835, lr=5.96e-04
Epoch 146/200: Validation combined_loss=0.045861
Validation configuration losses: 32ch=0.044930, 16ch=0.046791
Set5/32ch: PSNR(Y)=31.019, SSIM(Y)=0.8759
Set14/32ch: PSNR(Y)=27.911, SSIM(Y)=0.7631
B100/32ch: PSNR(Y)=27.096, SSIM(Y)=0.7193
U100/32ch: PSNR(Y)=24.848, SSIM(Y)=0.7396
M109/32ch: PSNR(Y)=28.319, SSIM(Y)=0.8741
Set5/16ch: PSNR(Y)=30.605, SSIM(Y)=0.8669
Set14/16ch: PSNR(Y)=27.614, SSIM(Y)=0.7563
B100/16ch: PSNR(Y)=26.922, SSIM(Y)=0.7137
U100/16ch: PSNR(Y)=24.497, SSIM(Y)=0.7254
M109/16ch: PSNR(Y)=27.523, SSIM(Y)=0.8577
Model saved! Best loss: 0.045861
Epoch 147/200: Training loss=0.035770, lr=5.79e-04
Epoch 147/200: Validation combined_loss=0.045857
Validation configuration losses: 32ch=0.044926, 16ch=0.046788
Set5/32ch: PSNR(Y)=31.020, SSIM(Y)=0.8759
Set14/32ch: PSNR(Y)=27.910, SSIM(Y)=0.7631
B100/32ch: PSNR(Y)=27.096, SSIM(Y)=0.7193
U100/32ch: PSNR(Y)=24.848, SSIM(Y)=0.7396
M109/32ch: PSNR(Y)=28.322, SSIM(Y)=0.8741
Set5/16ch: PSNR(Y)=30.606, SSIM(Y)=0.8669
Set14/16ch: PSNR(Y)=27.614, SSIM(Y)=0.7563
B100/16ch: PSNR(Y)=26.923, SSIM(Y)=0.7137
U100/16ch: PSNR(Y)=24.497, SSIM(Y)=0.7254
M109/16ch: PSNR(Y)=27.524, SSIM(Y)=0.8577
Model saved! Best loss: 0.045857
Epoch 148/200: Training loss=0.035827, lr=5.62e-04
Epoch 148/200: Validation combined_loss=0.045857
Validation configuration losses: 32ch=0.044926, 16ch=0.046788
Set5/32ch: PSNR(Y)=31.022, SSIM(Y)=0.8759
Set14/32ch: PSNR(Y)=27.911, SSIM(Y)=0.7631
B100/32ch: PSNR(Y)=27.096, SSIM(Y)=0.7193
U100/32ch: PSNR(Y)=24.849, SSIM(Y)=0.7396
M109/32ch: PSNR(Y)=28.322, SSIM(Y)=0.8741
Set5/16ch: PSNR(Y)=30.606, SSIM(Y)=0.8669
Set14/16ch: PSNR(Y)=27.615, SSIM(Y)=0.7563
B100/16ch: PSNR(Y)=26.923, SSIM(Y)=0.7137
U100/16ch: PSNR(Y)=24.497, SSIM(Y)=0.7254
M109/16ch: PSNR(Y)=27.525, SSIM(Y)=0.8577
Model saved! Best loss: 0.045857
Epoch 149/200: Training loss=0.035863, lr=5.45e-04
Epoch 149/200: Validation combined_loss=0.045853
Validation configuration losses: 32ch=0.044922, 16ch=0.046785
Set5/32ch: PSNR(Y)=31.021, SSIM(Y)=0.8759
Set14/32ch: PSNR(Y)=27.912, SSIM(Y)=0.7631
B100/32ch: PSNR(Y)=27.096, SSIM(Y)=0.7193
U100/32ch: PSNR(Y)=24.850, SSIM(Y)=0.7397
M109/32ch: PSNR(Y)=28.324, SSIM(Y)=0.8742
Set5/16ch: PSNR(Y)=30.606, SSIM(Y)=0.8669
Set14/16ch: PSNR(Y)=27.615, SSIM(Y)=0.7563
B100/16ch: PSNR(Y)=26.923, SSIM(Y)=0.7137
U100/16ch: PSNR(Y)=24.498, SSIM(Y)=0.7254
M109/16ch: PSNR(Y)=27.526, SSIM(Y)=0.8578
Model saved! Best loss: 0.045853
Epoch 150/200: Training loss=0.035781, lr=5.29e-04
Epoch 150/200: Validation combined_loss=0.045854
Validation configuration losses: 32ch=0.044923, 16ch=0.046785
Set5/32ch: PSNR(Y)=31.023, SSIM(Y)=0.8759
Set14/32ch: PSNR(Y)=27.913, SSIM(Y)=0.7632
B100/32ch: PSNR(Y)=27.096, SSIM(Y)=0.7194
U100/32ch: PSNR(Y)=24.849, SSIM(Y)=0.7397
M109/32ch: PSNR(Y)=28.324, SSIM(Y)=0.8742
Set5/16ch: PSNR(Y)=30.607, SSIM(Y)=0.8669
Set14/16ch: PSNR(Y)=27.615, SSIM(Y)=0.7563
B100/16ch: PSNR(Y)=26.923, SSIM(Y)=0.7137
U100/16ch: PSNR(Y)=24.498, SSIM(Y)=0.7254
M109/16ch: PSNR(Y)=27.526, SSIM(Y)=0.8578
Epoch 151/200: Training loss=0.035759, lr=5.12e-04
Epoch 151/200: Validation combined_loss=0.045852
Validation configuration losses: 32ch=0.044922, 16ch=0.046781
Set5/32ch: PSNR(Y)=31.020, SSIM(Y)=0.8759
Set14/32ch: PSNR(Y)=27.913, SSIM(Y)=0.7632
B100/32ch: PSNR(Y)=27.097, SSIM(Y)=0.7194
U100/32ch: PSNR(Y)=24.850, SSIM(Y)=0.7397
M109/32ch: PSNR(Y)=28.323, SSIM(Y)=0.8742
Set5/16ch: PSNR(Y)=30.606, SSIM(Y)=0.8669
Set14/16ch: PSNR(Y)=27.616, SSIM(Y)=0.7563
B100/16ch: PSNR(Y)=26.923, SSIM(Y)=0.7137
U100/16ch: PSNR(Y)=24.498, SSIM(Y)=0.7254
M109/16ch: PSNR(Y)=27.527, SSIM(Y)=0.8578
Model saved! Best loss: 0.045852
Epoch 152/200: Training loss=0.035763, lr=4.96e-04
Epoch 152/200: Validation combined_loss=0.045847
Validation configuration losses: 32ch=0.044915, 16ch=0.046778
Set5/32ch: PSNR(Y)=31.021, SSIM(Y)=0.8759
Set14/32ch: PSNR(Y)=27.914, SSIM(Y)=0.7632
B100/32ch: PSNR(Y)=27.097, SSIM(Y)=0.7194
U100/32ch: PSNR(Y)=24.850, SSIM(Y)=0.7397
M109/32ch: PSNR(Y)=28.326, SSIM(Y)=0.8742
Set5/16ch: PSNR(Y)=30.605, SSIM(Y)=0.8669
Set14/16ch: PSNR(Y)=27.615, SSIM(Y)=0.7563
B100/16ch: PSNR(Y)=26.923, SSIM(Y)=0.7137
U100/16ch: PSNR(Y)=24.498, SSIM(Y)=0.7255
M109/16ch: PSNR(Y)=27.528, SSIM(Y)=0.8578
Model saved! Best loss: 0.045847
Epoch 153/200: Training loss=0.035818, lr=4.80e-04
Epoch 153/200: Validation combined_loss=0.045847
Validation configuration losses: 32ch=0.044915, 16ch=0.046778
Set5/32ch: PSNR(Y)=31.019, SSIM(Y)=0.8759
Set14/32ch: PSNR(Y)=27.914, SSIM(Y)=0.7632
B100/32ch: PSNR(Y)=27.097, SSIM(Y)=0.7194
U100/32ch: PSNR(Y)=24.851, SSIM(Y)=0.7397
M109/32ch: PSNR(Y)=28.326, SSIM(Y)=0.8742
Set5/16ch: PSNR(Y)=30.606, SSIM(Y)=0.8670
Set14/16ch: PSNR(Y)=27.616, SSIM(Y)=0.7563
B100/16ch: PSNR(Y)=26.923, SSIM(Y)=0.7137
U100/16ch: PSNR(Y)=24.499, SSIM(Y)=0.7255
M109/16ch: PSNR(Y)=27.528, SSIM(Y)=0.8578
Model saved! Best loss: 0.045847
Epoch 154/200: Training loss=0.035774, lr=4.65e-04
Epoch 154/200: Validation combined_loss=0.045845
Validation configuration losses: 32ch=0.044915, 16ch=0.046775
Set5/32ch: PSNR(Y)=31.020, SSIM(Y)=0.8759
Set14/32ch: PSNR(Y)=27.915, SSIM(Y)=0.7632
B100/32ch: PSNR(Y)=27.097, SSIM(Y)=0.7194
U100/32ch: PSNR(Y)=24.850, SSIM(Y)=0.7397
M109/32ch: PSNR(Y)=28.326, SSIM(Y)=0.8742
Set5/16ch: PSNR(Y)=30.607, SSIM(Y)=0.8670
Set14/16ch: PSNR(Y)=27.616, SSIM(Y)=0.7563
B100/16ch: PSNR(Y)=26.923, SSIM(Y)=0.7137
U100/16ch: PSNR(Y)=24.499, SSIM(Y)=0.7255
M109/16ch: PSNR(Y)=27.530, SSIM(Y)=0.8578
Model saved! Best loss: 0.045845
Epoch 155/200: Training loss=0.035774, lr=4.49e-04
Epoch 155/200: Validation combined_loss=0.045845
Validation configuration losses: 32ch=0.044914, 16ch=0.046775
Set5/32ch: PSNR(Y)=31.020, SSIM(Y)=0.8759
Set14/32ch: PSNR(Y)=27.916, SSIM(Y)=0.7632
B100/32ch: PSNR(Y)=27.097, SSIM(Y)=0.7194
U100/32ch: PSNR(Y)=24.850, SSIM(Y)=0.7397
M109/32ch: PSNR(Y)=28.325, SSIM(Y)=0.8742
Set5/16ch: PSNR(Y)=30.605, SSIM(Y)=0.8670
Set14/16ch: PSNR(Y)=27.617, SSIM(Y)=0.7563
B100/16ch: PSNR(Y)=26.923, SSIM(Y)=0.7138
U100/16ch: PSNR(Y)=24.499, SSIM(Y)=0.7255
M109/16ch: PSNR(Y)=27.528, SSIM(Y)=0.8578
Model saved! Best loss: 0.045845
Epoch 156/200: Training loss=0.035737, lr=4.34e-04
Epoch 156/200: Validation combined_loss=0.045844
Validation configuration losses: 32ch=0.044913, 16ch=0.046775
Set5/32ch: PSNR(Y)=31.024, SSIM(Y)=0.8759
Set14/32ch: PSNR(Y)=27.916, SSIM(Y)=0.7632
B100/32ch: PSNR(Y)=27.097, SSIM(Y)=0.7194
U100/32ch: PSNR(Y)=24.850, SSIM(Y)=0.7397
M109/32ch: PSNR(Y)=28.325, SSIM(Y)=0.8742
Set5/16ch: PSNR(Y)=30.604, SSIM(Y)=0.8669
Set14/16ch: PSNR(Y)=27.617, SSIM(Y)=0.7563
B100/16ch: PSNR(Y)=26.923, SSIM(Y)=0.7138
U100/16ch: PSNR(Y)=24.499, SSIM(Y)=0.7255
M109/16ch: PSNR(Y)=27.529, SSIM(Y)=0.8579
Model saved! Best loss: 0.045844
Epoch 157/200: Training loss=0.035755, lr=4.20e-04
Epoch 157/200: Validation combined_loss=0.045841
Validation configuration losses: 32ch=0.044909, 16ch=0.046773
Set5/32ch: PSNR(Y)=31.025, SSIM(Y)=0.8760
Set14/32ch: PSNR(Y)=27.915, SSIM(Y)=0.7632
B100/32ch: PSNR(Y)=27.097, SSIM(Y)=0.7194
U100/32ch: PSNR(Y)=24.850, SSIM(Y)=0.7397
M109/32ch: PSNR(Y)=28.330, SSIM(Y)=0.8743
Set5/16ch: PSNR(Y)=30.605, SSIM(Y)=0.8670
Set14/16ch: PSNR(Y)=27.616, SSIM(Y)=0.7563
B100/16ch: PSNR(Y)=26.923, SSIM(Y)=0.7138
U100/16ch: PSNR(Y)=24.499, SSIM(Y)=0.7255
M109/16ch: PSNR(Y)=27.530, SSIM(Y)=0.8579
Model saved! Best loss: 0.045841
Epoch 158/200: Training loss=0.035721, lr=4.05e-04
Epoch 158/200: Validation combined_loss=0.045840
Validation configuration losses: 32ch=0.044910, 16ch=0.046770
Set5/32ch: PSNR(Y)=31.026, SSIM(Y)=0.8760
Set14/32ch: PSNR(Y)=27.917, SSIM(Y)=0.7632
B100/32ch: PSNR(Y)=27.098, SSIM(Y)=0.7194
U100/32ch: PSNR(Y)=24.851, SSIM(Y)=0.7397
M109/32ch: PSNR(Y)=28.329, SSIM(Y)=0.8743
Set5/16ch: PSNR(Y)=30.607, SSIM(Y)=0.8670
Set14/16ch: PSNR(Y)=27.617, SSIM(Y)=0.7563
B100/16ch: PSNR(Y)=26.924, SSIM(Y)=0.7138
U100/16ch: PSNR(Y)=24.500, SSIM(Y)=0.7255
M109/16ch: PSNR(Y)=27.533, SSIM(Y)=0.8579
Model saved! Best loss: 0.045840
Epoch 159/200: Training loss=0.035811, lr=3.91e-04
Epoch 159/200: Validation combined_loss=0.045842
Validation configuration losses: 32ch=0.044911, 16ch=0.046773
Set5/32ch: PSNR(Y)=31.025, SSIM(Y)=0.8760
Set14/32ch: PSNR(Y)=27.916, SSIM(Y)=0.7632
B100/32ch: PSNR(Y)=27.098, SSIM(Y)=0.7194
U100/32ch: PSNR(Y)=24.850, SSIM(Y)=0.7398
M109/32ch: PSNR(Y)=28.328, SSIM(Y)=0.8743
Set5/16ch: PSNR(Y)=30.608, SSIM(Y)=0.8670
Set14/16ch: PSNR(Y)=27.617, SSIM(Y)=0.7563
B100/16ch: PSNR(Y)=26.924, SSIM(Y)=0.7138
U100/16ch: PSNR(Y)=24.499, SSIM(Y)=0.7255
M109/16ch: PSNR(Y)=27.531, SSIM(Y)=0.8579
Epoch 160/200: Training loss=0.035769, lr=3.77e-04
Epoch 160/200: Validation combined_loss=0.045840
Validation configuration losses: 32ch=0.044908, 16ch=0.046772
Set5/32ch: PSNR(Y)=31.028, SSIM(Y)=0.8760
Set14/32ch: PSNR(Y)=27.916, SSIM(Y)=0.7633
B100/32ch: PSNR(Y)=27.098, SSIM(Y)=0.7194
U100/32ch: PSNR(Y)=24.851, SSIM(Y)=0.7398
M109/32ch: PSNR(Y)=28.329, SSIM(Y)=0.8743
Set5/16ch: PSNR(Y)=30.607, SSIM(Y)=0.8670
Set14/16ch: PSNR(Y)=27.617, SSIM(Y)=0.7563
B100/16ch: PSNR(Y)=26.924, SSIM(Y)=0.7138
U100/16ch: PSNR(Y)=24.500, SSIM(Y)=0.7255
M109/16ch: PSNR(Y)=27.530, SSIM(Y)=0.8579
Model saved! Best loss: 0.045840
Epoch 161/200: Training loss=0.035786, lr=3.63e-04
Epoch 161/200: Validation combined_loss=0.045837
Validation configuration losses: 32ch=0.044905, 16ch=0.046769
Set5/32ch: PSNR(Y)=31.025, SSIM(Y)=0.8760
Set14/32ch: PSNR(Y)=27.916, SSIM(Y)=0.7632
B100/32ch: PSNR(Y)=27.098, SSIM(Y)=0.7194
U100/32ch: PSNR(Y)=24.852, SSIM(Y)=0.7398
M109/32ch: PSNR(Y)=28.332, SSIM(Y)=0.8743
Set5/16ch: PSNR(Y)=30.606, SSIM(Y)=0.8670
Set14/16ch: PSNR(Y)=27.617, SSIM(Y)=0.7563
B100/16ch: PSNR(Y)=26.924, SSIM(Y)=0.7138
U100/16ch: PSNR(Y)=24.500, SSIM(Y)=0.7255
M109/16ch: PSNR(Y)=27.532, SSIM(Y)=0.8579
Model saved! Best loss: 0.045837
Epoch 162/200: Training loss=0.035763, lr=3.50e-04
Epoch 162/200: Validation combined_loss=0.045837
Validation configuration losses: 32ch=0.044906, 16ch=0.046768
Set5/32ch: PSNR(Y)=31.027, SSIM(Y)=0.8760
Set14/32ch: PSNR(Y)=27.916, SSIM(Y)=0.7632
B100/32ch: PSNR(Y)=27.099, SSIM(Y)=0.7194
U100/32ch: PSNR(Y)=24.852, SSIM(Y)=0.7398
M109/32ch: PSNR(Y)=28.331, SSIM(Y)=0.8743
Set5/16ch: PSNR(Y)=30.607, SSIM(Y)=0.8670
Set14/16ch: PSNR(Y)=27.617, SSIM(Y)=0.7563
B100/16ch: PSNR(Y)=26.924, SSIM(Y)=0.7138
U100/16ch: PSNR(Y)=24.500, SSIM(Y)=0.7255
M109/16ch: PSNR(Y)=27.533, SSIM(Y)=0.8579
Model saved! Best loss: 0.045837
Epoch 163/200: Training loss=0.035741, lr=3.37e-04
Epoch 163/200: Validation combined_loss=0.045834
Validation configuration losses: 32ch=0.044904, 16ch=0.046765
Set5/32ch: PSNR(Y)=31.027, SSIM(Y)=0.8760
Set14/32ch: PSNR(Y)=27.916, SSIM(Y)=0.7633
B100/32ch: PSNR(Y)=27.099, SSIM(Y)=0.7194
U100/32ch: PSNR(Y)=24.852, SSIM(Y)=0.7398
M109/32ch: PSNR(Y)=28.330, SSIM(Y)=0.8743
Set5/16ch: PSNR(Y)=30.608, SSIM(Y)=0.8670
Set14/16ch: PSNR(Y)=27.617, SSIM(Y)=0.7564
B100/16ch: PSNR(Y)=26.925, SSIM(Y)=0.7138
U100/16ch: PSNR(Y)=24.501, SSIM(Y)=0.7256
M109/16ch: PSNR(Y)=27.535, SSIM(Y)=0.8580
Model saved! Best loss: 0.045834
Epoch 164/200: Training loss=0.035775, lr=3.24e-04
Epoch 164/200: Validation combined_loss=0.045834
Validation configuration losses: 32ch=0.044903, 16ch=0.046764
Set5/32ch: PSNR(Y)=31.027, SSIM(Y)=0.8760
Set14/32ch: PSNR(Y)=27.917, SSIM(Y)=0.7633
B100/32ch: PSNR(Y)=27.099, SSIM(Y)=0.7194
U100/32ch: PSNR(Y)=24.852, SSIM(Y)=0.7398
M109/32ch: PSNR(Y)=28.331, SSIM(Y)=0.8743
Set5/16ch: PSNR(Y)=30.607, SSIM(Y)=0.8670
Set14/16ch: PSNR(Y)=27.618, SSIM(Y)=0.7564
B100/16ch: PSNR(Y)=26.924, SSIM(Y)=0.7138
U100/16ch: PSNR(Y)=24.501, SSIM(Y)=0.7255
M109/16ch: PSNR(Y)=27.535, SSIM(Y)=0.8580
Model saved! Best loss: 0.045834
Epoch 165/200: Training loss=0.035792, lr=3.11e-04
Epoch 165/200: Validation combined_loss=0.045831
Validation configuration losses: 32ch=0.044899, 16ch=0.046763
Set5/32ch: PSNR(Y)=31.027, SSIM(Y)=0.8760
Set14/32ch: PSNR(Y)=27.917, SSIM(Y)=0.7633
B100/32ch: PSNR(Y)=27.099, SSIM(Y)=0.7194
U100/32ch: PSNR(Y)=24.852, SSIM(Y)=0.7398
M109/32ch: PSNR(Y)=28.332, SSIM(Y)=0.8744
Set5/16ch: PSNR(Y)=30.608, SSIM(Y)=0.8670
Set14/16ch: PSNR(Y)=27.618, SSIM(Y)=0.7564
B100/16ch: PSNR(Y)=26.924, SSIM(Y)=0.7138
U100/16ch: PSNR(Y)=24.501, SSIM(Y)=0.7256
M109/16ch: PSNR(Y)=27.535, SSIM(Y)=0.8580
Model saved! Best loss: 0.045831
Epoch 166/200: Training loss=0.035764, lr=2.99e-04
Epoch 166/200: Validation combined_loss=0.045829
Validation configuration losses: 32ch=0.044897, 16ch=0.046761
Set5/32ch: PSNR(Y)=31.029, SSIM(Y)=0.8761
Set14/32ch: PSNR(Y)=27.917, SSIM(Y)=0.7633
B100/32ch: PSNR(Y)=27.099, SSIM(Y)=0.7195
U100/32ch: PSNR(Y)=24.853, SSIM(Y)=0.7399
M109/32ch: PSNR(Y)=28.334, SSIM(Y)=0.8744
Set5/16ch: PSNR(Y)=30.608, SSIM(Y)=0.8670
Set14/16ch: PSNR(Y)=27.619, SSIM(Y)=0.7564
B100/16ch: PSNR(Y)=26.924, SSIM(Y)=0.7138
U100/16ch: PSNR(Y)=24.501, SSIM(Y)=0.7256
M109/16ch: PSNR(Y)=27.535, SSIM(Y)=0.8580
Model saved! Best loss: 0.045829
Epoch 167/200: Training loss=0.035784, lr=2.87e-04
Epoch 167/200: Validation combined_loss=0.045826
Validation configuration losses: 32ch=0.044894, 16ch=0.046758
Set5/32ch: PSNR(Y)=31.032, SSIM(Y)=0.8761
Set14/32ch: PSNR(Y)=27.918, SSIM(Y)=0.7633
B100/32ch: PSNR(Y)=27.099, SSIM(Y)=0.7194
U100/32ch: PSNR(Y)=24.853, SSIM(Y)=0.7398
M109/32ch: PSNR(Y)=28.336, SSIM(Y)=0.8744
Set5/16ch: PSNR(Y)=30.608, SSIM(Y)=0.8670
Set14/16ch: PSNR(Y)=27.619, SSIM(Y)=0.7564
B100/16ch: PSNR(Y)=26.925, SSIM(Y)=0.7138
U100/16ch: PSNR(Y)=24.502, SSIM(Y)=0.7256
M109/16ch: PSNR(Y)=27.537, SSIM(Y)=0.8580
Model saved! Best loss: 0.045826
Epoch 168/200: Training loss=0.035745, lr=2.75e-04
Epoch 168/200: Validation combined_loss=0.045830
Validation configuration losses: 32ch=0.044898, 16ch=0.046761
Set5/32ch: PSNR(Y)=31.029, SSIM(Y)=0.8760
Set14/32ch: PSNR(Y)=27.917, SSIM(Y)=0.7633
B100/32ch: PSNR(Y)=27.099, SSIM(Y)=0.7195
U100/32ch: PSNR(Y)=24.853, SSIM(Y)=0.7399
M109/32ch: PSNR(Y)=28.333, SSIM(Y)=0.8744
Set5/16ch: PSNR(Y)=30.607, SSIM(Y)=0.8670
Set14/16ch: PSNR(Y)=27.618, SSIM(Y)=0.7564
B100/16ch: PSNR(Y)=26.925, SSIM(Y)=0.7138
U100/16ch: PSNR(Y)=24.501, SSIM(Y)=0.7256
M109/16ch: PSNR(Y)=27.536, SSIM(Y)=0.8580
Epoch 169/200: Training loss=0.035754, lr=2.64e-04
Epoch 169/200: Validation combined_loss=0.045825
Validation configuration losses: 32ch=0.044894, 16ch=0.046757
Set5/32ch: PSNR(Y)=31.028, SSIM(Y)=0.8760
Set14/32ch: PSNR(Y)=27.917, SSIM(Y)=0.7633
B100/32ch: PSNR(Y)=27.099, SSIM(Y)=0.7194
U100/32ch: PSNR(Y)=24.853, SSIM(Y)=0.7399
M109/32ch: PSNR(Y)=28.336, SSIM(Y)=0.8744
Set5/16ch: PSNR(Y)=30.608, SSIM(Y)=0.8670
Set14/16ch: PSNR(Y)=27.619, SSIM(Y)=0.7564
B100/16ch: PSNR(Y)=26.925, SSIM(Y)=0.7138
U100/16ch: PSNR(Y)=24.502, SSIM(Y)=0.7256
M109/16ch: PSNR(Y)=27.538, SSIM(Y)=0.8580
Model saved! Best loss: 0.045825
Epoch 170/200: Training loss=0.035790, lr=2.53e-04
Epoch 170/200: Validation combined_loss=0.045825
Validation configuration losses: 32ch=0.044894, 16ch=0.046756
Set5/32ch: PSNR(Y)=31.029, SSIM(Y)=0.8761
Set14/32ch: PSNR(Y)=27.918, SSIM(Y)=0.7633
B100/32ch: PSNR(Y)=27.099, SSIM(Y)=0.7195
U100/32ch: PSNR(Y)=24.853, SSIM(Y)=0.7399
M109/32ch: PSNR(Y)=28.337, SSIM(Y)=0.8744
Set5/16ch: PSNR(Y)=30.608, SSIM(Y)=0.8671
Set14/16ch: PSNR(Y)=27.618, SSIM(Y)=0.7564
B100/16ch: PSNR(Y)=26.925, SSIM(Y)=0.7138
U100/16ch: PSNR(Y)=24.502, SSIM(Y)=0.7256
M109/16ch: PSNR(Y)=27.538, SSIM(Y)=0.8581
Model saved! Best loss: 0.045825
Epoch 171/200: Training loss=0.035735, lr=2.42e-04
Epoch 171/200: Validation combined_loss=0.045826
Validation configuration losses: 32ch=0.044895, 16ch=0.046756
Set5/32ch: PSNR(Y)=31.027, SSIM(Y)=0.8760
Set14/32ch: PSNR(Y)=27.918, SSIM(Y)=0.7633
B100/32ch: PSNR(Y)=27.099, SSIM(Y)=0.7194
U100/32ch: PSNR(Y)=24.853, SSIM(Y)=0.7399
M109/32ch: PSNR(Y)=28.335, SSIM(Y)=0.8744
Set5/16ch: PSNR(Y)=30.608, SSIM(Y)=0.8670
Set14/16ch: PSNR(Y)=27.619, SSIM(Y)=0.7564
B100/16ch: PSNR(Y)=26.925, SSIM(Y)=0.7138
U100/16ch: PSNR(Y)=24.502, SSIM(Y)=0.7256
M109/16ch: PSNR(Y)=27.537, SSIM(Y)=0.8581
Epoch 172/200: Training loss=0.035780, lr=2.32e-04
Epoch 172/200: Validation combined_loss=0.045825
Validation configuration losses: 32ch=0.044894, 16ch=0.046756
Set5/32ch: PSNR(Y)=31.026, SSIM(Y)=0.8760
Set14/32ch: PSNR(Y)=27.918, SSIM(Y)=0.7633
B100/32ch: PSNR(Y)=27.099, SSIM(Y)=0.7194
U100/32ch: PSNR(Y)=24.853, SSIM(Y)=0.7399
M109/32ch: PSNR(Y)=28.335, SSIM(Y)=0.8744
Set5/16ch: PSNR(Y)=30.607, SSIM(Y)=0.8670
Set14/16ch: PSNR(Y)=27.619, SSIM(Y)=0.7564
B100/16ch: PSNR(Y)=26.925, SSIM(Y)=0.7138
U100/16ch: PSNR(Y)=24.502, SSIM(Y)=0.7256
M109/16ch: PSNR(Y)=27.538, SSIM(Y)=0.8581
Model saved! Best loss: 0.045825
Epoch 173/200: Training loss=0.035711, lr=2.22e-04
Epoch 173/200: Validation combined_loss=0.045825
Validation configuration losses: 32ch=0.044894, 16ch=0.046755
Set5/32ch: PSNR(Y)=31.028, SSIM(Y)=0.8760
Set14/32ch: PSNR(Y)=27.918, SSIM(Y)=0.7633
B100/32ch: PSNR(Y)=27.099, SSIM(Y)=0.7195
U100/32ch: PSNR(Y)=24.853, SSIM(Y)=0.7399
M109/32ch: PSNR(Y)=28.335, SSIM(Y)=0.8744
Set5/16ch: PSNR(Y)=30.607, SSIM(Y)=0.8670
Set14/16ch: PSNR(Y)=27.619, SSIM(Y)=0.7564
B100/16ch: PSNR(Y)=26.925, SSIM(Y)=0.7138
U100/16ch: PSNR(Y)=24.502, SSIM(Y)=0.7256
M109/16ch: PSNR(Y)=27.538, SSIM(Y)=0.8581
Model saved! Best loss: 0.045825
Epoch 174/200: Training loss=0.035702, lr=2.12e-04
Epoch 174/200: Validation combined_loss=0.045822
Validation configuration losses: 32ch=0.044891, 16ch=0.046752
Set5/32ch: PSNR(Y)=31.028, SSIM(Y)=0.8760
Set14/32ch: PSNR(Y)=27.918, SSIM(Y)=0.7633
B100/32ch: PSNR(Y)=27.099, SSIM(Y)=0.7195
U100/32ch: PSNR(Y)=24.854, SSIM(Y)=0.7399
M109/32ch: PSNR(Y)=28.337, SSIM(Y)=0.8745
Set5/16ch: PSNR(Y)=30.607, SSIM(Y)=0.8670
Set14/16ch: PSNR(Y)=27.620, SSIM(Y)=0.7564
B100/16ch: PSNR(Y)=26.925, SSIM(Y)=0.7138
U100/16ch: PSNR(Y)=24.502, SSIM(Y)=0.7256
M109/16ch: PSNR(Y)=27.539, SSIM(Y)=0.8581
Model saved! Best loss: 0.045822
Epoch 175/200: Training loss=0.035763, lr=2.02e-04
Epoch 175/200: Validation combined_loss=0.045822
Validation configuration losses: 32ch=0.044892, 16ch=0.046752
Set5/32ch: PSNR(Y)=31.028, SSIM(Y)=0.8760
Set14/32ch: PSNR(Y)=27.918, SSIM(Y)=0.7633
B100/32ch: PSNR(Y)=27.099, SSIM(Y)=0.7195
U100/32ch: PSNR(Y)=24.853, SSIM(Y)=0.7399
M109/32ch: PSNR(Y)=28.335, SSIM(Y)=0.8744
Set5/16ch: PSNR(Y)=30.607, SSIM(Y)=0.8670
Set14/16ch: PSNR(Y)=27.619, SSIM(Y)=0.7564
B100/16ch: PSNR(Y)=26.925, SSIM(Y)=0.7138
U100/16ch: PSNR(Y)=24.503, SSIM(Y)=0.7256
M109/16ch: PSNR(Y)=27.540, SSIM(Y)=0.8581
Epoch 176/200: Training loss=0.035773, lr=1.93e-04
Epoch 176/200: Validation combined_loss=0.045819
Validation configuration losses: 32ch=0.044887, 16ch=0.046751
Set5/32ch: PSNR(Y)=31.028, SSIM(Y)=0.8761
Set14/32ch: PSNR(Y)=27.918, SSIM(Y)=0.7633
B100/32ch: PSNR(Y)=27.099, SSIM(Y)=0.7195
U100/32ch: PSNR(Y)=24.854, SSIM(Y)=0.7399
M109/32ch: PSNR(Y)=28.339, SSIM(Y)=0.8745
Set5/16ch: PSNR(Y)=30.607, SSIM(Y)=0.8670
Set14/16ch: PSNR(Y)=27.619, SSIM(Y)=0.7564
B100/16ch: PSNR(Y)=26.925, SSIM(Y)=0.7138
U100/16ch: PSNR(Y)=24.503, SSIM(Y)=0.7256
M109/16ch: PSNR(Y)=27.540, SSIM(Y)=0.8581
Model saved! Best loss: 0.045819
Epoch 177/200: Training loss=0.035764, lr=1.85e-04
Epoch 177/200: Validation combined_loss=0.045817
Validation configuration losses: 32ch=0.044886, 16ch=0.046748
Set5/32ch: PSNR(Y)=31.029, SSIM(Y)=0.8761
Set14/32ch: PSNR(Y)=27.919, SSIM(Y)=0.7633
B100/32ch: PSNR(Y)=27.099, SSIM(Y)=0.7195
U100/32ch: PSNR(Y)=24.854, SSIM(Y)=0.7399
M109/32ch: PSNR(Y)=28.340, SSIM(Y)=0.8745
Set5/16ch: PSNR(Y)=30.607, SSIM(Y)=0.8670
Set14/16ch: PSNR(Y)=27.619, SSIM(Y)=0.7564
B100/16ch: PSNR(Y)=26.925, SSIM(Y)=0.7138
U100/16ch: PSNR(Y)=24.503, SSIM(Y)=0.7256
M109/16ch: PSNR(Y)=27.542, SSIM(Y)=0.8581
Model saved! Best loss: 0.045817
Epoch 178/200: Training loss=0.035699, lr=1.76e-04
Epoch 178/200: Validation combined_loss=0.045817
Validation configuration losses: 32ch=0.044886, 16ch=0.046747
Set5/32ch: PSNR(Y)=31.030, SSIM(Y)=0.8761
Set14/32ch: PSNR(Y)=27.919, SSIM(Y)=0.7633
B100/32ch: PSNR(Y)=27.099, SSIM(Y)=0.7195
U100/32ch: PSNR(Y)=24.854, SSIM(Y)=0.7399
M109/32ch: PSNR(Y)=28.340, SSIM(Y)=0.8745
Set5/16ch: PSNR(Y)=30.608, SSIM(Y)=0.8670
Set14/16ch: PSNR(Y)=27.619, SSIM(Y)=0.7564
B100/16ch: PSNR(Y)=26.925, SSIM(Y)=0.7138
U100/16ch: PSNR(Y)=24.503, SSIM(Y)=0.7257
M109/16ch: PSNR(Y)=27.543, SSIM(Y)=0.8581
Model saved! Best loss: 0.045817
Epoch 179/200: Training loss=0.035709, lr=1.68e-04
Epoch 179/200: Validation combined_loss=0.045817
Validation configuration losses: 32ch=0.044886, 16ch=0.046748
Set5/32ch: PSNR(Y)=31.031, SSIM(Y)=0.8761
Set14/32ch: PSNR(Y)=27.919, SSIM(Y)=0.7634
B100/32ch: PSNR(Y)=27.100, SSIM(Y)=0.7195
U100/32ch: PSNR(Y)=24.854, SSIM(Y)=0.7399
M109/32ch: PSNR(Y)=28.339, SSIM(Y)=0.8745
Set5/16ch: PSNR(Y)=30.608, SSIM(Y)=0.8670
Set14/16ch: PSNR(Y)=27.620, SSIM(Y)=0.7564
B100/16ch: PSNR(Y)=26.925, SSIM(Y)=0.7139
U100/16ch: PSNR(Y)=24.503, SSIM(Y)=0.7257
M109/16ch: PSNR(Y)=27.542, SSIM(Y)=0.8581
Epoch 180/200: Training loss=0.035752, lr=1.60e-04
Epoch 180/200: Validation combined_loss=0.045815
Validation configuration losses: 32ch=0.044884, 16ch=0.046747
Set5/32ch: PSNR(Y)=31.030, SSIM(Y)=0.8761
Set14/32ch: PSNR(Y)=27.920, SSIM(Y)=0.7634
B100/32ch: PSNR(Y)=27.099, SSIM(Y)=0.7195
U100/32ch: PSNR(Y)=24.854, SSIM(Y)=0.7399
M109/32ch: PSNR(Y)=28.341, SSIM(Y)=0.8745
Set5/16ch: PSNR(Y)=30.608, SSIM(Y)=0.8670
Set14/16ch: PSNR(Y)=27.620, SSIM(Y)=0.7564
B100/16ch: PSNR(Y)=26.925, SSIM(Y)=0.7139
U100/16ch: PSNR(Y)=24.503, SSIM(Y)=0.7257
M109/16ch: PSNR(Y)=27.543, SSIM(Y)=0.8582
Model saved! Best loss: 0.045815
Epoch 181/200: Training loss=0.035741, lr=1.53e-04
Epoch 181/200: Validation combined_loss=0.045815
Validation configuration losses: 32ch=0.044884, 16ch=0.046747
Set5/32ch: PSNR(Y)=31.028, SSIM(Y)=0.8761
Set14/32ch: PSNR(Y)=27.920, SSIM(Y)=0.7634
B100/32ch: PSNR(Y)=27.100, SSIM(Y)=0.7195
U100/32ch: PSNR(Y)=24.855, SSIM(Y)=0.7400
M109/32ch: PSNR(Y)=28.341, SSIM(Y)=0.8745
Set5/16ch: PSNR(Y)=30.608, SSIM(Y)=0.8670
Set14/16ch: PSNR(Y)=27.620, SSIM(Y)=0.7564
B100/16ch: PSNR(Y)=26.926, SSIM(Y)=0.7139
U100/16ch: PSNR(Y)=24.504, SSIM(Y)=0.7257
M109/16ch: PSNR(Y)=27.543, SSIM(Y)=0.8582
Model saved! Best loss: 0.045815
Epoch 182/200: Training loss=0.035742, lr=1.46e-04
Epoch 182/200: Validation combined_loss=0.045816
Validation configuration losses: 32ch=0.044885, 16ch=0.046746
Set5/32ch: PSNR(Y)=31.030, SSIM(Y)=0.8761
Set14/32ch: PSNR(Y)=27.920, SSIM(Y)=0.7634
B100/32ch: PSNR(Y)=27.100, SSIM(Y)=0.7195
U100/32ch: PSNR(Y)=24.855, SSIM(Y)=0.7400
M109/32ch: PSNR(Y)=28.341, SSIM(Y)=0.8745
Set5/16ch: PSNR(Y)=30.610, SSIM(Y)=0.8671
Set14/16ch: PSNR(Y)=27.620, SSIM(Y)=0.7564
B100/16ch: PSNR(Y)=26.926, SSIM(Y)=0.7139
U100/16ch: PSNR(Y)=24.504, SSIM(Y)=0.7257
M109/16ch: PSNR(Y)=27.543, SSIM(Y)=0.8582
Epoch 183/200: Training loss=0.035771, lr=1.39e-04
Epoch 183/200: Validation combined_loss=0.045812
Validation configuration losses: 32ch=0.044880, 16ch=0.046744
Set5/32ch: PSNR(Y)=31.032, SSIM(Y)=0.8761
Set14/32ch: PSNR(Y)=27.920, SSIM(Y)=0.7634
B100/32ch: PSNR(Y)=27.100, SSIM(Y)=0.7195
U100/32ch: PSNR(Y)=24.855, SSIM(Y)=0.7400
M109/32ch: PSNR(Y)=28.344, SSIM(Y)=0.8746
Set5/16ch: PSNR(Y)=30.611, SSIM(Y)=0.8671
Set14/16ch: PSNR(Y)=27.620, SSIM(Y)=0.7564
B100/16ch: PSNR(Y)=26.926, SSIM(Y)=0.7139
U100/16ch: PSNR(Y)=24.504, SSIM(Y)=0.7257
M109/16ch: PSNR(Y)=27.545, SSIM(Y)=0.8582
Model saved! Best loss: 0.045812
Epoch 184/200: Training loss=0.035740, lr=1.33e-04
Epoch 184/200: Validation combined_loss=0.045811
Validation configuration losses: 32ch=0.044880, 16ch=0.046743
Set5/32ch: PSNR(Y)=31.031, SSIM(Y)=0.8761
Set14/32ch: PSNR(Y)=27.919, SSIM(Y)=0.7634
B100/32ch: PSNR(Y)=27.100, SSIM(Y)=0.7195
U100/32ch: PSNR(Y)=24.855, SSIM(Y)=0.7400
M109/32ch: PSNR(Y)=28.344, SSIM(Y)=0.8746
Set5/16ch: PSNR(Y)=30.610, SSIM(Y)=0.8671
Set14/16ch: PSNR(Y)=27.620, SSIM(Y)=0.7564
B100/16ch: PSNR(Y)=26.926, SSIM(Y)=0.7139
U100/16ch: PSNR(Y)=24.504, SSIM(Y)=0.7257
M109/16ch: PSNR(Y)=27.545, SSIM(Y)=0.8582
Model saved! Best loss: 0.045811
Epoch 185/200: Training loss=0.035755, lr=1.27e-04
Epoch 185/200: Validation combined_loss=0.045810
Validation configuration losses: 32ch=0.044879, 16ch=0.046741
Set5/32ch: PSNR(Y)=31.031, SSIM(Y)=0.8761
Set14/32ch: PSNR(Y)=27.919, SSIM(Y)=0.7633
B100/32ch: PSNR(Y)=27.100, SSIM(Y)=0.7195
U100/32ch: PSNR(Y)=24.855, SSIM(Y)=0.7400
M109/32ch: PSNR(Y)=28.344, SSIM(Y)=0.8746
Set5/16ch: PSNR(Y)=30.609, SSIM(Y)=0.8671
Set14/16ch: PSNR(Y)=27.620, SSIM(Y)=0.7564
B100/16ch: PSNR(Y)=26.926, SSIM(Y)=0.7139
U100/16ch: PSNR(Y)=24.504, SSIM(Y)=0.7257
M109/16ch: PSNR(Y)=27.545, SSIM(Y)=0.8582
Model saved! Best loss: 0.045810
Epoch 186/200: Training loss=0.035793, lr=1.21e-04
Epoch 186/200: Validation combined_loss=0.045809
Validation configuration losses: 32ch=0.044878, 16ch=0.046740
Set5/32ch: PSNR(Y)=31.033, SSIM(Y)=0.8762
Set14/32ch: PSNR(Y)=27.919, SSIM(Y)=0.7634
B100/32ch: PSNR(Y)=27.100, SSIM(Y)=0.7195
U100/32ch: PSNR(Y)=24.855, SSIM(Y)=0.7400
M109/32ch: PSNR(Y)=28.344, SSIM(Y)=0.8746
Set5/16ch: PSNR(Y)=30.609, SSIM(Y)=0.8671
Set14/16ch: PSNR(Y)=27.620, SSIM(Y)=0.7564
B100/16ch: PSNR(Y)=26.925, SSIM(Y)=0.7139
U100/16ch: PSNR(Y)=24.504, SSIM(Y)=0.7257
M109/16ch: PSNR(Y)=27.546, SSIM(Y)=0.8582
Model saved! Best loss: 0.045809
Epoch 187/200: Training loss=0.035729, lr=1.16e-04
Epoch 187/200: Validation combined_loss=0.045810
Validation configuration losses: 32ch=0.044880, 16ch=0.046740
Set5/32ch: PSNR(Y)=31.032, SSIM(Y)=0.8761
Set14/32ch: PSNR(Y)=27.919, SSIM(Y)=0.7634
B100/32ch: PSNR(Y)=27.100, SSIM(Y)=0.7195
U100/32ch: PSNR(Y)=24.855, SSIM(Y)=0.7400
M109/32ch: PSNR(Y)=28.345, SSIM(Y)=0.8746
Set5/16ch: PSNR(Y)=30.608, SSIM(Y)=0.8671
Set14/16ch: PSNR(Y)=27.620, SSIM(Y)=0.7564
B100/16ch: PSNR(Y)=26.925, SSIM(Y)=0.7139
U100/16ch: PSNR(Y)=24.504, SSIM(Y)=0.7257
M109/16ch: PSNR(Y)=27.546, SSIM(Y)=0.8582
Epoch 188/200: Training loss=0.035738, lr=1.11e-04
Epoch 188/200: Validation combined_loss=0.045809
Validation configuration losses: 32ch=0.044878, 16ch=0.046740
Set5/32ch: PSNR(Y)=31.033, SSIM(Y)=0.8761
Set14/32ch: PSNR(Y)=27.919, SSIM(Y)=0.7634
B100/32ch: PSNR(Y)=27.100, SSIM(Y)=0.7195
U100/32ch: PSNR(Y)=24.855, SSIM(Y)=0.7400
M109/32ch: PSNR(Y)=28.345, SSIM(Y)=0.8746
Set5/16ch: PSNR(Y)=30.610, SSIM(Y)=0.8671
Set14/16ch: PSNR(Y)=27.620, SSIM(Y)=0.7564
B100/16ch: PSNR(Y)=26.926, SSIM(Y)=0.7139
U100/16ch: PSNR(Y)=24.504, SSIM(Y)=0.7257
M109/16ch: PSNR(Y)=27.547, SSIM(Y)=0.8582
Model saved! Best loss: 0.045809
Epoch 189/200: Training loss=0.035783, lr=1.06e-04
Epoch 189/200: Validation combined_loss=0.045809
Validation configuration losses: 32ch=0.044878, 16ch=0.046741
Set5/32ch: PSNR(Y)=31.032, SSIM(Y)=0.8761
Set14/32ch: PSNR(Y)=27.920, SSIM(Y)=0.7634
B100/32ch: PSNR(Y)=27.100, SSIM(Y)=0.7195
U100/32ch: PSNR(Y)=24.856, SSIM(Y)=0.7400
M109/32ch: PSNR(Y)=28.344, SSIM(Y)=0.8746
Set5/16ch: PSNR(Y)=30.610, SSIM(Y)=0.8671
Set14/16ch: PSNR(Y)=27.620, SSIM(Y)=0.7564
B100/16ch: PSNR(Y)=26.926, SSIM(Y)=0.7139
U100/16ch: PSNR(Y)=24.504, SSIM(Y)=0.7257
M109/16ch: PSNR(Y)=27.545, SSIM(Y)=0.8582
Epoch 190/200: Training loss=0.035712, lr=1.02e-04
Epoch 190/200: Validation combined_loss=0.045809
Validation configuration losses: 32ch=0.044877, 16ch=0.046741
Set5/32ch: PSNR(Y)=31.032, SSIM(Y)=0.8761
Set14/32ch: PSNR(Y)=27.919, SSIM(Y)=0.7634
B100/32ch: PSNR(Y)=27.100, SSIM(Y)=0.7195
U100/32ch: PSNR(Y)=24.856, SSIM(Y)=0.7400
M109/32ch: PSNR(Y)=28.346, SSIM(Y)=0.8746
Set5/16ch: PSNR(Y)=30.609, SSIM(Y)=0.8671
Set14/16ch: PSNR(Y)=27.620, SSIM(Y)=0.7564
B100/16ch: PSNR(Y)=26.926, SSIM(Y)=0.7139
U100/16ch: PSNR(Y)=24.504, SSIM(Y)=0.7257
M109/16ch: PSNR(Y)=27.546, SSIM(Y)=0.8582
Model saved! Best loss: 0.045809
Epoch 191/200: Training loss=0.035740, lr=9.84e-05
Epoch 191/200: Validation combined_loss=0.045806
Validation configuration losses: 32ch=0.044874, 16ch=0.046739
Set5/32ch: PSNR(Y)=31.033, SSIM(Y)=0.8762
Set14/32ch: PSNR(Y)=27.920, SSIM(Y)=0.7634
B100/32ch: PSNR(Y)=27.100, SSIM(Y)=0.7195
U100/32ch: PSNR(Y)=24.857, SSIM(Y)=0.7400
M109/32ch: PSNR(Y)=28.347, SSIM(Y)=0.8746
Set5/16ch: PSNR(Y)=30.610, SSIM(Y)=0.8671
Set14/16ch: PSNR(Y)=27.620, SSIM(Y)=0.7564
B100/16ch: PSNR(Y)=26.926, SSIM(Y)=0.7139
U100/16ch: PSNR(Y)=24.505, SSIM(Y)=0.7257
M109/16ch: PSNR(Y)=27.547, SSIM(Y)=0.8583
Model saved! Best loss: 0.045806
Epoch 192/200: Training loss=0.035745, lr=9.49e-05
Epoch 192/200: Validation combined_loss=0.045805
Validation configuration losses: 32ch=0.044872, 16ch=0.046737
Set5/32ch: PSNR(Y)=31.033, SSIM(Y)=0.8762
Set14/32ch: PSNR(Y)=27.920, SSIM(Y)=0.7634
B100/32ch: PSNR(Y)=27.101, SSIM(Y)=0.7195
U100/32ch: PSNR(Y)=24.857, SSIM(Y)=0.7401
M109/32ch: PSNR(Y)=28.348, SSIM(Y)=0.8747
Set5/16ch: PSNR(Y)=30.610, SSIM(Y)=0.8671
Set14/16ch: PSNR(Y)=27.620, SSIM(Y)=0.7564
B100/16ch: PSNR(Y)=26.926, SSIM(Y)=0.7139
U100/16ch: PSNR(Y)=24.504, SSIM(Y)=0.7257
M109/16ch: PSNR(Y)=27.548, SSIM(Y)=0.8583
Model saved! Best loss: 0.045805
Epoch 193/200: Training loss=0.035752, lr=9.18e-05
Epoch 193/200: Validation combined_loss=0.045806
Validation configuration losses: 32ch=0.044874, 16ch=0.046737
Set5/32ch: PSNR(Y)=31.032, SSIM(Y)=0.8762
Set14/32ch: PSNR(Y)=27.921, SSIM(Y)=0.7634
B100/32ch: PSNR(Y)=27.101, SSIM(Y)=0.7195
U100/32ch: PSNR(Y)=24.856, SSIM(Y)=0.7401
M109/32ch: PSNR(Y)=28.347, SSIM(Y)=0.8746
Set5/16ch: PSNR(Y)=30.610, SSIM(Y)=0.8671
Set14/16ch: PSNR(Y)=27.621, SSIM(Y)=0.7565
B100/16ch: PSNR(Y)=26.926, SSIM(Y)=0.7139
U100/16ch: PSNR(Y)=24.505, SSIM(Y)=0.7257
M109/16ch: PSNR(Y)=27.548, SSIM(Y)=0.8583
Epoch 194/200: Training loss=0.035758, lr=8.90e-05
Epoch 194/200: Validation combined_loss=0.045806
Validation configuration losses: 32ch=0.044875, 16ch=0.046738
Set5/32ch: PSNR(Y)=31.032, SSIM(Y)=0.8762
Set14/32ch: PSNR(Y)=27.921, SSIM(Y)=0.7634
B100/32ch: PSNR(Y)=27.100, SSIM(Y)=0.7195
U100/32ch: PSNR(Y)=24.856, SSIM(Y)=0.7400
M109/32ch: PSNR(Y)=28.346, SSIM(Y)=0.8746
Set5/16ch: PSNR(Y)=30.611, SSIM(Y)=0.8671
Set14/16ch: PSNR(Y)=27.621, SSIM(Y)=0.7564
B100/16ch: PSNR(Y)=26.926, SSIM(Y)=0.7139
U100/16ch: PSNR(Y)=24.505, SSIM(Y)=0.7257
M109/16ch: PSNR(Y)=27.547, SSIM(Y)=0.8583
Epoch 195/200: Training loss=0.035777, lr=8.66e-05
Epoch 195/200: Validation combined_loss=0.045807
Validation configuration losses: 32ch=0.044877, 16ch=0.046738
Set5/32ch: PSNR(Y)=31.032, SSIM(Y)=0.8762
Set14/32ch: PSNR(Y)=27.920, SSIM(Y)=0.7634
B100/32ch: PSNR(Y)=27.100, SSIM(Y)=0.7195
U100/32ch: PSNR(Y)=24.856, SSIM(Y)=0.7400
M109/32ch: PSNR(Y)=28.346, SSIM(Y)=0.8746
Set5/16ch: PSNR(Y)=30.610, SSIM(Y)=0.8671
Set14/16ch: PSNR(Y)=27.620, SSIM(Y)=0.7564
B100/16ch: PSNR(Y)=26.926, SSIM(Y)=0.7139
U100/16ch: PSNR(Y)=24.504, SSIM(Y)=0.7257
M109/16ch: PSNR(Y)=27.548, SSIM(Y)=0.8583
Epoch 196/200: Training loss=0.035734, lr=8.46e-05
Epoch 196/200: Validation combined_loss=0.045807
Validation configuration losses: 32ch=0.044877, 16ch=0.046737
Set5/32ch: PSNR(Y)=31.032, SSIM(Y)=0.8762
Set14/32ch: PSNR(Y)=27.920, SSIM(Y)=0.7634
B100/32ch: PSNR(Y)=27.100, SSIM(Y)=0.7195
U100/32ch: PSNR(Y)=24.856, SSIM(Y)=0.7400
M109/32ch: PSNR(Y)=28.346, SSIM(Y)=0.8746
Set5/16ch: PSNR(Y)=30.610, SSIM(Y)=0.8671
Set14/16ch: PSNR(Y)=27.620, SSIM(Y)=0.7564
B100/16ch: PSNR(Y)=26.926, SSIM(Y)=0.7139
U100/16ch: PSNR(Y)=24.505, SSIM(Y)=0.7257
M109/16ch: PSNR(Y)=27.548, SSIM(Y)=0.8583
Epoch 197/200: Training loss=0.035742, lr=8.29e-05
Epoch 197/200: Validation combined_loss=0.045806
Validation configuration losses: 32ch=0.044874, 16ch=0.046737
Set5/32ch: PSNR(Y)=31.033, SSIM(Y)=0.8762
Set14/32ch: PSNR(Y)=27.920, SSIM(Y)=0.7634
B100/32ch: PSNR(Y)=27.101, SSIM(Y)=0.7195
U100/32ch: PSNR(Y)=24.856, SSIM(Y)=0.7400
M109/32ch: PSNR(Y)=28.347, SSIM(Y)=0.8747
Set5/16ch: PSNR(Y)=30.610, SSIM(Y)=0.8671
Set14/16ch: PSNR(Y)=27.621, SSIM(Y)=0.7564
B100/16ch: PSNR(Y)=26.926, SSIM(Y)=0.7139
U100/16ch: PSNR(Y)=24.505, SSIM(Y)=0.7257
M109/16ch: PSNR(Y)=27.549, SSIM(Y)=0.8583
Epoch 198/200: Training loss=0.035779, lr=8.17e-05
Epoch 198/200: Validation combined_loss=0.045805
Validation configuration losses: 32ch=0.044875, 16ch=0.046735
Set5/32ch: PSNR(Y)=31.032, SSIM(Y)=0.8762
Set14/32ch: PSNR(Y)=27.920, SSIM(Y)=0.7634
B100/32ch: PSNR(Y)=27.101, SSIM(Y)=0.7195
U100/32ch: PSNR(Y)=24.856, SSIM(Y)=0.7401
M109/32ch: PSNR(Y)=28.345, SSIM(Y)=0.8746
Set5/16ch: PSNR(Y)=30.609, SSIM(Y)=0.8671
Set14/16ch: PSNR(Y)=27.621, SSIM(Y)=0.7564
B100/16ch: PSNR(Y)=26.926, SSIM(Y)=0.7139
U100/16ch: PSNR(Y)=24.505, SSIM(Y)=0.7257
M109/16ch: PSNR(Y)=27.549, SSIM(Y)=0.8583
Epoch 199/200: Training loss=0.035744, lr=8.07e-05
Epoch 199/200: Validation combined_loss=0.045805
Validation configuration losses: 32ch=0.044875, 16ch=0.046734
Set5/32ch: PSNR(Y)=31.031, SSIM(Y)=0.8762
Set14/32ch: PSNR(Y)=27.920, SSIM(Y)=0.7634
B100/32ch: PSNR(Y)=27.101, SSIM(Y)=0.7195
U100/32ch: PSNR(Y)=24.856, SSIM(Y)=0.7400
M109/32ch: PSNR(Y)=28.345, SSIM(Y)=0.8746
Set5/16ch: PSNR(Y)=30.609, SSIM(Y)=0.8671
Set14/16ch: PSNR(Y)=27.621, SSIM(Y)=0.7564
B100/16ch: PSNR(Y)=26.926, SSIM(Y)=0.7139
U100/16ch: PSNR(Y)=24.505, SSIM(Y)=0.7258
M109/16ch: PSNR(Y)=27.549, SSIM(Y)=0.8583
Model saved! Best loss: 0.045805
Epoch 200/200: Training loss=0.035737, lr=8.02e-05
Epoch 200/200: Validation combined_loss=0.045805
Validation configuration losses: 32ch=0.044874, 16ch=0.046735
Set5/32ch: PSNR(Y)=31.032, SSIM(Y)=0.8762
Set14/32ch: PSNR(Y)=27.920, SSIM(Y)=0.7634
B100/32ch: PSNR(Y)=27.101, SSIM(Y)=0.7195
U100/32ch: PSNR(Y)=24.856, SSIM(Y)=0.7400
M109/32ch: PSNR(Y)=28.346, SSIM(Y)=0.8746
Set5/16ch: PSNR(Y)=30.610, SSIM(Y)=0.8671
Set14/16ch: PSNR(Y)=27.621, SSIM(Y)=0.7565
B100/16ch: PSNR(Y)=26.926, SSIM(Y)=0.7139
U100/16ch: PSNR(Y)=24.505, SSIM(Y)=0.7258
M109/16ch: PSNR(Y)=27.549, SSIM(Y)=0.8583
==================================================
Training Finished
==================================================
==================================================
Testing Best Model
==================================================
Set5/32ch: PSNR(Y)=31.031, SSIM(Y)=0.8762
Set14/32ch: PSNR(Y)=27.920, SSIM(Y)=0.7634
B100/32ch: PSNR(Y)=27.101, SSIM(Y)=0.7195
U100/32ch: PSNR(Y)=24.856, SSIM(Y)=0.7400
M109/32ch: PSNR(Y)=28.345, SSIM(Y)=0.8746
Set5/16ch: PSNR(Y)=30.609, SSIM(Y)=0.8671
Set14/16ch: PSNR(Y)=27.621, SSIM(Y)=0.7564
B100/16ch: PSNR(Y)=26.926, SSIM(Y)=0.7139
U100/16ch: PSNR(Y)=24.505, SSIM(Y)=0.7258
M109/16ch: PSNR(Y)=27.549, SSIM(Y)=0.8583
==================================================
Testing Bilinear Interpolation
==================================================
Set5: PSNR(Y)=27.569, SSIM(Y)=0.7876
Set14: PSNR(Y)=25.506, SSIM(Y)=0.6787
B100: PSNR(Y)=25.506, SSIM(Y)=0.6450
U100: PSNR(Y)=22.674, SSIM(Y)=0.6316
M109: PSNR(Y)=24.140, SSIM(Y)=0.7636
