使用设备: cuda
Full path: 32ch; subnet path: 16ch; blocks: 5
模型总参数量: 13,920
==================================================
Training Started
==================================================
实验名称: DPSR_x2_0803_1729
放大倍数: 2
批次大小: 64
学习率: 0.0025
最小学习率: 8e-05
训练轮数: 180
设备: cuda
模型参数数量: 13,920
训练批次: 1110
==================================================
Begin Training
Epoch 1/180: Training loss=0.023884, lr=3.00e-04
Epoch 1/180: Validation combined_loss=0.033243
Validation configuration losses: 32ch=0.033243, 16ch=0.033243
Set5/32ch: PSNR(Y)=33.977, SSIM(Y)=0.9330
Set14/32ch: PSNR(Y)=30.539, SSIM(Y)=0.8748
B100/32ch: PSNR(Y)=29.707, SSIM(Y)=0.8490
U100/32ch: PSNR(Y)=27.063, SSIM(Y)=0.8451
M109/32ch: PSNR(Y)=31.213, SSIM(Y)=0.9382
Set5/16ch: PSNR(Y)=33.977, SSIM(Y)=0.9330
Set14/16ch: PSNR(Y)=30.539, SSIM(Y)=0.8748
B100/16ch: PSNR(Y)=29.707, SSIM(Y)=0.8490
U100/16ch: PSNR(Y)=27.063, SSIM(Y)=0.8451
M109/16ch: PSNR(Y)=31.213, SSIM(Y)=0.9382
Model saved! Best loss: 0.033243
Epoch 2/180: Training loss=0.023843, lr=4.22e-04
Epoch 2/180: Validation combined_loss=0.033241
Validation configuration losses: 32ch=0.033239, 16ch=0.033243
Set5/32ch: PSNR(Y)=33.977, SSIM(Y)=0.9330
Set14/32ch: PSNR(Y)=30.539, SSIM(Y)=0.8748
B100/32ch: PSNR(Y)=29.707, SSIM(Y)=0.8490
U100/32ch: PSNR(Y)=27.063, SSIM(Y)=0.8451
M109/32ch: PSNR(Y)=31.213, SSIM(Y)=0.9382
Set5/16ch: PSNR(Y)=33.977, SSIM(Y)=0.9330
Set14/16ch: PSNR(Y)=30.539, SSIM(Y)=0.8748
B100/16ch: PSNR(Y)=29.707, SSIM(Y)=0.8490
U100/16ch: PSNR(Y)=27.063, SSIM(Y)=0.8451
M109/16ch: PSNR(Y)=31.213, SSIM(Y)=0.9382
Model saved! Best loss: 0.033241
Epoch 3/180: Training loss=0.022044, lr=5.44e-04
Epoch 3/180: Validation combined_loss=0.029387
Validation configuration losses: 32ch=0.028659, 16ch=0.030114
Set5/32ch: PSNR(Y)=35.838, SSIM(Y)=0.9492
Set14/32ch: PSNR(Y)=31.868, SSIM(Y)=0.8979
B100/32ch: PSNR(Y)=30.810, SSIM(Y)=0.8767
U100/32ch: PSNR(Y)=28.427, SSIM(Y)=0.8780
M109/32ch: PSNR(Y)=34.053, SSIM(Y)=0.9596
Set5/16ch: PSNR(Y)=35.295, SSIM(Y)=0.9450
Set14/16ch: PSNR(Y)=31.443, SSIM(Y)=0.8929
B100/16ch: PSNR(Y)=30.483, SSIM(Y)=0.8711
U100/16ch: PSNR(Y)=27.934, SSIM(Y)=0.8687
M109/16ch: PSNR(Y)=33.009, SSIM(Y)=0.9538
Model saved! Best loss: 0.029387
Epoch 4/180: Training loss=0.021231, lr=6.67e-04
Epoch 4/180: Validation combined_loss=0.027715
Validation configuration losses: 32ch=0.027077, 16ch=0.028353
Set5/32ch: PSNR(Y)=36.516, SSIM(Y)=0.9540
Set14/32ch: PSNR(Y)=32.348, SSIM(Y)=0.9050
B100/32ch: PSNR(Y)=31.191, SSIM(Y)=0.8856
U100/32ch: PSNR(Y)=29.084, SSIM(Y)=0.8902
M109/32ch: PSNR(Y)=35.147, SSIM(Y)=0.9652
Set5/16ch: PSNR(Y)=36.052, SSIM(Y)=0.9511
Set14/16ch: PSNR(Y)=32.013, SSIM(Y)=0.9023
B100/16ch: PSNR(Y)=30.941, SSIM(Y)=0.8826
U100/16ch: PSNR(Y)=28.553, SSIM(Y)=0.8819
M109/16ch: PSNR(Y)=34.234, SSIM(Y)=0.9611
Model saved! Best loss: 0.027715
Epoch 5/180: Training loss=0.021035, lr=7.89e-04
Epoch 5/180: Validation combined_loss=0.027286
Validation configuration losses: 32ch=0.026743, 16ch=0.027829
Set5/32ch: PSNR(Y)=36.647, SSIM(Y)=0.9548
Set14/32ch: PSNR(Y)=32.445, SSIM(Y)=0.9062
B100/32ch: PSNR(Y)=31.262, SSIM(Y)=0.8870
U100/32ch: PSNR(Y)=29.247, SSIM(Y)=0.8930
M109/32ch: PSNR(Y)=35.374, SSIM(Y)=0.9662
Set5/16ch: PSNR(Y)=36.259, SSIM(Y)=0.9526
Set14/16ch: PSNR(Y)=32.172, SSIM(Y)=0.9039
B100/16ch: PSNR(Y)=31.054, SSIM(Y)=0.8845
U100/16ch: PSNR(Y)=28.760, SSIM(Y)=0.8855
M109/16ch: PSNR(Y)=34.610, SSIM(Y)=0.9629
Model saved! Best loss: 0.027286
Epoch 6/180: Training loss=0.020875, lr=9.11e-04
Epoch 6/180: Validation combined_loss=0.027051
Validation configuration losses: 32ch=0.026531, 16ch=0.027570
Set5/32ch: PSNR(Y)=36.726, SSIM(Y)=0.9552
Set14/32ch: PSNR(Y)=32.495, SSIM(Y)=0.9068
B100/32ch: PSNR(Y)=31.304, SSIM(Y)=0.8876
U100/32ch: PSNR(Y)=29.343, SSIM(Y)=0.8945
M109/32ch: PSNR(Y)=35.521, SSIM(Y)=0.9668
Set5/16ch: PSNR(Y)=36.360, SSIM(Y)=0.9532
Set14/16ch: PSNR(Y)=32.246, SSIM(Y)=0.9045
B100/16ch: PSNR(Y)=31.104, SSIM(Y)=0.8851
U100/16ch: PSNR(Y)=28.866, SSIM(Y)=0.8873
M109/16ch: PSNR(Y)=34.797, SSIM(Y)=0.9638
Model saved! Best loss: 0.027051
Epoch 7/180: Training loss=0.020882, lr=1.03e-03
Epoch 7/180: Validation combined_loss=0.026882
Validation configuration losses: 32ch=0.026367, 16ch=0.027396
Set5/32ch: PSNR(Y)=36.784, SSIM(Y)=0.9555
Set14/32ch: PSNR(Y)=32.532, SSIM(Y)=0.9071
B100/32ch: PSNR(Y)=31.337, SSIM(Y)=0.8881
U100/32ch: PSNR(Y)=29.417, SSIM(Y)=0.8955
M109/32ch: PSNR(Y)=35.628, SSIM(Y)=0.9672
Set5/16ch: PSNR(Y)=36.429, SSIM(Y)=0.9536
Set14/16ch: PSNR(Y)=32.298, SSIM(Y)=0.9049
B100/16ch: PSNR(Y)=31.137, SSIM(Y)=0.8855
U100/16ch: PSNR(Y)=28.938, SSIM(Y)=0.8884
M109/16ch: PSNR(Y)=34.924, SSIM(Y)=0.9643
Model saved! Best loss: 0.026882
Epoch 8/180: Training loss=0.020789, lr=1.16e-03
Epoch 8/180: Validation combined_loss=0.026749
Validation configuration losses: 32ch=0.026234, 16ch=0.027263
Set5/32ch: PSNR(Y)=36.838, SSIM(Y)=0.9558
Set14/32ch: PSNR(Y)=32.566, SSIM(Y)=0.9075
B100/32ch: PSNR(Y)=31.365, SSIM(Y)=0.8885
U100/32ch: PSNR(Y)=29.482, SSIM(Y)=0.8965
M109/32ch: PSNR(Y)=35.717, SSIM(Y)=0.9676
Set5/16ch: PSNR(Y)=36.487, SSIM(Y)=0.9539
Set14/16ch: PSNR(Y)=32.336, SSIM(Y)=0.9052
B100/16ch: PSNR(Y)=31.161, SSIM(Y)=0.8858
U100/16ch: PSNR(Y)=28.994, SSIM(Y)=0.8892
M109/16ch: PSNR(Y)=35.025, SSIM(Y)=0.9647
Model saved! Best loss: 0.026749
Epoch 9/180: Training loss=0.020745, lr=1.28e-03
Epoch 9/180: Validation combined_loss=0.026630
Validation configuration losses: 32ch=0.026111, 16ch=0.027150
Set5/32ch: PSNR(Y)=36.885, SSIM(Y)=0.9560
Set14/32ch: PSNR(Y)=32.594, SSIM(Y)=0.9077
B100/32ch: PSNR(Y)=31.390, SSIM(Y)=0.8889
U100/32ch: PSNR(Y)=29.542, SSIM(Y)=0.8973
M109/32ch: PSNR(Y)=35.799, SSIM(Y)=0.9679
Set5/16ch: PSNR(Y)=36.527, SSIM(Y)=0.9542
Set14/16ch: PSNR(Y)=32.367, SSIM(Y)=0.9054
B100/16ch: PSNR(Y)=31.182, SSIM(Y)=0.8861
U100/16ch: PSNR(Y)=29.042, SSIM(Y)=0.8899
M109/16ch: PSNR(Y)=35.109, SSIM(Y)=0.9650
Model saved! Best loss: 0.026630
Epoch 10/180: Training loss=0.020711, lr=1.40e-03
Epoch 10/180: Validation combined_loss=0.026528
Validation configuration losses: 32ch=0.026001, 16ch=0.027055
Set5/32ch: PSNR(Y)=36.922, SSIM(Y)=0.9561
Set14/32ch: PSNR(Y)=32.619, SSIM(Y)=0.9079
B100/32ch: PSNR(Y)=31.412, SSIM(Y)=0.8892
U100/32ch: PSNR(Y)=29.596, SSIM(Y)=0.8980
M109/32ch: PSNR(Y)=35.875, SSIM(Y)=0.9682
Set5/16ch: PSNR(Y)=36.557, SSIM(Y)=0.9543
Set14/16ch: PSNR(Y)=32.392, SSIM(Y)=0.9056
B100/16ch: PSNR(Y)=31.201, SSIM(Y)=0.8863
U100/16ch: PSNR(Y)=29.082, SSIM(Y)=0.8904
M109/16ch: PSNR(Y)=35.175, SSIM(Y)=0.9653
Model saved! Best loss: 0.026528
Epoch 11/180: Training loss=0.020672, lr=1.52e-03
Epoch 11/180: Validation combined_loss=0.026437
Validation configuration losses: 32ch=0.025901, 16ch=0.026973
Set5/32ch: PSNR(Y)=36.956, SSIM(Y)=0.9563
Set14/32ch: PSNR(Y)=32.643, SSIM(Y)=0.9082
B100/32ch: PSNR(Y)=31.431, SSIM(Y)=0.8894
U100/32ch: PSNR(Y)=29.645, SSIM(Y)=0.8987
M109/32ch: PSNR(Y)=35.947, SSIM(Y)=0.9685
Set5/16ch: PSNR(Y)=36.585, SSIM(Y)=0.9545
Set14/16ch: PSNR(Y)=32.414, SSIM(Y)=0.9058
B100/16ch: PSNR(Y)=31.217, SSIM(Y)=0.8865
U100/16ch: PSNR(Y)=29.120, SSIM(Y)=0.8910
M109/16ch: PSNR(Y)=35.230, SSIM(Y)=0.9655
Model saved! Best loss: 0.026437
Epoch 12/180: Training loss=0.020603, lr=1.64e-03
Epoch 12/180: Validation combined_loss=0.026350
Validation configuration losses: 32ch=0.025812, 16ch=0.026889
Set5/32ch: PSNR(Y)=36.985, SSIM(Y)=0.9564
Set14/32ch: PSNR(Y)=32.658, SSIM(Y)=0.9083
B100/32ch: PSNR(Y)=31.450, SSIM(Y)=0.8897
U100/32ch: PSNR(Y)=29.685, SSIM(Y)=0.8992
M109/32ch: PSNR(Y)=36.016, SSIM(Y)=0.9687
Set5/16ch: PSNR(Y)=36.617, SSIM(Y)=0.9546
Set14/16ch: PSNR(Y)=32.435, SSIM(Y)=0.9060
B100/16ch: PSNR(Y)=31.234, SSIM(Y)=0.8868
U100/16ch: PSNR(Y)=29.158, SSIM(Y)=0.8916
M109/16ch: PSNR(Y)=35.289, SSIM(Y)=0.9658
Model saved! Best loss: 0.026350
Epoch 13/180: Training loss=0.020602, lr=1.77e-03
Epoch 13/180: Validation combined_loss=0.026268
Validation configuration losses: 32ch=0.025730, 16ch=0.026807
Set5/32ch: PSNR(Y)=37.013, SSIM(Y)=0.9565
Set14/32ch: PSNR(Y)=32.669, SSIM(Y)=0.9084
B100/32ch: PSNR(Y)=31.464, SSIM(Y)=0.8899
U100/32ch: PSNR(Y)=29.722, SSIM(Y)=0.8998
M109/32ch: PSNR(Y)=36.083, SSIM(Y)=0.9690
Set5/16ch: PSNR(Y)=36.648, SSIM(Y)=0.9547
Set14/16ch: PSNR(Y)=32.453, SSIM(Y)=0.9062
B100/16ch: PSNR(Y)=31.249, SSIM(Y)=0.8870
U100/16ch: PSNR(Y)=29.195, SSIM(Y)=0.8921
M109/16ch: PSNR(Y)=35.349, SSIM(Y)=0.9660
Model saved! Best loss: 0.026268
Epoch 14/180: Training loss=0.020519, lr=1.89e-03
Epoch 14/180: Validation combined_loss=0.026194
Validation configuration losses: 32ch=0.025661, 16ch=0.026727
Set5/32ch: PSNR(Y)=37.032, SSIM(Y)=0.9565
Set14/32ch: PSNR(Y)=32.679, SSIM(Y)=0.9085
B100/32ch: PSNR(Y)=31.477, SSIM(Y)=0.8901
U100/32ch: PSNR(Y)=29.754, SSIM(Y)=0.9002
M109/32ch: PSNR(Y)=36.132, SSIM(Y)=0.9692
Set5/16ch: PSNR(Y)=36.677, SSIM(Y)=0.9548
Set14/16ch: PSNR(Y)=32.471, SSIM(Y)=0.9064
B100/16ch: PSNR(Y)=31.264, SSIM(Y)=0.8872
U100/16ch: PSNR(Y)=29.229, SSIM(Y)=0.8927
M109/16ch: PSNR(Y)=35.404, SSIM(Y)=0.9662
Model saved! Best loss: 0.026194
Epoch 15/180: Training loss=0.020568, lr=2.01e-03
Epoch 15/180: Validation combined_loss=0.026119
Validation configuration losses: 32ch=0.025587, 16ch=0.026651
Set5/32ch: PSNR(Y)=37.050, SSIM(Y)=0.9566
Set14/32ch: PSNR(Y)=32.694, SSIM(Y)=0.9086
B100/32ch: PSNR(Y)=31.491, SSIM(Y)=0.8903
U100/32ch: PSNR(Y)=29.790, SSIM(Y)=0.9008
M109/32ch: PSNR(Y)=36.184, SSIM(Y)=0.9693
Set5/16ch: PSNR(Y)=36.703, SSIM(Y)=0.9549
Set14/16ch: PSNR(Y)=32.487, SSIM(Y)=0.9066
B100/16ch: PSNR(Y)=31.279, SSIM(Y)=0.8874
U100/16ch: PSNR(Y)=29.263, SSIM(Y)=0.8932
M109/16ch: PSNR(Y)=35.458, SSIM(Y)=0.9664
Model saved! Best loss: 0.026119
Epoch 16/180: Training loss=0.020531, lr=2.13e-03
Epoch 16/180: Validation combined_loss=0.026058
Validation configuration losses: 32ch=0.025526, 16ch=0.026589
Set5/32ch: PSNR(Y)=37.069, SSIM(Y)=0.9567
Set14/32ch: PSNR(Y)=32.708, SSIM(Y)=0.9088
B100/32ch: PSNR(Y)=31.503, SSIM(Y)=0.8905
U100/32ch: PSNR(Y)=29.821, SSIM(Y)=0.9012
M109/32ch: PSNR(Y)=36.226, SSIM(Y)=0.9695
Set5/16ch: PSNR(Y)=36.731, SSIM(Y)=0.9551
Set14/16ch: PSNR(Y)=32.502, SSIM(Y)=0.9068
B100/16ch: PSNR(Y)=31.293, SSIM(Y)=0.8876
U100/16ch: PSNR(Y)=29.293, SSIM(Y)=0.8937
M109/16ch: PSNR(Y)=35.500, SSIM(Y)=0.9666
Model saved! Best loss: 0.026058
Epoch 17/180: Training loss=0.020570, lr=2.26e-03
Epoch 17/180: Validation combined_loss=0.025997
Validation configuration losses: 32ch=0.025466, 16ch=0.026527
Set5/32ch: PSNR(Y)=37.081, SSIM(Y)=0.9568
Set14/32ch: PSNR(Y)=32.714, SSIM(Y)=0.9088
B100/32ch: PSNR(Y)=31.512, SSIM(Y)=0.8906
U100/32ch: PSNR(Y)=29.853, SSIM(Y)=0.9016
M109/32ch: PSNR(Y)=36.265, SSIM(Y)=0.9696
Set5/16ch: PSNR(Y)=36.756, SSIM(Y)=0.9552
Set14/16ch: PSNR(Y)=32.514, SSIM(Y)=0.9069
B100/16ch: PSNR(Y)=31.306, SSIM(Y)=0.8878
U100/16ch: PSNR(Y)=29.319, SSIM(Y)=0.8940
M109/16ch: PSNR(Y)=35.550, SSIM(Y)=0.9668
Model saved! Best loss: 0.025997
Epoch 18/180: Training loss=0.020459, lr=2.38e-03
Epoch 18/180: Validation combined_loss=0.025944
Validation configuration losses: 32ch=0.025421, 16ch=0.026468
Set5/32ch: PSNR(Y)=37.096, SSIM(Y)=0.9568
Set14/32ch: PSNR(Y)=32.720, SSIM(Y)=0.9089
B100/32ch: PSNR(Y)=31.520, SSIM(Y)=0.8907
U100/32ch: PSNR(Y)=29.877, SSIM(Y)=0.9020
M109/32ch: PSNR(Y)=36.294, SSIM(Y)=0.9697
Set5/16ch: PSNR(Y)=36.780, SSIM(Y)=0.9553
Set14/16ch: PSNR(Y)=32.527, SSIM(Y)=0.9070
B100/16ch: PSNR(Y)=31.319, SSIM(Y)=0.8880
U100/16ch: PSNR(Y)=29.343, SSIM(Y)=0.8944
M109/16ch: PSNR(Y)=35.596, SSIM(Y)=0.9670
Model saved! Best loss: 0.025944
Epoch 19/180: Training loss=0.020396, lr=2.50e-03
Epoch 19/180: Validation combined_loss=0.025892
Validation configuration losses: 32ch=0.025373, 16ch=0.026411
Set5/32ch: PSNR(Y)=37.105, SSIM(Y)=0.9569
Set14/32ch: PSNR(Y)=32.730, SSIM(Y)=0.9090
B100/32ch: PSNR(Y)=31.530, SSIM(Y)=0.8909
U100/32ch: PSNR(Y)=29.899, SSIM(Y)=0.9023
M109/32ch: PSNR(Y)=36.330, SSIM(Y)=0.9698
Set5/16ch: PSNR(Y)=36.803, SSIM(Y)=0.9554
Set14/16ch: PSNR(Y)=32.540, SSIM(Y)=0.9071
B100/16ch: PSNR(Y)=31.331, SSIM(Y)=0.8882
U100/16ch: PSNR(Y)=29.364, SSIM(Y)=0.8948
M109/16ch: PSNR(Y)=35.643, SSIM(Y)=0.9671
Model saved! Best loss: 0.025892
Epoch 20/180: Training loss=0.020433, lr=2.50e-03
Epoch 20/180: Validation combined_loss=0.025837
Validation configuration losses: 32ch=0.025317, 16ch=0.026357
Set5/32ch: PSNR(Y)=37.115, SSIM(Y)=0.9569
Set14/32ch: PSNR(Y)=32.740, SSIM(Y)=0.9091
B100/32ch: PSNR(Y)=31.539, SSIM(Y)=0.8911
U100/32ch: PSNR(Y)=29.926, SSIM(Y)=0.9028
M109/32ch: PSNR(Y)=36.375, SSIM(Y)=0.9700
Set5/16ch: PSNR(Y)=36.826, SSIM(Y)=0.9554
Set14/16ch: PSNR(Y)=32.551, SSIM(Y)=0.9072
B100/16ch: PSNR(Y)=31.342, SSIM(Y)=0.8884
U100/16ch: PSNR(Y)=29.389, SSIM(Y)=0.8952
M109/16ch: PSNR(Y)=35.685, SSIM(Y)=0.9673
Model saved! Best loss: 0.025837
Epoch 21/180: Training loss=0.020442, lr=2.50e-03
Epoch 21/180: Validation combined_loss=0.025781
Validation configuration losses: 32ch=0.025260, 16ch=0.026303
Set5/32ch: PSNR(Y)=37.127, SSIM(Y)=0.9569
Set14/32ch: PSNR(Y)=32.754, SSIM(Y)=0.9092
B100/32ch: PSNR(Y)=31.547, SSIM(Y)=0.8912
U100/32ch: PSNR(Y)=29.953, SSIM(Y)=0.9031
M109/32ch: PSNR(Y)=36.421, SSIM(Y)=0.9702
Set5/16ch: PSNR(Y)=36.846, SSIM(Y)=0.9555
Set14/16ch: PSNR(Y)=32.562, SSIM(Y)=0.9073
B100/16ch: PSNR(Y)=31.353, SSIM(Y)=0.8885
U100/16ch: PSNR(Y)=29.413, SSIM(Y)=0.8955
M109/16ch: PSNR(Y)=35.719, SSIM(Y)=0.9674
Model saved! Best loss: 0.025781
Epoch 22/180: Training loss=0.020415, lr=2.50e-03
Epoch 22/180: Validation combined_loss=0.025740
Validation configuration losses: 32ch=0.025224, 16ch=0.026255
Set5/32ch: PSNR(Y)=37.133, SSIM(Y)=0.9569
Set14/32ch: PSNR(Y)=32.772, SSIM(Y)=0.9093
B100/32ch: PSNR(Y)=31.554, SSIM(Y)=0.8912
U100/32ch: PSNR(Y)=29.966, SSIM(Y)=0.9033
M109/32ch: PSNR(Y)=36.451, SSIM(Y)=0.9703
Set5/16ch: PSNR(Y)=36.865, SSIM(Y)=0.9556
Set14/16ch: PSNR(Y)=32.571, SSIM(Y)=0.9074
B100/16ch: PSNR(Y)=31.362, SSIM(Y)=0.8887
U100/16ch: PSNR(Y)=29.433, SSIM(Y)=0.8959
M109/16ch: PSNR(Y)=35.753, SSIM(Y)=0.9676
Model saved! Best loss: 0.025740
Epoch 23/180: Training loss=0.020323, lr=2.50e-03
Epoch 23/180: Validation combined_loss=0.025701
Validation configuration losses: 32ch=0.025188, 16ch=0.026214
Set5/32ch: PSNR(Y)=37.140, SSIM(Y)=0.9569
Set14/32ch: PSNR(Y)=32.780, SSIM(Y)=0.9094
B100/32ch: PSNR(Y)=31.561, SSIM(Y)=0.8913
U100/32ch: PSNR(Y)=29.988, SSIM(Y)=0.9037
M109/32ch: PSNR(Y)=36.468, SSIM(Y)=0.9704
Set5/16ch: PSNR(Y)=36.882, SSIM(Y)=0.9556
Set14/16ch: PSNR(Y)=32.576, SSIM(Y)=0.9075
B100/16ch: PSNR(Y)=31.371, SSIM(Y)=0.8888
U100/16ch: PSNR(Y)=29.452, SSIM(Y)=0.8962
M109/16ch: PSNR(Y)=35.779, SSIM(Y)=0.9677
Model saved! Best loss: 0.025701
Epoch 24/180: Training loss=0.020351, lr=2.49e-03
Epoch 24/180: Validation combined_loss=0.025667
Validation configuration losses: 32ch=0.025157, 16ch=0.026177
Set5/32ch: PSNR(Y)=37.149, SSIM(Y)=0.9570
Set14/32ch: PSNR(Y)=32.785, SSIM(Y)=0.9094
B100/32ch: PSNR(Y)=31.567, SSIM(Y)=0.8914
U100/32ch: PSNR(Y)=30.008, SSIM(Y)=0.9039
M109/32ch: PSNR(Y)=36.477, SSIM(Y)=0.9704
Set5/16ch: PSNR(Y)=36.894, SSIM(Y)=0.9557
Set14/16ch: PSNR(Y)=32.583, SSIM(Y)=0.9075
B100/16ch: PSNR(Y)=31.379, SSIM(Y)=0.8889
U100/16ch: PSNR(Y)=29.471, SSIM(Y)=0.8964
M109/16ch: PSNR(Y)=35.791, SSIM(Y)=0.9677
Model saved! Best loss: 0.025667
Epoch 25/180: Training loss=0.020339, lr=2.49e-03
Epoch 25/180: Validation combined_loss=0.025643
Validation configuration losses: 32ch=0.025136, 16ch=0.026150
Set5/32ch: PSNR(Y)=37.150, SSIM(Y)=0.9570
Set14/32ch: PSNR(Y)=32.791, SSIM(Y)=0.9095
B100/32ch: PSNR(Y)=31.573, SSIM(Y)=0.8915
U100/32ch: PSNR(Y)=30.020, SSIM(Y)=0.9041
M109/32ch: PSNR(Y)=36.492, SSIM(Y)=0.9705
Set5/16ch: PSNR(Y)=36.905, SSIM(Y)=0.9557
Set14/16ch: PSNR(Y)=32.589, SSIM(Y)=0.9076
B100/16ch: PSNR(Y)=31.386, SSIM(Y)=0.8890
U100/16ch: PSNR(Y)=29.485, SSIM(Y)=0.8967
M109/16ch: PSNR(Y)=35.801, SSIM(Y)=0.9678
Model saved! Best loss: 0.025643
Epoch 26/180: Training loss=0.020320, lr=2.49e-03
Epoch 26/180: Validation combined_loss=0.025620
Validation configuration losses: 32ch=0.025115, 16ch=0.026125
Set5/32ch: PSNR(Y)=37.156, SSIM(Y)=0.9570
Set14/32ch: PSNR(Y)=32.794, SSIM(Y)=0.9096
B100/32ch: PSNR(Y)=31.577, SSIM(Y)=0.8915
U100/32ch: PSNR(Y)=30.034, SSIM(Y)=0.9043
M109/32ch: PSNR(Y)=36.498, SSIM(Y)=0.9705
Set5/16ch: PSNR(Y)=36.912, SSIM(Y)=0.9558
Set14/16ch: PSNR(Y)=32.592, SSIM(Y)=0.9076
B100/16ch: PSNR(Y)=31.391, SSIM(Y)=0.8891
U100/16ch: PSNR(Y)=29.497, SSIM(Y)=0.8969
M109/16ch: PSNR(Y)=35.813, SSIM(Y)=0.9679
Model saved! Best loss: 0.025620
Epoch 27/180: Training loss=0.020285, lr=2.49e-03
Epoch 27/180: Validation combined_loss=0.025597
Validation configuration losses: 32ch=0.025095, 16ch=0.026099
Set5/32ch: PSNR(Y)=37.156, SSIM(Y)=0.9570
Set14/32ch: PSNR(Y)=32.798, SSIM(Y)=0.9096
B100/32ch: PSNR(Y)=31.581, SSIM(Y)=0.8916
U100/32ch: PSNR(Y)=30.045, SSIM(Y)=0.9044
M109/32ch: PSNR(Y)=36.504, SSIM(Y)=0.9706
Set5/16ch: PSNR(Y)=36.920, SSIM(Y)=0.9558
Set14/16ch: PSNR(Y)=32.597, SSIM(Y)=0.9077
B100/16ch: PSNR(Y)=31.397, SSIM(Y)=0.8891
U100/16ch: PSNR(Y)=29.510, SSIM(Y)=0.8970
M109/16ch: PSNR(Y)=35.826, SSIM(Y)=0.9679
Model saved! Best loss: 0.025597
Epoch 28/180: Training loss=0.020274, lr=2.48e-03
Epoch 28/180: Validation combined_loss=0.025573
Validation configuration losses: 32ch=0.025072, 16ch=0.026074
Set5/32ch: PSNR(Y)=37.155, SSIM(Y)=0.9571
Set14/32ch: PSNR(Y)=32.802, SSIM(Y)=0.9096
B100/32ch: PSNR(Y)=31.584, SSIM(Y)=0.8917
U100/32ch: PSNR(Y)=30.056, SSIM(Y)=0.9046
M109/32ch: PSNR(Y)=36.523, SSIM(Y)=0.9706
Set5/16ch: PSNR(Y)=36.924, SSIM(Y)=0.9558
Set14/16ch: PSNR(Y)=32.601, SSIM(Y)=0.9077
B100/16ch: PSNR(Y)=31.401, SSIM(Y)=0.8892
U100/16ch: PSNR(Y)=29.521, SSIM(Y)=0.8972
M109/16ch: PSNR(Y)=35.841, SSIM(Y)=0.9680
Model saved! Best loss: 0.025573
Epoch 29/180: Training loss=0.020248, lr=2.48e-03
Epoch 29/180: Validation combined_loss=0.025561
Validation configuration losses: 32ch=0.025062, 16ch=0.026059
Set5/32ch: PSNR(Y)=37.160, SSIM(Y)=0.9571
Set14/32ch: PSNR(Y)=32.807, SSIM(Y)=0.9098
B100/32ch: PSNR(Y)=31.587, SSIM(Y)=0.8917
U100/32ch: PSNR(Y)=30.065, SSIM(Y)=0.9047
M109/32ch: PSNR(Y)=36.522, SSIM(Y)=0.9706
Set5/16ch: PSNR(Y)=36.933, SSIM(Y)=0.9559
Set14/16ch: PSNR(Y)=32.605, SSIM(Y)=0.9078
B100/16ch: PSNR(Y)=31.406, SSIM(Y)=0.8893
U100/16ch: PSNR(Y)=29.532, SSIM(Y)=0.8974
M109/16ch: PSNR(Y)=35.843, SSIM(Y)=0.9680
Model saved! Best loss: 0.025561
Epoch 30/180: Training loss=0.020243, lr=2.47e-03
Epoch 30/180: Validation combined_loss=0.025541
Validation configuration losses: 32ch=0.025045, 16ch=0.026037
Set5/32ch: PSNR(Y)=37.166, SSIM(Y)=0.9571
Set14/32ch: PSNR(Y)=32.809, SSIM(Y)=0.9097
B100/32ch: PSNR(Y)=31.590, SSIM(Y)=0.8917
U100/32ch: PSNR(Y)=30.074, SSIM(Y)=0.9048
M109/32ch: PSNR(Y)=36.536, SSIM(Y)=0.9707
Set5/16ch: PSNR(Y)=36.939, SSIM(Y)=0.9559
Set14/16ch: PSNR(Y)=32.609, SSIM(Y)=0.9078
B100/16ch: PSNR(Y)=31.410, SSIM(Y)=0.8893
U100/16ch: PSNR(Y)=29.543, SSIM(Y)=0.8975
M109/16ch: PSNR(Y)=35.857, SSIM(Y)=0.9681
Model saved! Best loss: 0.025541
Epoch 31/180: Training loss=0.020216, lr=2.47e-03
Epoch 31/180: Validation combined_loss=0.025525
Validation configuration losses: 32ch=0.025032, 16ch=0.026017
Set5/32ch: PSNR(Y)=37.178, SSIM(Y)=0.9571
Set14/32ch: PSNR(Y)=32.814, SSIM(Y)=0.9098
B100/32ch: PSNR(Y)=31.593, SSIM(Y)=0.8918
U100/32ch: PSNR(Y)=30.082, SSIM(Y)=0.9049
M109/32ch: PSNR(Y)=36.544, SSIM(Y)=0.9707
Set5/16ch: PSNR(Y)=36.945, SSIM(Y)=0.9560
Set14/16ch: PSNR(Y)=32.612, SSIM(Y)=0.9078
B100/16ch: PSNR(Y)=31.414, SSIM(Y)=0.8894
U100/16ch: PSNR(Y)=29.553, SSIM(Y)=0.8977
M109/16ch: PSNR(Y)=35.869, SSIM(Y)=0.9682
Model saved! Best loss: 0.025525
Epoch 32/180: Training loss=0.020246, lr=2.46e-03
Epoch 32/180: Validation combined_loss=0.025507
Validation configuration losses: 32ch=0.025016, 16ch=0.025999
Set5/32ch: PSNR(Y)=37.183, SSIM(Y)=0.9571
Set14/32ch: PSNR(Y)=32.811, SSIM(Y)=0.9098
B100/32ch: PSNR(Y)=31.594, SSIM(Y)=0.8918
U100/32ch: PSNR(Y)=30.092, SSIM(Y)=0.9051
M109/32ch: PSNR(Y)=36.554, SSIM(Y)=0.9708
Set5/16ch: PSNR(Y)=36.949, SSIM(Y)=0.9560
Set14/16ch: PSNR(Y)=32.616, SSIM(Y)=0.9079
B100/16ch: PSNR(Y)=31.418, SSIM(Y)=0.8894
U100/16ch: PSNR(Y)=29.562, SSIM(Y)=0.8978
M109/16ch: PSNR(Y)=35.882, SSIM(Y)=0.9682
Model saved! Best loss: 0.025507
Epoch 33/180: Training loss=0.020204, lr=2.46e-03
Epoch 33/180: Validation combined_loss=0.025495
Validation configuration losses: 32ch=0.025005, 16ch=0.025985
Set5/32ch: PSNR(Y)=37.185, SSIM(Y)=0.9571
Set14/32ch: PSNR(Y)=32.810, SSIM(Y)=0.9098
B100/32ch: PSNR(Y)=31.597, SSIM(Y)=0.8919
U100/32ch: PSNR(Y)=30.096, SSIM(Y)=0.9051
M109/32ch: PSNR(Y)=36.561, SSIM(Y)=0.9708
Set5/16ch: PSNR(Y)=36.953, SSIM(Y)=0.9560
Set14/16ch: PSNR(Y)=32.619, SSIM(Y)=0.9080
B100/16ch: PSNR(Y)=31.421, SSIM(Y)=0.8895
U100/16ch: PSNR(Y)=29.567, SSIM(Y)=0.8979
M109/16ch: PSNR(Y)=35.889, SSIM(Y)=0.9683
Model saved! Best loss: 0.025495
Epoch 34/180: Training loss=0.020224, lr=2.45e-03
Epoch 34/180: Validation combined_loss=0.025484
Validation configuration losses: 32ch=0.024996, 16ch=0.025972
Set5/32ch: PSNR(Y)=37.188, SSIM(Y)=0.9572
Set14/32ch: PSNR(Y)=32.812, SSIM(Y)=0.9098
B100/32ch: PSNR(Y)=31.599, SSIM(Y)=0.8919
U100/32ch: PSNR(Y)=30.100, SSIM(Y)=0.9052
M109/32ch: PSNR(Y)=36.574, SSIM(Y)=0.9708
Set5/16ch: PSNR(Y)=36.960, SSIM(Y)=0.9560
Set14/16ch: PSNR(Y)=32.622, SSIM(Y)=0.9080
B100/16ch: PSNR(Y)=31.424, SSIM(Y)=0.8895
U100/16ch: PSNR(Y)=29.573, SSIM(Y)=0.8980
M109/16ch: PSNR(Y)=35.900, SSIM(Y)=0.9683
Model saved! Best loss: 0.025484
Epoch 35/180: Training loss=0.020194, lr=2.44e-03
Epoch 35/180: Validation combined_loss=0.025468
Validation configuration losses: 32ch=0.024985, 16ch=0.025952
Set5/32ch: PSNR(Y)=37.186, SSIM(Y)=0.9571
Set14/32ch: PSNR(Y)=32.814, SSIM(Y)=0.9098
B100/32ch: PSNR(Y)=31.601, SSIM(Y)=0.8919
U100/32ch: PSNR(Y)=30.104, SSIM(Y)=0.9052
M109/32ch: PSNR(Y)=36.582, SSIM(Y)=0.9708
Set5/16ch: PSNR(Y)=36.963, SSIM(Y)=0.9561
Set14/16ch: PSNR(Y)=32.626, SSIM(Y)=0.9081
B100/16ch: PSNR(Y)=31.428, SSIM(Y)=0.8896
U100/16ch: PSNR(Y)=29.581, SSIM(Y)=0.8982
M109/16ch: PSNR(Y)=35.918, SSIM(Y)=0.9684
Model saved! Best loss: 0.025468
Epoch 36/180: Training loss=0.020186, lr=2.43e-03
Epoch 36/180: Validation combined_loss=0.025442
Validation configuration losses: 32ch=0.024969, 16ch=0.025914
Set5/32ch: PSNR(Y)=37.192, SSIM(Y)=0.9572
Set14/32ch: PSNR(Y)=32.821, SSIM(Y)=0.9098
B100/32ch: PSNR(Y)=31.605, SSIM(Y)=0.8920
U100/32ch: PSNR(Y)=30.109, SSIM(Y)=0.9053
M109/32ch: PSNR(Y)=36.592, SSIM(Y)=0.9709
Set5/16ch: PSNR(Y)=36.967, SSIM(Y)=0.9561
Set14/16ch: PSNR(Y)=32.635, SSIM(Y)=0.9082
B100/16ch: PSNR(Y)=31.432, SSIM(Y)=0.8897
U100/16ch: PSNR(Y)=29.597, SSIM(Y)=0.8985
M109/16ch: PSNR(Y)=35.955, SSIM(Y)=0.9685
Model saved! Best loss: 0.025442
Epoch 37/180: Training loss=0.020192, lr=2.43e-03
Epoch 37/180: Validation combined_loss=0.025422
Validation configuration losses: 32ch=0.024956, 16ch=0.025888
Set5/32ch: PSNR(Y)=37.197, SSIM(Y)=0.9572
Set14/32ch: PSNR(Y)=32.823, SSIM(Y)=0.9099
B100/32ch: PSNR(Y)=31.607, SSIM(Y)=0.8920
U100/32ch: PSNR(Y)=30.115, SSIM(Y)=0.9054
M109/32ch: PSNR(Y)=36.605, SSIM(Y)=0.9709
Set5/16ch: PSNR(Y)=36.969, SSIM(Y)=0.9561
Set14/16ch: PSNR(Y)=32.640, SSIM(Y)=0.9082
B100/16ch: PSNR(Y)=31.434, SSIM(Y)=0.8897
U100/16ch: PSNR(Y)=29.608, SSIM(Y)=0.8987
M109/16ch: PSNR(Y)=35.978, SSIM(Y)=0.9686
Model saved! Best loss: 0.025422
Epoch 38/180: Training loss=0.020136, lr=2.42e-03
Epoch 38/180: Validation combined_loss=0.025413
Validation configuration losses: 32ch=0.024949, 16ch=0.025877
Set5/32ch: PSNR(Y)=37.199, SSIM(Y)=0.9572
Set14/32ch: PSNR(Y)=32.824, SSIM(Y)=0.9099
B100/32ch: PSNR(Y)=31.610, SSIM(Y)=0.8920
U100/32ch: PSNR(Y)=30.121, SSIM(Y)=0.9055
M109/32ch: PSNR(Y)=36.607, SSIM(Y)=0.9709
Set5/16ch: PSNR(Y)=36.974, SSIM(Y)=0.9561
Set14/16ch: PSNR(Y)=32.645, SSIM(Y)=0.9082
B100/16ch: PSNR(Y)=31.436, SSIM(Y)=0.8897
U100/16ch: PSNR(Y)=29.616, SSIM(Y)=0.8988
M109/16ch: PSNR(Y)=35.982, SSIM(Y)=0.9687
Model saved! Best loss: 0.025413
Epoch 39/180: Training loss=0.020180, lr=2.41e-03
Epoch 39/180: Validation combined_loss=0.025402
Validation configuration losses: 32ch=0.024940, 16ch=0.025864
Set5/32ch: PSNR(Y)=37.211, SSIM(Y)=0.9572
Set14/32ch: PSNR(Y)=32.825, SSIM(Y)=0.9099
B100/32ch: PSNR(Y)=31.611, SSIM(Y)=0.8921
U100/32ch: PSNR(Y)=30.125, SSIM(Y)=0.9056
M109/32ch: PSNR(Y)=36.615, SSIM(Y)=0.9710
Set5/16ch: PSNR(Y)=36.976, SSIM(Y)=0.9561
Set14/16ch: PSNR(Y)=32.648, SSIM(Y)=0.9082
B100/16ch: PSNR(Y)=31.438, SSIM(Y)=0.8898
U100/16ch: PSNR(Y)=29.620, SSIM(Y)=0.8988
M109/16ch: PSNR(Y)=35.995, SSIM(Y)=0.9687
Model saved! Best loss: 0.025402
Epoch 40/180: Training loss=0.020164, lr=2.40e-03
Epoch 40/180: Validation combined_loss=0.025389
Validation configuration losses: 32ch=0.024930, 16ch=0.025849
Set5/32ch: PSNR(Y)=37.214, SSIM(Y)=0.9572
Set14/32ch: PSNR(Y)=32.826, SSIM(Y)=0.9100
B100/32ch: PSNR(Y)=31.612, SSIM(Y)=0.8921
U100/32ch: PSNR(Y)=30.130, SSIM(Y)=0.9057
M109/32ch: PSNR(Y)=36.617, SSIM(Y)=0.9710
Set5/16ch: PSNR(Y)=36.981, SSIM(Y)=0.9562
Set14/16ch: PSNR(Y)=32.653, SSIM(Y)=0.9083
B100/16ch: PSNR(Y)=31.440, SSIM(Y)=0.8898
U100/16ch: PSNR(Y)=29.626, SSIM(Y)=0.8989
M109/16ch: PSNR(Y)=36.006, SSIM(Y)=0.9687
Model saved! Best loss: 0.025389
Epoch 41/180: Training loss=0.020166, lr=2.39e-03
Epoch 41/180: Validation combined_loss=0.025383
Validation configuration losses: 32ch=0.024925, 16ch=0.025842
Set5/32ch: PSNR(Y)=37.222, SSIM(Y)=0.9572
Set14/32ch: PSNR(Y)=32.827, SSIM(Y)=0.9100
B100/32ch: PSNR(Y)=31.614, SSIM(Y)=0.8921
U100/32ch: PSNR(Y)=30.133, SSIM(Y)=0.9057
M109/32ch: PSNR(Y)=36.616, SSIM(Y)=0.9710
Set5/16ch: PSNR(Y)=36.986, SSIM(Y)=0.9562
Set14/16ch: PSNR(Y)=32.656, SSIM(Y)=0.9083
B100/16ch: PSNR(Y)=31.441, SSIM(Y)=0.8898
U100/16ch: PSNR(Y)=29.628, SSIM(Y)=0.8990
M109/16ch: PSNR(Y)=36.009, SSIM(Y)=0.9688
Model saved! Best loss: 0.025383
Epoch 42/180: Training loss=0.020165, lr=2.38e-03
Epoch 42/180: Validation combined_loss=0.025371
Validation configuration losses: 32ch=0.024914, 16ch=0.025828
Set5/32ch: PSNR(Y)=37.226, SSIM(Y)=0.9572
Set14/32ch: PSNR(Y)=32.832, SSIM(Y)=0.9100
B100/32ch: PSNR(Y)=31.616, SSIM(Y)=0.8922
U100/32ch: PSNR(Y)=30.140, SSIM(Y)=0.9059
M109/32ch: PSNR(Y)=36.622, SSIM(Y)=0.9710
Set5/16ch: PSNR(Y)=36.991, SSIM(Y)=0.9562
Set14/16ch: PSNR(Y)=32.659, SSIM(Y)=0.9084
B100/16ch: PSNR(Y)=31.444, SSIM(Y)=0.8899
U100/16ch: PSNR(Y)=29.634, SSIM(Y)=0.8991
M109/16ch: PSNR(Y)=36.023, SSIM(Y)=0.9688
Model saved! Best loss: 0.025371
Epoch 43/180: Training loss=0.020132, lr=2.37e-03
Epoch 43/180: Validation combined_loss=0.025364
Validation configuration losses: 32ch=0.024909, 16ch=0.025819
Set5/32ch: PSNR(Y)=37.228, SSIM(Y)=0.9573
Set14/32ch: PSNR(Y)=32.835, SSIM(Y)=0.9101
B100/32ch: PSNR(Y)=31.618, SSIM(Y)=0.8922
U100/32ch: PSNR(Y)=30.139, SSIM(Y)=0.9058
M109/32ch: PSNR(Y)=36.637, SSIM(Y)=0.9710
Set5/16ch: PSNR(Y)=36.992, SSIM(Y)=0.9562
Set14/16ch: PSNR(Y)=32.661, SSIM(Y)=0.9084
B100/16ch: PSNR(Y)=31.446, SSIM(Y)=0.8899
U100/16ch: PSNR(Y)=29.638, SSIM(Y)=0.8991
M109/16ch: PSNR(Y)=36.037, SSIM(Y)=0.9688
Model saved! Best loss: 0.025364
Epoch 44/180: Training loss=0.020112, lr=2.36e-03
Epoch 44/180: Validation combined_loss=0.025356
Validation configuration losses: 32ch=0.024903, 16ch=0.025809
Set5/32ch: PSNR(Y)=37.234, SSIM(Y)=0.9573
Set14/32ch: PSNR(Y)=32.832, SSIM(Y)=0.9100
B100/32ch: PSNR(Y)=31.621, SSIM(Y)=0.8922
U100/32ch: PSNR(Y)=30.144, SSIM(Y)=0.9059
M109/32ch: PSNR(Y)=36.644, SSIM(Y)=0.9711
Set5/16ch: PSNR(Y)=36.995, SSIM(Y)=0.9562
Set14/16ch: PSNR(Y)=32.663, SSIM(Y)=0.9084
B100/16ch: PSNR(Y)=31.449, SSIM(Y)=0.8899
U100/16ch: PSNR(Y)=29.644, SSIM(Y)=0.8992
M109/16ch: PSNR(Y)=36.044, SSIM(Y)=0.9689
Model saved! Best loss: 0.025356
Epoch 45/180: Training loss=0.020174, lr=2.35e-03
Epoch 45/180: Validation combined_loss=0.025349
Validation configuration losses: 32ch=0.024897, 16ch=0.025800
Set5/32ch: PSNR(Y)=37.239, SSIM(Y)=0.9573
Set14/32ch: PSNR(Y)=32.833, SSIM(Y)=0.9100
B100/32ch: PSNR(Y)=31.621, SSIM(Y)=0.8922
U100/32ch: PSNR(Y)=30.147, SSIM(Y)=0.9059
M109/32ch: PSNR(Y)=36.648, SSIM(Y)=0.9711
Set5/16ch: PSNR(Y)=36.997, SSIM(Y)=0.9562
Set14/16ch: PSNR(Y)=32.666, SSIM(Y)=0.9084
B100/16ch: PSNR(Y)=31.450, SSIM(Y)=0.8899
U100/16ch: PSNR(Y)=29.649, SSIM(Y)=0.8993
M109/16ch: PSNR(Y)=36.050, SSIM(Y)=0.9689
Model saved! Best loss: 0.025349
Epoch 46/180: Training loss=0.020163, lr=2.34e-03
Epoch 46/180: Validation combined_loss=0.025342
Validation configuration losses: 32ch=0.024894, 16ch=0.025790
Set5/32ch: PSNR(Y)=37.237, SSIM(Y)=0.9573
Set14/32ch: PSNR(Y)=32.838, SSIM(Y)=0.9100
B100/32ch: PSNR(Y)=31.623, SSIM(Y)=0.8923
U100/32ch: PSNR(Y)=30.150, SSIM(Y)=0.9059
M109/32ch: PSNR(Y)=36.647, SSIM(Y)=0.9711
Set5/16ch: PSNR(Y)=37.003, SSIM(Y)=0.9563
Set14/16ch: PSNR(Y)=32.670, SSIM(Y)=0.9085
B100/16ch: PSNR(Y)=31.452, SSIM(Y)=0.8900
U100/16ch: PSNR(Y)=29.653, SSIM(Y)=0.8994
M109/16ch: PSNR(Y)=36.062, SSIM(Y)=0.9689
Model saved! Best loss: 0.025342
Epoch 47/180: Training loss=0.020158, lr=2.33e-03
Epoch 47/180: Validation combined_loss=0.025331
Validation configuration losses: 32ch=0.024884, 16ch=0.025777
Set5/32ch: PSNR(Y)=37.243, SSIM(Y)=0.9573
Set14/32ch: PSNR(Y)=32.837, SSIM(Y)=0.9100
B100/32ch: PSNR(Y)=31.624, SSIM(Y)=0.8923
U100/32ch: PSNR(Y)=30.152, SSIM(Y)=0.9060
M109/32ch: PSNR(Y)=36.659, SSIM(Y)=0.9711
Set5/16ch: PSNR(Y)=37.008, SSIM(Y)=0.9563
Set14/16ch: PSNR(Y)=32.672, SSIM(Y)=0.9085
B100/16ch: PSNR(Y)=31.453, SSIM(Y)=0.8900
U100/16ch: PSNR(Y)=29.657, SSIM(Y)=0.8995
M109/16ch: PSNR(Y)=36.074, SSIM(Y)=0.9690
Model saved! Best loss: 0.025331
Epoch 48/180: Training loss=0.020184, lr=2.31e-03
Epoch 48/180: Validation combined_loss=0.025320
Validation configuration losses: 32ch=0.024873, 16ch=0.025767
Set5/32ch: PSNR(Y)=37.249, SSIM(Y)=0.9573
Set14/32ch: PSNR(Y)=32.841, SSIM(Y)=0.9100
B100/32ch: PSNR(Y)=31.627, SSIM(Y)=0.8923
U100/32ch: PSNR(Y)=30.161, SSIM(Y)=0.9061
M109/32ch: PSNR(Y)=36.659, SSIM(Y)=0.9711
Set5/16ch: PSNR(Y)=37.013, SSIM(Y)=0.9563
Set14/16ch: PSNR(Y)=32.673, SSIM(Y)=0.9085
B100/16ch: PSNR(Y)=31.455, SSIM(Y)=0.8900
U100/16ch: PSNR(Y)=29.663, SSIM(Y)=0.8995
M109/16ch: PSNR(Y)=36.082, SSIM(Y)=0.9690
Model saved! Best loss: 0.025320
Epoch 49/180: Training loss=0.020100, lr=2.30e-03
Epoch 49/180: Validation combined_loss=0.025312
Validation configuration losses: 32ch=0.024866, 16ch=0.025759
Set5/32ch: PSNR(Y)=37.251, SSIM(Y)=0.9573
Set14/32ch: PSNR(Y)=32.851, SSIM(Y)=0.9101
B100/32ch: PSNR(Y)=31.628, SSIM(Y)=0.8923
U100/32ch: PSNR(Y)=30.165, SSIM(Y)=0.9061
M109/32ch: PSNR(Y)=36.659, SSIM(Y)=0.9711
Set5/16ch: PSNR(Y)=37.014, SSIM(Y)=0.9563
Set14/16ch: PSNR(Y)=32.676, SSIM(Y)=0.9085
B100/16ch: PSNR(Y)=31.457, SSIM(Y)=0.8901
U100/16ch: PSNR(Y)=29.669, SSIM(Y)=0.8996
M109/16ch: PSNR(Y)=36.086, SSIM(Y)=0.9690
Model saved! Best loss: 0.025312
Epoch 50/180: Training loss=0.020135, lr=2.29e-03
Epoch 50/180: Validation combined_loss=0.025306
Validation configuration losses: 32ch=0.024860, 16ch=0.025753
Set5/32ch: PSNR(Y)=37.254, SSIM(Y)=0.9573
Set14/32ch: PSNR(Y)=32.854, SSIM(Y)=0.9101
B100/32ch: PSNR(Y)=31.630, SSIM(Y)=0.8923
U100/32ch: PSNR(Y)=30.170, SSIM(Y)=0.9062
M109/32ch: PSNR(Y)=36.661, SSIM(Y)=0.9711
Set5/16ch: PSNR(Y)=37.016, SSIM(Y)=0.9563
Set14/16ch: PSNR(Y)=32.679, SSIM(Y)=0.9085
B100/16ch: PSNR(Y)=31.459, SSIM(Y)=0.8901
U100/16ch: PSNR(Y)=29.674, SSIM(Y)=0.8997
M109/16ch: PSNR(Y)=36.088, SSIM(Y)=0.9690
Model saved! Best loss: 0.025306
Epoch 51/180: Training loss=0.020091, lr=2.27e-03
Epoch 51/180: Validation combined_loss=0.025295
Validation configuration losses: 32ch=0.024850, 16ch=0.025740
Set5/32ch: PSNR(Y)=37.259, SSIM(Y)=0.9573
Set14/32ch: PSNR(Y)=32.858, SSIM(Y)=0.9101
B100/32ch: PSNR(Y)=31.630, SSIM(Y)=0.8924
U100/32ch: PSNR(Y)=30.170, SSIM(Y)=0.9062
M109/32ch: PSNR(Y)=36.677, SSIM(Y)=0.9712
Set5/16ch: PSNR(Y)=37.017, SSIM(Y)=0.9563
Set14/16ch: PSNR(Y)=32.682, SSIM(Y)=0.9085
B100/16ch: PSNR(Y)=31.460, SSIM(Y)=0.8901
U100/16ch: PSNR(Y)=29.678, SSIM(Y)=0.8997
M109/16ch: PSNR(Y)=36.103, SSIM(Y)=0.9691
Model saved! Best loss: 0.025295
Epoch 52/180: Training loss=0.020102, lr=2.26e-03
Epoch 52/180: Validation combined_loss=0.025289
Validation configuration losses: 32ch=0.024845, 16ch=0.025733
Set5/32ch: PSNR(Y)=37.261, SSIM(Y)=0.9573
Set14/32ch: PSNR(Y)=32.864, SSIM(Y)=0.9102
B100/32ch: PSNR(Y)=31.631, SSIM(Y)=0.8924
U100/32ch: PSNR(Y)=30.173, SSIM(Y)=0.9062
M109/32ch: PSNR(Y)=36.678, SSIM(Y)=0.9712
Set5/16ch: PSNR(Y)=37.020, SSIM(Y)=0.9563
Set14/16ch: PSNR(Y)=32.685, SSIM(Y)=0.9086
B100/16ch: PSNR(Y)=31.461, SSIM(Y)=0.8901
U100/16ch: PSNR(Y)=29.681, SSIM(Y)=0.8998
M109/16ch: PSNR(Y)=36.109, SSIM(Y)=0.9691
Model saved! Best loss: 0.025289
Epoch 53/180: Training loss=0.020093, lr=2.25e-03
Epoch 53/180: Validation combined_loss=0.025281
Validation configuration losses: 32ch=0.024838, 16ch=0.025724
Set5/32ch: PSNR(Y)=37.268, SSIM(Y)=0.9573
Set14/32ch: PSNR(Y)=32.859, SSIM(Y)=0.9102
B100/32ch: PSNR(Y)=31.632, SSIM(Y)=0.8924
U100/32ch: PSNR(Y)=30.178, SSIM(Y)=0.9063
M109/32ch: PSNR(Y)=36.679, SSIM(Y)=0.9712
Set5/16ch: PSNR(Y)=37.021, SSIM(Y)=0.9564
Set14/16ch: PSNR(Y)=32.685, SSIM(Y)=0.9086
B100/16ch: PSNR(Y)=31.463, SSIM(Y)=0.8901
U100/16ch: PSNR(Y)=29.688, SSIM(Y)=0.8999
M109/16ch: PSNR(Y)=36.110, SSIM(Y)=0.9691
Model saved! Best loss: 0.025281
Epoch 54/180: Training loss=0.020090, lr=2.23e-03
Epoch 54/180: Validation combined_loss=0.025278
Validation configuration losses: 32ch=0.024835, 16ch=0.025721
Set5/32ch: PSNR(Y)=37.267, SSIM(Y)=0.9573
Set14/32ch: PSNR(Y)=32.859, SSIM(Y)=0.9102
B100/32ch: PSNR(Y)=31.633, SSIM(Y)=0.8924
U100/32ch: PSNR(Y)=30.182, SSIM(Y)=0.9064
M109/32ch: PSNR(Y)=36.679, SSIM(Y)=0.9712
Set5/16ch: PSNR(Y)=37.022, SSIM(Y)=0.9564
Set14/16ch: PSNR(Y)=32.685, SSIM(Y)=0.9086
B100/16ch: PSNR(Y)=31.464, SSIM(Y)=0.8901
U100/16ch: PSNR(Y)=29.691, SSIM(Y)=0.8999
M109/16ch: PSNR(Y)=36.110, SSIM(Y)=0.9691
Model saved! Best loss: 0.025278
Epoch 55/180: Training loss=0.020147, lr=2.22e-03
Epoch 55/180: Validation combined_loss=0.025271
Validation configuration losses: 32ch=0.024830, 16ch=0.025712
Set5/32ch: PSNR(Y)=37.272, SSIM(Y)=0.9573
Set14/32ch: PSNR(Y)=32.863, SSIM(Y)=0.9102
B100/32ch: PSNR(Y)=31.634, SSIM(Y)=0.8924
U100/32ch: PSNR(Y)=30.184, SSIM(Y)=0.9064
M109/32ch: PSNR(Y)=36.683, SSIM(Y)=0.9712
Set5/16ch: PSNR(Y)=37.024, SSIM(Y)=0.9564
Set14/16ch: PSNR(Y)=32.688, SSIM(Y)=0.9086
B100/16ch: PSNR(Y)=31.465, SSIM(Y)=0.8902
U100/16ch: PSNR(Y)=29.696, SSIM(Y)=0.9000
M109/16ch: PSNR(Y)=36.118, SSIM(Y)=0.9691
Model saved! Best loss: 0.025271
Epoch 56/180: Training loss=0.020080, lr=2.20e-03
Epoch 56/180: Validation combined_loss=0.025263
Validation configuration losses: 32ch=0.024822, 16ch=0.025703
Set5/32ch: PSNR(Y)=37.277, SSIM(Y)=0.9573
Set14/32ch: PSNR(Y)=32.866, SSIM(Y)=0.9102
B100/32ch: PSNR(Y)=31.635, SSIM(Y)=0.8924
U100/32ch: PSNR(Y)=30.186, SSIM(Y)=0.9064
M109/32ch: PSNR(Y)=36.690, SSIM(Y)=0.9712
Set5/16ch: PSNR(Y)=37.026, SSIM(Y)=0.9564
Set14/16ch: PSNR(Y)=32.692, SSIM(Y)=0.9086
B100/16ch: PSNR(Y)=31.467, SSIM(Y)=0.8902
U100/16ch: PSNR(Y)=29.699, SSIM(Y)=0.9000
M109/16ch: PSNR(Y)=36.127, SSIM(Y)=0.9692
Model saved! Best loss: 0.025263
Epoch 57/180: Training loss=0.020115, lr=2.19e-03
Epoch 57/180: Validation combined_loss=0.025258
Validation configuration losses: 32ch=0.024821, 16ch=0.025696
Set5/32ch: PSNR(Y)=37.277, SSIM(Y)=0.9574
Set14/32ch: PSNR(Y)=32.869, SSIM(Y)=0.9102
B100/32ch: PSNR(Y)=31.636, SSIM(Y)=0.8924
U100/32ch: PSNR(Y)=30.189, SSIM(Y)=0.9064
M109/32ch: PSNR(Y)=36.689, SSIM(Y)=0.9712
Set5/16ch: PSNR(Y)=37.029, SSIM(Y)=0.9564
Set14/16ch: PSNR(Y)=32.695, SSIM(Y)=0.9087
B100/16ch: PSNR(Y)=31.468, SSIM(Y)=0.8902
U100/16ch: PSNR(Y)=29.705, SSIM(Y)=0.9001
M109/16ch: PSNR(Y)=36.128, SSIM(Y)=0.9692
Model saved! Best loss: 0.025258
Epoch 58/180: Training loss=0.020069, lr=2.17e-03
Epoch 58/180: Validation combined_loss=0.025255
Validation configuration losses: 32ch=0.024818, 16ch=0.025691
Set5/32ch: PSNR(Y)=37.277, SSIM(Y)=0.9573
Set14/32ch: PSNR(Y)=32.872, SSIM(Y)=0.9103
B100/32ch: PSNR(Y)=31.636, SSIM(Y)=0.8925
U100/32ch: PSNR(Y)=30.190, SSIM(Y)=0.9064
M109/32ch: PSNR(Y)=36.690, SSIM(Y)=0.9712
Set5/16ch: PSNR(Y)=37.029, SSIM(Y)=0.9564
Set14/16ch: PSNR(Y)=32.696, SSIM(Y)=0.9087
B100/16ch: PSNR(Y)=31.469, SSIM(Y)=0.8902
U100/16ch: PSNR(Y)=29.708, SSIM(Y)=0.9001
M109/16ch: PSNR(Y)=36.131, SSIM(Y)=0.9692
Model saved! Best loss: 0.025255
Epoch 59/180: Training loss=0.020062, lr=2.15e-03
Epoch 59/180: Validation combined_loss=0.025247
Validation configuration losses: 32ch=0.024811, 16ch=0.025684
Set5/32ch: PSNR(Y)=37.279, SSIM(Y)=0.9574
Set14/32ch: PSNR(Y)=32.870, SSIM(Y)=0.9102
B100/32ch: PSNR(Y)=31.637, SSIM(Y)=0.8925
U100/32ch: PSNR(Y)=30.195, SSIM(Y)=0.9065
M109/32ch: PSNR(Y)=36.693, SSIM(Y)=0.9712
Set5/16ch: PSNR(Y)=37.028, SSIM(Y)=0.9564
Set14/16ch: PSNR(Y)=32.696, SSIM(Y)=0.9087
B100/16ch: PSNR(Y)=31.470, SSIM(Y)=0.8902
U100/16ch: PSNR(Y)=29.712, SSIM(Y)=0.9002
M109/16ch: PSNR(Y)=36.135, SSIM(Y)=0.9692
Model saved! Best loss: 0.025247
Epoch 60/180: Training loss=0.020099, lr=2.14e-03
Epoch 60/180: Validation combined_loss=0.025246
Validation configuration losses: 32ch=0.024811, 16ch=0.025680
Set5/32ch: PSNR(Y)=37.285, SSIM(Y)=0.9574
Set14/32ch: PSNR(Y)=32.862, SSIM(Y)=0.9102
B100/32ch: PSNR(Y)=31.636, SSIM(Y)=0.8924
U100/32ch: PSNR(Y)=30.192, SSIM(Y)=0.9065
M109/32ch: PSNR(Y)=36.696, SSIM(Y)=0.9712
Set5/16ch: PSNR(Y)=37.029, SSIM(Y)=0.9564
Set14/16ch: PSNR(Y)=32.695, SSIM(Y)=0.9086
B100/16ch: PSNR(Y)=31.470, SSIM(Y)=0.8902
U100/16ch: PSNR(Y)=29.714, SSIM(Y)=0.9002
M109/16ch: PSNR(Y)=36.137, SSIM(Y)=0.9692
Model saved! Best loss: 0.025246
Epoch 61/180: Training loss=0.020074, lr=2.12e-03
Epoch 61/180: Validation combined_loss=0.025244
Validation configuration losses: 32ch=0.024810, 16ch=0.025677
Set5/32ch: PSNR(Y)=37.288, SSIM(Y)=0.9574
Set14/32ch: PSNR(Y)=32.867, SSIM(Y)=0.9102
B100/32ch: PSNR(Y)=31.638, SSIM(Y)=0.8925
U100/32ch: PSNR(Y)=30.193, SSIM(Y)=0.9065
M109/32ch: PSNR(Y)=36.698, SSIM(Y)=0.9712
Set5/16ch: PSNR(Y)=37.031, SSIM(Y)=0.9564
Set14/16ch: PSNR(Y)=32.698, SSIM(Y)=0.9087
B100/16ch: PSNR(Y)=31.472, SSIM(Y)=0.8903
U100/16ch: PSNR(Y)=29.717, SSIM(Y)=0.9003
M109/16ch: PSNR(Y)=36.138, SSIM(Y)=0.9692
Model saved! Best loss: 0.025244
Epoch 62/180: Training loss=0.020120, lr=2.10e-03
Epoch 62/180: Validation combined_loss=0.025237
Validation configuration losses: 32ch=0.024805, 16ch=0.025669
Set5/32ch: PSNR(Y)=37.283, SSIM(Y)=0.9573
Set14/32ch: PSNR(Y)=32.866, SSIM(Y)=0.9102
B100/32ch: PSNR(Y)=31.637, SSIM(Y)=0.8925
U100/32ch: PSNR(Y)=30.196, SSIM(Y)=0.9065
M109/32ch: PSNR(Y)=36.706, SSIM(Y)=0.9713
Set5/16ch: PSNR(Y)=37.032, SSIM(Y)=0.9564
Set14/16ch: PSNR(Y)=32.697, SSIM(Y)=0.9087
B100/16ch: PSNR(Y)=31.472, SSIM(Y)=0.8903
U100/16ch: PSNR(Y)=29.721, SSIM(Y)=0.9003
M109/16ch: PSNR(Y)=36.148, SSIM(Y)=0.9693
Model saved! Best loss: 0.025237
Epoch 63/180: Training loss=0.020067, lr=2.09e-03
Epoch 63/180: Validation combined_loss=0.025231
Validation configuration losses: 32ch=0.024800, 16ch=0.025663
Set5/32ch: PSNR(Y)=37.281, SSIM(Y)=0.9574
Set14/32ch: PSNR(Y)=32.866, SSIM(Y)=0.9102
B100/32ch: PSNR(Y)=31.638, SSIM(Y)=0.8925
U100/32ch: PSNR(Y)=30.197, SSIM(Y)=0.9065
M109/32ch: PSNR(Y)=36.710, SSIM(Y)=0.9713
Set5/16ch: PSNR(Y)=37.030, SSIM(Y)=0.9564
Set14/16ch: PSNR(Y)=32.698, SSIM(Y)=0.9087
B100/16ch: PSNR(Y)=31.472, SSIM(Y)=0.8903
U100/16ch: PSNR(Y)=29.723, SSIM(Y)=0.9004
M109/16ch: PSNR(Y)=36.153, SSIM(Y)=0.9693
Model saved! Best loss: 0.025231
Epoch 64/180: Training loss=0.020145, lr=2.07e-03
Epoch 64/180: Validation combined_loss=0.025225
Validation configuration losses: 32ch=0.024793, 16ch=0.025656
Set5/32ch: PSNR(Y)=37.285, SSIM(Y)=0.9574
Set14/32ch: PSNR(Y)=32.871, SSIM(Y)=0.9103
B100/32ch: PSNR(Y)=31.640, SSIM(Y)=0.8925
U100/32ch: PSNR(Y)=30.201, SSIM(Y)=0.9066
M109/32ch: PSNR(Y)=36.712, SSIM(Y)=0.9713
Set5/16ch: PSNR(Y)=37.031, SSIM(Y)=0.9564
Set14/16ch: PSNR(Y)=32.701, SSIM(Y)=0.9087
B100/16ch: PSNR(Y)=31.474, SSIM(Y)=0.8903
U100/16ch: PSNR(Y)=29.726, SSIM(Y)=0.9004
M109/16ch: PSNR(Y)=36.158, SSIM(Y)=0.9693
Model saved! Best loss: 0.025225
Epoch 65/180: Training loss=0.020082, lr=2.05e-03
Epoch 65/180: Validation combined_loss=0.025226
Validation configuration losses: 32ch=0.024796, 16ch=0.025656
Set5/32ch: PSNR(Y)=37.284, SSIM(Y)=0.9574
Set14/32ch: PSNR(Y)=32.875, SSIM(Y)=0.9103
B100/32ch: PSNR(Y)=31.641, SSIM(Y)=0.8925
U100/32ch: PSNR(Y)=30.201, SSIM(Y)=0.9066
M109/32ch: PSNR(Y)=36.708, SSIM(Y)=0.9713
Set5/16ch: PSNR(Y)=37.032, SSIM(Y)=0.9564
Set14/16ch: PSNR(Y)=32.703, SSIM(Y)=0.9087
B100/16ch: PSNR(Y)=31.475, SSIM(Y)=0.8903
U100/16ch: PSNR(Y)=29.728, SSIM(Y)=0.9004
M109/16ch: PSNR(Y)=36.156, SSIM(Y)=0.9693
Epoch 66/180: Training loss=0.020075, lr=2.03e-03
Epoch 66/180: Validation combined_loss=0.025220
Validation configuration losses: 32ch=0.024790, 16ch=0.025650
Set5/32ch: PSNR(Y)=37.284, SSIM(Y)=0.9574
Set14/32ch: PSNR(Y)=32.878, SSIM(Y)=0.9103
B100/32ch: PSNR(Y)=31.642, SSIM(Y)=0.8925
U100/32ch: PSNR(Y)=30.203, SSIM(Y)=0.9066
M109/32ch: PSNR(Y)=36.716, SSIM(Y)=0.9713
Set5/16ch: PSNR(Y)=37.032, SSIM(Y)=0.9564
Set14/16ch: PSNR(Y)=32.704, SSIM(Y)=0.9087
B100/16ch: PSNR(Y)=31.476, SSIM(Y)=0.8903
U100/16ch: PSNR(Y)=29.730, SSIM(Y)=0.9005
M109/16ch: PSNR(Y)=36.160, SSIM(Y)=0.9693
Model saved! Best loss: 0.025220
Epoch 67/180: Training loss=0.020063, lr=2.01e-03
Epoch 67/180: Validation combined_loss=0.025215
Validation configuration losses: 32ch=0.024786, 16ch=0.025644
Set5/32ch: PSNR(Y)=37.286, SSIM(Y)=0.9574
Set14/32ch: PSNR(Y)=32.874, SSIM(Y)=0.9103
B100/32ch: PSNR(Y)=31.643, SSIM(Y)=0.8925
U100/32ch: PSNR(Y)=30.205, SSIM(Y)=0.9066
M109/32ch: PSNR(Y)=36.716, SSIM(Y)=0.9713
Set5/16ch: PSNR(Y)=37.034, SSIM(Y)=0.9564
Set14/16ch: PSNR(Y)=32.704, SSIM(Y)=0.9087
B100/16ch: PSNR(Y)=31.477, SSIM(Y)=0.8904
U100/16ch: PSNR(Y)=29.734, SSIM(Y)=0.9005
M109/16ch: PSNR(Y)=36.164, SSIM(Y)=0.9693
Model saved! Best loss: 0.025215
Epoch 68/180: Training loss=0.020079, lr=1.99e-03
Epoch 68/180: Validation combined_loss=0.025213
Validation configuration losses: 32ch=0.024787, 16ch=0.025639
Set5/32ch: PSNR(Y)=37.286, SSIM(Y)=0.9574
Set14/32ch: PSNR(Y)=32.878, SSIM(Y)=0.9103
B100/32ch: PSNR(Y)=31.643, SSIM(Y)=0.8925
U100/32ch: PSNR(Y)=30.207, SSIM(Y)=0.9067
M109/32ch: PSNR(Y)=36.713, SSIM(Y)=0.9713
Set5/16ch: PSNR(Y)=37.033, SSIM(Y)=0.9564
Set14/16ch: PSNR(Y)=32.707, SSIM(Y)=0.9088
B100/16ch: PSNR(Y)=31.478, SSIM(Y)=0.8904
U100/16ch: PSNR(Y)=29.738, SSIM(Y)=0.9006
M109/16ch: PSNR(Y)=36.166, SSIM(Y)=0.9693
Model saved! Best loss: 0.025213
Epoch 69/180: Training loss=0.020058, lr=1.97e-03
Epoch 69/180: Validation combined_loss=0.025209
Validation configuration losses: 32ch=0.024784, 16ch=0.025633
Set5/32ch: PSNR(Y)=37.287, SSIM(Y)=0.9574
Set14/32ch: PSNR(Y)=32.878, SSIM(Y)=0.9103
B100/32ch: PSNR(Y)=31.644, SSIM(Y)=0.8925
U100/32ch: PSNR(Y)=30.206, SSIM(Y)=0.9066
M109/32ch: PSNR(Y)=36.720, SSIM(Y)=0.9713
Set5/16ch: PSNR(Y)=37.036, SSIM(Y)=0.9564
Set14/16ch: PSNR(Y)=32.707, SSIM(Y)=0.9087
B100/16ch: PSNR(Y)=31.478, SSIM(Y)=0.8904
U100/16ch: PSNR(Y)=29.739, SSIM(Y)=0.9006
M109/16ch: PSNR(Y)=36.173, SSIM(Y)=0.9694
Model saved! Best loss: 0.025209
Epoch 70/180: Training loss=0.020038, lr=1.95e-03
Epoch 70/180: Validation combined_loss=0.025204
Validation configuration losses: 32ch=0.024780, 16ch=0.025629
Set5/32ch: PSNR(Y)=37.284, SSIM(Y)=0.9574
Set14/32ch: PSNR(Y)=32.878, SSIM(Y)=0.9103
B100/32ch: PSNR(Y)=31.644, SSIM(Y)=0.8925
U100/32ch: PSNR(Y)=30.208, SSIM(Y)=0.9067
M109/32ch: PSNR(Y)=36.720, SSIM(Y)=0.9713
Set5/16ch: PSNR(Y)=37.034, SSIM(Y)=0.9564
Set14/16ch: PSNR(Y)=32.708, SSIM(Y)=0.9088
B100/16ch: PSNR(Y)=31.479, SSIM(Y)=0.8904
U100/16ch: PSNR(Y)=29.742, SSIM(Y)=0.9006
M109/16ch: PSNR(Y)=36.169, SSIM(Y)=0.9694
Model saved! Best loss: 0.025204
Epoch 71/180: Training loss=0.020055, lr=1.94e-03
Epoch 71/180: Validation combined_loss=0.025199
Validation configuration losses: 32ch=0.024775, 16ch=0.025624
Set5/32ch: PSNR(Y)=37.283, SSIM(Y)=0.9574
Set14/32ch: PSNR(Y)=32.880, SSIM(Y)=0.9104
B100/32ch: PSNR(Y)=31.646, SSIM(Y)=0.8925
U100/32ch: PSNR(Y)=30.212, SSIM(Y)=0.9067
M109/32ch: PSNR(Y)=36.718, SSIM(Y)=0.9713
Set5/16ch: PSNR(Y)=37.033, SSIM(Y)=0.9564
Set14/16ch: PSNR(Y)=32.709, SSIM(Y)=0.9088
B100/16ch: PSNR(Y)=31.480, SSIM(Y)=0.8904
U100/16ch: PSNR(Y)=29.743, SSIM(Y)=0.9006
M109/16ch: PSNR(Y)=36.174, SSIM(Y)=0.9694
Model saved! Best loss: 0.025199
Epoch 72/180: Training loss=0.020066, lr=1.92e-03
Epoch 72/180: Validation combined_loss=0.025200
Validation configuration losses: 32ch=0.024778, 16ch=0.025623
Set5/32ch: PSNR(Y)=37.282, SSIM(Y)=0.9574
Set14/32ch: PSNR(Y)=32.882, SSIM(Y)=0.9104
B100/32ch: PSNR(Y)=31.647, SSIM(Y)=0.8926
U100/32ch: PSNR(Y)=30.209, SSIM(Y)=0.9067
M109/32ch: PSNR(Y)=36.716, SSIM(Y)=0.9713
Set5/16ch: PSNR(Y)=37.034, SSIM(Y)=0.9564
Set14/16ch: PSNR(Y)=32.711, SSIM(Y)=0.9088
B100/16ch: PSNR(Y)=31.481, SSIM(Y)=0.8904
U100/16ch: PSNR(Y)=29.745, SSIM(Y)=0.9007
M109/16ch: PSNR(Y)=36.173, SSIM(Y)=0.9694
Epoch 73/180: Training loss=0.020080, lr=1.89e-03
Epoch 73/180: Validation combined_loss=0.025194
Validation configuration losses: 32ch=0.024773, 16ch=0.025616
Set5/32ch: PSNR(Y)=37.283, SSIM(Y)=0.9574
Set14/32ch: PSNR(Y)=32.880, SSIM(Y)=0.9104
B100/32ch: PSNR(Y)=31.648, SSIM(Y)=0.8926
U100/32ch: PSNR(Y)=30.215, SSIM(Y)=0.9068
M109/32ch: PSNR(Y)=36.714, SSIM(Y)=0.9713
Set5/16ch: PSNR(Y)=37.037, SSIM(Y)=0.9564
Set14/16ch: PSNR(Y)=32.711, SSIM(Y)=0.9088
B100/16ch: PSNR(Y)=31.482, SSIM(Y)=0.8904
U100/16ch: PSNR(Y)=29.750, SSIM(Y)=0.9007
M109/16ch: PSNR(Y)=36.176, SSIM(Y)=0.9694
Model saved! Best loss: 0.025194
Epoch 74/180: Training loss=0.020023, lr=1.87e-03
Epoch 74/180: Validation combined_loss=0.025188
Validation configuration losses: 32ch=0.024767, 16ch=0.025609
Set5/32ch: PSNR(Y)=37.281, SSIM(Y)=0.9574
Set14/32ch: PSNR(Y)=32.880, SSIM(Y)=0.9104
B100/32ch: PSNR(Y)=31.648, SSIM(Y)=0.8926
U100/32ch: PSNR(Y)=30.218, SSIM(Y)=0.9068
M109/32ch: PSNR(Y)=36.717, SSIM(Y)=0.9713
Set5/16ch: PSNR(Y)=37.035, SSIM(Y)=0.9564
Set14/16ch: PSNR(Y)=32.712, SSIM(Y)=0.9088
B100/16ch: PSNR(Y)=31.483, SSIM(Y)=0.8905
U100/16ch: PSNR(Y)=29.753, SSIM(Y)=0.9007
M109/16ch: PSNR(Y)=36.182, SSIM(Y)=0.9694
Model saved! Best loss: 0.025188
Epoch 75/180: Training loss=0.020055, lr=1.85e-03
Epoch 75/180: Validation combined_loss=0.025183
Validation configuration losses: 32ch=0.024761, 16ch=0.025605
Set5/32ch: PSNR(Y)=37.280, SSIM(Y)=0.9574
Set14/32ch: PSNR(Y)=32.882, SSIM(Y)=0.9104
B100/32ch: PSNR(Y)=31.649, SSIM(Y)=0.8926
U100/32ch: PSNR(Y)=30.223, SSIM(Y)=0.9069
M109/32ch: PSNR(Y)=36.715, SSIM(Y)=0.9713
Set5/16ch: PSNR(Y)=37.032, SSIM(Y)=0.9564
Set14/16ch: PSNR(Y)=32.714, SSIM(Y)=0.9088
B100/16ch: PSNR(Y)=31.485, SSIM(Y)=0.8905
U100/16ch: PSNR(Y)=29.756, SSIM(Y)=0.9008
M109/16ch: PSNR(Y)=36.177, SSIM(Y)=0.9694
Model saved! Best loss: 0.025183
Epoch 76/180: Training loss=0.020052, lr=1.83e-03
Epoch 76/180: Validation combined_loss=0.025180
Validation configuration losses: 32ch=0.024759, 16ch=0.025601
Set5/32ch: PSNR(Y)=37.281, SSIM(Y)=0.9575
Set14/32ch: PSNR(Y)=32.880, SSIM(Y)=0.9104
B100/32ch: PSNR(Y)=31.649, SSIM(Y)=0.8926
U100/32ch: PSNR(Y)=30.225, SSIM(Y)=0.9069
M109/32ch: PSNR(Y)=36.720, SSIM(Y)=0.9713
Set5/16ch: PSNR(Y)=37.032, SSIM(Y)=0.9564
Set14/16ch: PSNR(Y)=32.713, SSIM(Y)=0.9089
B100/16ch: PSNR(Y)=31.485, SSIM(Y)=0.8905
U100/16ch: PSNR(Y)=29.758, SSIM(Y)=0.9008
M109/16ch: PSNR(Y)=36.183, SSIM(Y)=0.9694
Model saved! Best loss: 0.025180
Epoch 77/180: Training loss=0.020037, lr=1.81e-03
Epoch 77/180: Validation combined_loss=0.025175
Validation configuration losses: 32ch=0.024753, 16ch=0.025597
Set5/32ch: PSNR(Y)=37.282, SSIM(Y)=0.9575
Set14/32ch: PSNR(Y)=32.881, SSIM(Y)=0.9104
B100/32ch: PSNR(Y)=31.649, SSIM(Y)=0.8926
U100/32ch: PSNR(Y)=30.225, SSIM(Y)=0.9069
M109/32ch: PSNR(Y)=36.731, SSIM(Y)=0.9714
Set5/16ch: PSNR(Y)=37.031, SSIM(Y)=0.9564
Set14/16ch: PSNR(Y)=32.712, SSIM(Y)=0.9089
B100/16ch: PSNR(Y)=31.485, SSIM(Y)=0.8905
U100/16ch: PSNR(Y)=29.759, SSIM(Y)=0.9009
M109/16ch: PSNR(Y)=36.188, SSIM(Y)=0.9694
Model saved! Best loss: 0.025175
Epoch 78/180: Training loss=0.019996, lr=1.79e-03
Epoch 78/180: Validation combined_loss=0.025174
Validation configuration losses: 32ch=0.024752, 16ch=0.025597
Set5/32ch: PSNR(Y)=37.281, SSIM(Y)=0.9575
Set14/32ch: PSNR(Y)=32.884, SSIM(Y)=0.9104
B100/32ch: PSNR(Y)=31.651, SSIM(Y)=0.8926
U100/32ch: PSNR(Y)=30.227, SSIM(Y)=0.9069
M109/32ch: PSNR(Y)=36.726, SSIM(Y)=0.9713
Set5/16ch: PSNR(Y)=37.032, SSIM(Y)=0.9564
Set14/16ch: PSNR(Y)=32.713, SSIM(Y)=0.9089
B100/16ch: PSNR(Y)=31.486, SSIM(Y)=0.8905
U100/16ch: PSNR(Y)=29.760, SSIM(Y)=0.9009
M109/16ch: PSNR(Y)=36.188, SSIM(Y)=0.9694
Model saved! Best loss: 0.025174
Epoch 79/180: Training loss=0.020059, lr=1.77e-03
Epoch 79/180: Validation combined_loss=0.025171
Validation configuration losses: 32ch=0.024748, 16ch=0.025593
Set5/32ch: PSNR(Y)=37.279, SSIM(Y)=0.9575
Set14/32ch: PSNR(Y)=32.886, SSIM(Y)=0.9105
B100/32ch: PSNR(Y)=31.653, SSIM(Y)=0.8926
U100/32ch: PSNR(Y)=30.230, SSIM(Y)=0.9070
M109/32ch: PSNR(Y)=36.726, SSIM(Y)=0.9713
Set5/16ch: PSNR(Y)=37.034, SSIM(Y)=0.9564
Set14/16ch: PSNR(Y)=32.715, SSIM(Y)=0.9089
B100/16ch: PSNR(Y)=31.487, SSIM(Y)=0.8905
U100/16ch: PSNR(Y)=29.763, SSIM(Y)=0.9009
M109/16ch: PSNR(Y)=36.189, SSIM(Y)=0.9694
Model saved! Best loss: 0.025171
Epoch 80/180: Training loss=0.020067, lr=1.75e-03
Epoch 80/180: Validation combined_loss=0.025166
Validation configuration losses: 32ch=0.024744, 16ch=0.025588
Set5/32ch: PSNR(Y)=37.277, SSIM(Y)=0.9575
Set14/32ch: PSNR(Y)=32.887, SSIM(Y)=0.9104
B100/32ch: PSNR(Y)=31.653, SSIM(Y)=0.8926
U100/32ch: PSNR(Y)=30.234, SSIM(Y)=0.9070
M109/32ch: PSNR(Y)=36.729, SSIM(Y)=0.9714
Set5/16ch: PSNR(Y)=37.036, SSIM(Y)=0.9564
Set14/16ch: PSNR(Y)=32.717, SSIM(Y)=0.9089
B100/16ch: PSNR(Y)=31.488, SSIM(Y)=0.8905
U100/16ch: PSNR(Y)=29.765, SSIM(Y)=0.9009
M109/16ch: PSNR(Y)=36.191, SSIM(Y)=0.9694
Model saved! Best loss: 0.025166
Epoch 81/180: Training loss=0.020038, lr=1.73e-03
Epoch 81/180: Validation combined_loss=0.025159
Validation configuration losses: 32ch=0.024737, 16ch=0.025581
Set5/32ch: PSNR(Y)=37.280, SSIM(Y)=0.9575
Set14/32ch: PSNR(Y)=32.885, SSIM(Y)=0.9104
B100/32ch: PSNR(Y)=31.653, SSIM(Y)=0.8926
U100/32ch: PSNR(Y)=30.237, SSIM(Y)=0.9070
M109/32ch: PSNR(Y)=36.736, SSIM(Y)=0.9714
Set5/16ch: PSNR(Y)=37.035, SSIM(Y)=0.9564
Set14/16ch: PSNR(Y)=32.716, SSIM(Y)=0.9089
B100/16ch: PSNR(Y)=31.489, SSIM(Y)=0.8906
U100/16ch: PSNR(Y)=29.769, SSIM(Y)=0.9010
M109/16ch: PSNR(Y)=36.198, SSIM(Y)=0.9695
Model saved! Best loss: 0.025159
Epoch 82/180: Training loss=0.020044, lr=1.70e-03
Epoch 82/180: Validation combined_loss=0.025155
Validation configuration losses: 32ch=0.024734, 16ch=0.025577
Set5/32ch: PSNR(Y)=37.284, SSIM(Y)=0.9575
Set14/32ch: PSNR(Y)=32.884, SSIM(Y)=0.9104
B100/32ch: PSNR(Y)=31.654, SSIM(Y)=0.8927
U100/32ch: PSNR(Y)=30.239, SSIM(Y)=0.9071
M109/32ch: PSNR(Y)=36.738, SSIM(Y)=0.9714
Set5/16ch: PSNR(Y)=37.039, SSIM(Y)=0.9565
Set14/16ch: PSNR(Y)=32.717, SSIM(Y)=0.9089
B100/16ch: PSNR(Y)=31.490, SSIM(Y)=0.8906
U100/16ch: PSNR(Y)=29.770, SSIM(Y)=0.9010
M109/16ch: PSNR(Y)=36.204, SSIM(Y)=0.9695
Model saved! Best loss: 0.025155
Epoch 83/180: Training loss=0.020029, lr=1.68e-03
Epoch 83/180: Validation combined_loss=0.025154
Validation configuration losses: 32ch=0.024732, 16ch=0.025575
Set5/32ch: PSNR(Y)=37.277, SSIM(Y)=0.9575
Set14/32ch: PSNR(Y)=32.889, SSIM(Y)=0.9104
B100/32ch: PSNR(Y)=31.655, SSIM(Y)=0.8927
U100/32ch: PSNR(Y)=30.240, SSIM(Y)=0.9071
M109/32ch: PSNR(Y)=36.739, SSIM(Y)=0.9714
Set5/16ch: PSNR(Y)=37.037, SSIM(Y)=0.9565
Set14/16ch: PSNR(Y)=32.719, SSIM(Y)=0.9089
B100/16ch: PSNR(Y)=31.490, SSIM(Y)=0.8906
U100/16ch: PSNR(Y)=29.769, SSIM(Y)=0.9010
M109/16ch: PSNR(Y)=36.207, SSIM(Y)=0.9695
Model saved! Best loss: 0.025154
Epoch 84/180: Training loss=0.020076, lr=1.66e-03
Epoch 84/180: Validation combined_loss=0.025152
Validation configuration losses: 32ch=0.024732, 16ch=0.025573
Set5/32ch: PSNR(Y)=37.280, SSIM(Y)=0.9575
Set14/32ch: PSNR(Y)=32.889, SSIM(Y)=0.9105
B100/32ch: PSNR(Y)=31.655, SSIM(Y)=0.8927
U100/32ch: PSNR(Y)=30.241, SSIM(Y)=0.9071
M109/32ch: PSNR(Y)=36.737, SSIM(Y)=0.9714
Set5/16ch: PSNR(Y)=37.038, SSIM(Y)=0.9565
Set14/16ch: PSNR(Y)=32.719, SSIM(Y)=0.9089
B100/16ch: PSNR(Y)=31.491, SSIM(Y)=0.8906
U100/16ch: PSNR(Y)=29.771, SSIM(Y)=0.9011
M109/16ch: PSNR(Y)=36.207, SSIM(Y)=0.9695
Model saved! Best loss: 0.025152
Epoch 85/180: Training loss=0.020039, lr=1.64e-03
Epoch 85/180: Validation combined_loss=0.025150
Validation configuration losses: 32ch=0.024728, 16ch=0.025572
Set5/32ch: PSNR(Y)=37.282, SSIM(Y)=0.9575
Set14/32ch: PSNR(Y)=32.891, SSIM(Y)=0.9105
B100/32ch: PSNR(Y)=31.655, SSIM(Y)=0.8927
U100/32ch: PSNR(Y)=30.244, SSIM(Y)=0.9071
M109/32ch: PSNR(Y)=36.737, SSIM(Y)=0.9714
Set5/16ch: PSNR(Y)=37.040, SSIM(Y)=0.9565
Set14/16ch: PSNR(Y)=32.719, SSIM(Y)=0.9089
B100/16ch: PSNR(Y)=31.492, SSIM(Y)=0.8906
U100/16ch: PSNR(Y)=29.774, SSIM(Y)=0.9011
M109/16ch: PSNR(Y)=36.205, SSIM(Y)=0.9695
Model saved! Best loss: 0.025150
Epoch 86/180: Training loss=0.020067, lr=1.61e-03
Epoch 86/180: Validation combined_loss=0.025148
Validation configuration losses: 32ch=0.024728, 16ch=0.025568
Set5/32ch: PSNR(Y)=37.278, SSIM(Y)=0.9575
Set14/32ch: PSNR(Y)=32.894, SSIM(Y)=0.9105
B100/32ch: PSNR(Y)=31.656, SSIM(Y)=0.8927
U100/32ch: PSNR(Y)=30.244, SSIM(Y)=0.9071
M109/32ch: PSNR(Y)=36.736, SSIM(Y)=0.9714
Set5/16ch: PSNR(Y)=37.039, SSIM(Y)=0.9564
Set14/16ch: PSNR(Y)=32.721, SSIM(Y)=0.9089
B100/16ch: PSNR(Y)=31.493, SSIM(Y)=0.8906
U100/16ch: PSNR(Y)=29.776, SSIM(Y)=0.9011
M109/16ch: PSNR(Y)=36.205, SSIM(Y)=0.9695
Model saved! Best loss: 0.025148
Epoch 87/180: Training loss=0.020015, lr=1.59e-03
Epoch 87/180: Validation combined_loss=0.025143
Validation configuration losses: 32ch=0.024723, 16ch=0.025564
Set5/32ch: PSNR(Y)=37.284, SSIM(Y)=0.9575
Set14/32ch: PSNR(Y)=32.889, SSIM(Y)=0.9105
B100/32ch: PSNR(Y)=31.655, SSIM(Y)=0.8927
U100/32ch: PSNR(Y)=30.246, SSIM(Y)=0.9072
M109/32ch: PSNR(Y)=36.745, SSIM(Y)=0.9714
Set5/16ch: PSNR(Y)=37.042, SSIM(Y)=0.9565
Set14/16ch: PSNR(Y)=32.719, SSIM(Y)=0.9089
B100/16ch: PSNR(Y)=31.493, SSIM(Y)=0.8906
U100/16ch: PSNR(Y)=29.779, SSIM(Y)=0.9011
M109/16ch: PSNR(Y)=36.209, SSIM(Y)=0.9695
Model saved! Best loss: 0.025143
Epoch 88/180: Training loss=0.019983, lr=1.57e-03
Epoch 88/180: Validation combined_loss=0.025140
Validation configuration losses: 32ch=0.024720, 16ch=0.025559
Set5/32ch: PSNR(Y)=37.283, SSIM(Y)=0.9575
Set14/32ch: PSNR(Y)=32.890, SSIM(Y)=0.9105
B100/32ch: PSNR(Y)=31.656, SSIM(Y)=0.8927
U100/32ch: PSNR(Y)=30.247, SSIM(Y)=0.9072
M109/32ch: PSNR(Y)=36.742, SSIM(Y)=0.9714
Set5/16ch: PSNR(Y)=37.042, SSIM(Y)=0.9565
Set14/16ch: PSNR(Y)=32.721, SSIM(Y)=0.9089
B100/16ch: PSNR(Y)=31.494, SSIM(Y)=0.8906
U100/16ch: PSNR(Y)=29.781, SSIM(Y)=0.9012
M109/16ch: PSNR(Y)=36.211, SSIM(Y)=0.9695
Model saved! Best loss: 0.025140
Epoch 89/180: Training loss=0.020062, lr=1.55e-03
Epoch 89/180: Validation combined_loss=0.025137
Validation configuration losses: 32ch=0.024719, 16ch=0.025556
Set5/32ch: PSNR(Y)=37.283, SSIM(Y)=0.9575
Set14/32ch: PSNR(Y)=32.886, SSIM(Y)=0.9104
B100/32ch: PSNR(Y)=31.656, SSIM(Y)=0.8927
U100/32ch: PSNR(Y)=30.248, SSIM(Y)=0.9072
M109/32ch: PSNR(Y)=36.742, SSIM(Y)=0.9714
Set5/16ch: PSNR(Y)=37.042, SSIM(Y)=0.9565
Set14/16ch: PSNR(Y)=32.719, SSIM(Y)=0.9089
B100/16ch: PSNR(Y)=31.495, SSIM(Y)=0.8907
U100/16ch: PSNR(Y)=29.782, SSIM(Y)=0.9012
M109/16ch: PSNR(Y)=36.211, SSIM(Y)=0.9695
Model saved! Best loss: 0.025137
Epoch 90/180: Training loss=0.020033, lr=1.52e-03
Epoch 90/180: Validation combined_loss=0.025133
Validation configuration losses: 32ch=0.024716, 16ch=0.025551
Set5/32ch: PSNR(Y)=37.288, SSIM(Y)=0.9576
Set14/32ch: PSNR(Y)=32.882, SSIM(Y)=0.9104
B100/32ch: PSNR(Y)=31.656, SSIM(Y)=0.8927
U100/32ch: PSNR(Y)=30.250, SSIM(Y)=0.9072
M109/32ch: PSNR(Y)=36.749, SSIM(Y)=0.9714
Set5/16ch: PSNR(Y)=37.044, SSIM(Y)=0.9565
Set14/16ch: PSNR(Y)=32.718, SSIM(Y)=0.9089
B100/16ch: PSNR(Y)=31.495, SSIM(Y)=0.8907
U100/16ch: PSNR(Y)=29.785, SSIM(Y)=0.9012
M109/16ch: PSNR(Y)=36.217, SSIM(Y)=0.9695
Model saved! Best loss: 0.025133
Epoch 91/180: Training loss=0.019997, lr=1.50e-03
Epoch 91/180: Validation combined_loss=0.025129
Validation configuration losses: 32ch=0.024712, 16ch=0.025546
Set5/32ch: PSNR(Y)=37.289, SSIM(Y)=0.9576
Set14/32ch: PSNR(Y)=32.884, SSIM(Y)=0.9104
B100/32ch: PSNR(Y)=31.656, SSIM(Y)=0.8927
U100/32ch: PSNR(Y)=30.251, SSIM(Y)=0.9072
M109/32ch: PSNR(Y)=36.755, SSIM(Y)=0.9714
Set5/16ch: PSNR(Y)=37.045, SSIM(Y)=0.9565
Set14/16ch: PSNR(Y)=32.718, SSIM(Y)=0.9089
B100/16ch: PSNR(Y)=31.495, SSIM(Y)=0.8907
U100/16ch: PSNR(Y)=29.785, SSIM(Y)=0.9012
M109/16ch: PSNR(Y)=36.222, SSIM(Y)=0.9695
Model saved! Best loss: 0.025129
Epoch 92/180: Training loss=0.020013, lr=1.48e-03
Epoch 92/180: Validation combined_loss=0.025126
Validation configuration losses: 32ch=0.024709, 16ch=0.025543
Set5/32ch: PSNR(Y)=37.289, SSIM(Y)=0.9576
Set14/32ch: PSNR(Y)=32.892, SSIM(Y)=0.9105
B100/32ch: PSNR(Y)=31.658, SSIM(Y)=0.8927
U100/32ch: PSNR(Y)=30.256, SSIM(Y)=0.9073
M109/32ch: PSNR(Y)=36.750, SSIM(Y)=0.9714
Set5/16ch: PSNR(Y)=37.046, SSIM(Y)=0.9565
Set14/16ch: PSNR(Y)=32.722, SSIM(Y)=0.9089
B100/16ch: PSNR(Y)=31.497, SSIM(Y)=0.8907
U100/16ch: PSNR(Y)=29.788, SSIM(Y)=0.9013
M109/16ch: PSNR(Y)=36.223, SSIM(Y)=0.9695
Model saved! Best loss: 0.025126
Epoch 93/180: Training loss=0.020013, lr=1.45e-03
Epoch 93/180: Validation combined_loss=0.025122
Validation configuration losses: 32ch=0.024706, 16ch=0.025538
Set5/32ch: PSNR(Y)=37.288, SSIM(Y)=0.9576
Set14/32ch: PSNR(Y)=32.894, SSIM(Y)=0.9105
B100/32ch: PSNR(Y)=31.660, SSIM(Y)=0.8927
U100/32ch: PSNR(Y)=30.260, SSIM(Y)=0.9073
M109/32ch: PSNR(Y)=36.743, SSIM(Y)=0.9714
Set5/16ch: PSNR(Y)=37.048, SSIM(Y)=0.9565
Set14/16ch: PSNR(Y)=32.723, SSIM(Y)=0.9089
B100/16ch: PSNR(Y)=31.499, SSIM(Y)=0.8907
U100/16ch: PSNR(Y)=29.792, SSIM(Y)=0.9013
M109/16ch: PSNR(Y)=36.221, SSIM(Y)=0.9695
Model saved! Best loss: 0.025122
Epoch 94/180: Training loss=0.020002, lr=1.43e-03
Epoch 94/180: Validation combined_loss=0.025119
Validation configuration losses: 32ch=0.024703, 16ch=0.025535
Set5/32ch: PSNR(Y)=37.289, SSIM(Y)=0.9576
Set14/32ch: PSNR(Y)=32.893, SSIM(Y)=0.9105
B100/32ch: PSNR(Y)=31.660, SSIM(Y)=0.8927
U100/32ch: PSNR(Y)=30.258, SSIM(Y)=0.9073
M109/32ch: PSNR(Y)=36.751, SSIM(Y)=0.9714
Set5/16ch: PSNR(Y)=37.047, SSIM(Y)=0.9565
Set14/16ch: PSNR(Y)=32.724, SSIM(Y)=0.9089
B100/16ch: PSNR(Y)=31.499, SSIM(Y)=0.8907
U100/16ch: PSNR(Y)=29.792, SSIM(Y)=0.9013
M109/16ch: PSNR(Y)=36.224, SSIM(Y)=0.9695
Model saved! Best loss: 0.025119
Epoch 95/180: Training loss=0.019973, lr=1.41e-03
Epoch 95/180: Validation combined_loss=0.025119
Validation configuration losses: 32ch=0.024704, 16ch=0.025534
Set5/32ch: PSNR(Y)=37.294, SSIM(Y)=0.9576
Set14/32ch: PSNR(Y)=32.891, SSIM(Y)=0.9105
B100/32ch: PSNR(Y)=31.659, SSIM(Y)=0.8927
U100/32ch: PSNR(Y)=30.260, SSIM(Y)=0.9073
M109/32ch: PSNR(Y)=36.750, SSIM(Y)=0.9714
Set5/16ch: PSNR(Y)=37.047, SSIM(Y)=0.9565
Set14/16ch: PSNR(Y)=32.723, SSIM(Y)=0.9089
B100/16ch: PSNR(Y)=31.499, SSIM(Y)=0.8907
U100/16ch: PSNR(Y)=29.793, SSIM(Y)=0.9013
M109/16ch: PSNR(Y)=36.226, SSIM(Y)=0.9695
Model saved! Best loss: 0.025119
Epoch 96/180: Training loss=0.020005, lr=1.38e-03
Epoch 96/180: Validation combined_loss=0.025116
Validation configuration losses: 32ch=0.024701, 16ch=0.025532
Set5/32ch: PSNR(Y)=37.297, SSIM(Y)=0.9576
Set14/32ch: PSNR(Y)=32.893, SSIM(Y)=0.9105
B100/32ch: PSNR(Y)=31.660, SSIM(Y)=0.8927
U100/32ch: PSNR(Y)=30.262, SSIM(Y)=0.9073
M109/32ch: PSNR(Y)=36.751, SSIM(Y)=0.9715
Set5/16ch: PSNR(Y)=37.049, SSIM(Y)=0.9565
Set14/16ch: PSNR(Y)=32.724, SSIM(Y)=0.9089
B100/16ch: PSNR(Y)=31.500, SSIM(Y)=0.8907
U100/16ch: PSNR(Y)=29.795, SSIM(Y)=0.9014
M109/16ch: PSNR(Y)=36.227, SSIM(Y)=0.9696
Model saved! Best loss: 0.025116
Epoch 97/180: Training loss=0.020033, lr=1.36e-03
Epoch 97/180: Validation combined_loss=0.025116
Validation configuration losses: 32ch=0.024700, 16ch=0.025531
Set5/32ch: PSNR(Y)=37.298, SSIM(Y)=0.9576
Set14/32ch: PSNR(Y)=32.896, SSIM(Y)=0.9106
B100/32ch: PSNR(Y)=31.660, SSIM(Y)=0.8927
U100/32ch: PSNR(Y)=30.261, SSIM(Y)=0.9073
M109/32ch: PSNR(Y)=36.754, SSIM(Y)=0.9715
Set5/16ch: PSNR(Y)=37.048, SSIM(Y)=0.9565
Set14/16ch: PSNR(Y)=32.724, SSIM(Y)=0.9089
B100/16ch: PSNR(Y)=31.501, SSIM(Y)=0.8907
U100/16ch: PSNR(Y)=29.796, SSIM(Y)=0.9014
M109/16ch: PSNR(Y)=36.228, SSIM(Y)=0.9696
Model saved! Best loss: 0.025116
Epoch 98/180: Training loss=0.019986, lr=1.34e-03
Epoch 98/180: Validation combined_loss=0.025114
Validation configuration losses: 32ch=0.024699, 16ch=0.025528
Set5/32ch: PSNR(Y)=37.300, SSIM(Y)=0.9576
Set14/32ch: PSNR(Y)=32.894, SSIM(Y)=0.9105
B100/32ch: PSNR(Y)=31.660, SSIM(Y)=0.8927
U100/32ch: PSNR(Y)=30.262, SSIM(Y)=0.9073
M109/32ch: PSNR(Y)=36.756, SSIM(Y)=0.9715
Set5/16ch: PSNR(Y)=37.051, SSIM(Y)=0.9565
Set14/16ch: PSNR(Y)=32.723, SSIM(Y)=0.9089
B100/16ch: PSNR(Y)=31.501, SSIM(Y)=0.8908
U100/16ch: PSNR(Y)=29.797, SSIM(Y)=0.9014
M109/16ch: PSNR(Y)=36.232, SSIM(Y)=0.9696
Model saved! Best loss: 0.025114
Epoch 99/180: Training loss=0.020013, lr=1.31e-03
Epoch 99/180: Validation combined_loss=0.025114
Validation configuration losses: 32ch=0.024702, 16ch=0.025527
Set5/32ch: PSNR(Y)=37.298, SSIM(Y)=0.9576
Set14/32ch: PSNR(Y)=32.893, SSIM(Y)=0.9105
B100/32ch: PSNR(Y)=31.661, SSIM(Y)=0.8927
U100/32ch: PSNR(Y)=30.260, SSIM(Y)=0.9073
M109/32ch: PSNR(Y)=36.754, SSIM(Y)=0.9715
Set5/16ch: PSNR(Y)=37.052, SSIM(Y)=0.9565
Set14/16ch: PSNR(Y)=32.724, SSIM(Y)=0.9089
B100/16ch: PSNR(Y)=31.502, SSIM(Y)=0.8908
U100/16ch: PSNR(Y)=29.798, SSIM(Y)=0.9014
M109/16ch: PSNR(Y)=36.232, SSIM(Y)=0.9696
Epoch 100/180: Training loss=0.020025, lr=1.29e-03
Epoch 100/180: Validation combined_loss=0.025115
Validation configuration losses: 32ch=0.024703, 16ch=0.025527
Set5/32ch: PSNR(Y)=37.303, SSIM(Y)=0.9576
Set14/32ch: PSNR(Y)=32.895, SSIM(Y)=0.9105
B100/32ch: PSNR(Y)=31.661, SSIM(Y)=0.8928
U100/32ch: PSNR(Y)=30.260, SSIM(Y)=0.9073
M109/32ch: PSNR(Y)=36.749, SSIM(Y)=0.9715
Set5/16ch: PSNR(Y)=37.052, SSIM(Y)=0.9565
Set14/16ch: PSNR(Y)=32.725, SSIM(Y)=0.9089
B100/16ch: PSNR(Y)=31.502, SSIM(Y)=0.8908
U100/16ch: PSNR(Y)=29.798, SSIM(Y)=0.9014
M109/16ch: PSNR(Y)=36.229, SSIM(Y)=0.9696
Epoch 101/180: Training loss=0.019988, lr=1.27e-03
Epoch 101/180: Validation combined_loss=0.025107
Validation configuration losses: 32ch=0.024694, 16ch=0.025519
Set5/32ch: PSNR(Y)=37.297, SSIM(Y)=0.9576
Set14/32ch: PSNR(Y)=32.898, SSIM(Y)=0.9106
B100/32ch: PSNR(Y)=31.661, SSIM(Y)=0.8928
U100/32ch: PSNR(Y)=30.265, SSIM(Y)=0.9074
M109/32ch: PSNR(Y)=36.751, SSIM(Y)=0.9715
Set5/16ch: PSNR(Y)=37.050, SSIM(Y)=0.9565
Set14/16ch: PSNR(Y)=32.727, SSIM(Y)=0.9089
B100/16ch: PSNR(Y)=31.503, SSIM(Y)=0.8908
U100/16ch: PSNR(Y)=29.802, SSIM(Y)=0.9014
M109/16ch: PSNR(Y)=36.232, SSIM(Y)=0.9696
Model saved! Best loss: 0.025107
Epoch 102/180: Training loss=0.020001, lr=1.24e-03
Epoch 102/180: Validation combined_loss=0.025103
Validation configuration losses: 32ch=0.024691, 16ch=0.025515
Set5/32ch: PSNR(Y)=37.302, SSIM(Y)=0.9576
Set14/32ch: PSNR(Y)=32.894, SSIM(Y)=0.9106
B100/32ch: PSNR(Y)=31.662, SSIM(Y)=0.8928
U100/32ch: PSNR(Y)=30.269, SSIM(Y)=0.9075
M109/32ch: PSNR(Y)=36.754, SSIM(Y)=0.9715
Set5/16ch: PSNR(Y)=37.050, SSIM(Y)=0.9565
Set14/16ch: PSNR(Y)=32.727, SSIM(Y)=0.9089
B100/16ch: PSNR(Y)=31.504, SSIM(Y)=0.8908
U100/16ch: PSNR(Y)=29.805, SSIM(Y)=0.9015
M109/16ch: PSNR(Y)=36.233, SSIM(Y)=0.9696
Model saved! Best loss: 0.025103
Epoch 103/180: Training loss=0.019987, lr=1.22e-03
Epoch 103/180: Validation combined_loss=0.025103
Validation configuration losses: 32ch=0.024693, 16ch=0.025514
Set5/32ch: PSNR(Y)=37.303, SSIM(Y)=0.9576
Set14/32ch: PSNR(Y)=32.892, SSIM(Y)=0.9105
B100/32ch: PSNR(Y)=31.662, SSIM(Y)=0.8928
U100/32ch: PSNR(Y)=30.267, SSIM(Y)=0.9074
M109/32ch: PSNR(Y)=36.756, SSIM(Y)=0.9715
Set5/16ch: PSNR(Y)=37.054, SSIM(Y)=0.9565
Set14/16ch: PSNR(Y)=32.727, SSIM(Y)=0.9089
B100/16ch: PSNR(Y)=31.504, SSIM(Y)=0.8908
U100/16ch: PSNR(Y)=29.805, SSIM(Y)=0.9015
M109/16ch: PSNR(Y)=36.240, SSIM(Y)=0.9696
Epoch 104/180: Training loss=0.020002, lr=1.20e-03
Epoch 104/180: Validation combined_loss=0.025102
Validation configuration losses: 32ch=0.024692, 16ch=0.025511
Set5/32ch: PSNR(Y)=37.302, SSIM(Y)=0.9576
Set14/32ch: PSNR(Y)=32.894, SSIM(Y)=0.9106
B100/32ch: PSNR(Y)=31.661, SSIM(Y)=0.8928
U100/32ch: PSNR(Y)=30.266, SSIM(Y)=0.9074
M109/32ch: PSNR(Y)=36.758, SSIM(Y)=0.9715
Set5/16ch: PSNR(Y)=37.054, SSIM(Y)=0.9565
Set14/16ch: PSNR(Y)=32.727, SSIM(Y)=0.9089
B100/16ch: PSNR(Y)=31.505, SSIM(Y)=0.8908
U100/16ch: PSNR(Y)=29.807, SSIM(Y)=0.9015
M109/16ch: PSNR(Y)=36.239, SSIM(Y)=0.9696
Model saved! Best loss: 0.025102
Epoch 105/180: Training loss=0.019961, lr=1.17e-03
Epoch 105/180: Validation combined_loss=0.025098
Validation configuration losses: 32ch=0.024688, 16ch=0.025507
Set5/32ch: PSNR(Y)=37.303, SSIM(Y)=0.9576
Set14/32ch: PSNR(Y)=32.896, SSIM(Y)=0.9106
B100/32ch: PSNR(Y)=31.663, SSIM(Y)=0.8928
U100/32ch: PSNR(Y)=30.271, SSIM(Y)=0.9075
M109/32ch: PSNR(Y)=36.757, SSIM(Y)=0.9715
Set5/16ch: PSNR(Y)=37.055, SSIM(Y)=0.9565
Set14/16ch: PSNR(Y)=32.728, SSIM(Y)=0.9089
B100/16ch: PSNR(Y)=31.505, SSIM(Y)=0.8908
U100/16ch: PSNR(Y)=29.808, SSIM(Y)=0.9015
M109/16ch: PSNR(Y)=36.242, SSIM(Y)=0.9696
Model saved! Best loss: 0.025098
Epoch 106/180: Training loss=0.019954, lr=1.15e-03
Epoch 106/180: Validation combined_loss=0.025095
Validation configuration losses: 32ch=0.024686, 16ch=0.025505
Set5/32ch: PSNR(Y)=37.309, SSIM(Y)=0.9576
Set14/32ch: PSNR(Y)=32.895, SSIM(Y)=0.9106
B100/32ch: PSNR(Y)=31.663, SSIM(Y)=0.8928
U100/32ch: PSNR(Y)=30.272, SSIM(Y)=0.9075
M109/32ch: PSNR(Y)=36.760, SSIM(Y)=0.9715
Set5/16ch: PSNR(Y)=37.057, SSIM(Y)=0.9565
Set14/16ch: PSNR(Y)=32.728, SSIM(Y)=0.9090
B100/16ch: PSNR(Y)=31.506, SSIM(Y)=0.8908
U100/16ch: PSNR(Y)=29.810, SSIM(Y)=0.9016
M109/16ch: PSNR(Y)=36.244, SSIM(Y)=0.9696
Model saved! Best loss: 0.025095
Epoch 107/180: Training loss=0.020006, lr=1.13e-03
Epoch 107/180: Validation combined_loss=0.025094
Validation configuration losses: 32ch=0.024685, 16ch=0.025503
Set5/32ch: PSNR(Y)=37.309, SSIM(Y)=0.9576
Set14/32ch: PSNR(Y)=32.890, SSIM(Y)=0.9106
B100/32ch: PSNR(Y)=31.664, SSIM(Y)=0.8928
U100/32ch: PSNR(Y)=30.275, SSIM(Y)=0.9075
M109/32ch: PSNR(Y)=36.758, SSIM(Y)=0.9715
Set5/16ch: PSNR(Y)=37.056, SSIM(Y)=0.9565
Set14/16ch: PSNR(Y)=32.728, SSIM(Y)=0.9089
B100/16ch: PSNR(Y)=31.507, SSIM(Y)=0.8908
U100/16ch: PSNR(Y)=29.812, SSIM(Y)=0.9016
M109/16ch: PSNR(Y)=36.245, SSIM(Y)=0.9696
Model saved! Best loss: 0.025094
Epoch 108/180: Training loss=0.019965, lr=1.10e-03
Epoch 108/180: Validation combined_loss=0.025093
Validation configuration losses: 32ch=0.024683, 16ch=0.025502
Set5/32ch: PSNR(Y)=37.311, SSIM(Y)=0.9576
Set14/32ch: PSNR(Y)=32.893, SSIM(Y)=0.9106
B100/32ch: PSNR(Y)=31.665, SSIM(Y)=0.8928
U100/32ch: PSNR(Y)=30.275, SSIM(Y)=0.9075
M109/32ch: PSNR(Y)=36.759, SSIM(Y)=0.9715
Set5/16ch: PSNR(Y)=37.058, SSIM(Y)=0.9565
Set14/16ch: PSNR(Y)=32.730, SSIM(Y)=0.9090
B100/16ch: PSNR(Y)=31.507, SSIM(Y)=0.8908
U100/16ch: PSNR(Y)=29.812, SSIM(Y)=0.9016
M109/16ch: PSNR(Y)=36.246, SSIM(Y)=0.9696
Model saved! Best loss: 0.025093
Epoch 109/180: Training loss=0.019968, lr=1.08e-03
Epoch 109/180: Validation combined_loss=0.025088
Validation configuration losses: 32ch=0.024681, 16ch=0.025495
Set5/32ch: PSNR(Y)=37.311, SSIM(Y)=0.9576
Set14/32ch: PSNR(Y)=32.892, SSIM(Y)=0.9106
B100/32ch: PSNR(Y)=31.664, SSIM(Y)=0.8928
U100/32ch: PSNR(Y)=30.277, SSIM(Y)=0.9075
M109/32ch: PSNR(Y)=36.760, SSIM(Y)=0.9715
Set5/16ch: PSNR(Y)=37.055, SSIM(Y)=0.9565
Set14/16ch: PSNR(Y)=32.729, SSIM(Y)=0.9089
B100/16ch: PSNR(Y)=31.507, SSIM(Y)=0.8908
U100/16ch: PSNR(Y)=29.815, SSIM(Y)=0.9016
M109/16ch: PSNR(Y)=36.254, SSIM(Y)=0.9696
Model saved! Best loss: 0.025088
Epoch 110/180: Training loss=0.019952, lr=1.06e-03
Epoch 110/180: Validation combined_loss=0.025086
Validation configuration losses: 32ch=0.024679, 16ch=0.025493
Set5/32ch: PSNR(Y)=37.310, SSIM(Y)=0.9576
Set14/32ch: PSNR(Y)=32.892, SSIM(Y)=0.9105
B100/32ch: PSNR(Y)=31.665, SSIM(Y)=0.8928
U100/32ch: PSNR(Y)=30.277, SSIM(Y)=0.9076
M109/32ch: PSNR(Y)=36.762, SSIM(Y)=0.9715
Set5/16ch: PSNR(Y)=37.056, SSIM(Y)=0.9565
Set14/16ch: PSNR(Y)=32.729, SSIM(Y)=0.9089
B100/16ch: PSNR(Y)=31.508, SSIM(Y)=0.8908
U100/16ch: PSNR(Y)=29.817, SSIM(Y)=0.9016
M109/16ch: PSNR(Y)=36.255, SSIM(Y)=0.9696
Model saved! Best loss: 0.025086
Epoch 111/180: Training loss=0.019959, lr=1.03e-03
Epoch 111/180: Validation combined_loss=0.025082
Validation configuration losses: 32ch=0.024676, 16ch=0.025489
Set5/32ch: PSNR(Y)=37.310, SSIM(Y)=0.9576
Set14/32ch: PSNR(Y)=32.890, SSIM(Y)=0.9105
B100/32ch: PSNR(Y)=31.665, SSIM(Y)=0.8928
U100/32ch: PSNR(Y)=30.278, SSIM(Y)=0.9076
M109/32ch: PSNR(Y)=36.764, SSIM(Y)=0.9715
Set5/16ch: PSNR(Y)=37.056, SSIM(Y)=0.9565
Set14/16ch: PSNR(Y)=32.730, SSIM(Y)=0.9090
B100/16ch: PSNR(Y)=31.508, SSIM(Y)=0.8908
U100/16ch: PSNR(Y)=29.819, SSIM(Y)=0.9017
M109/16ch: PSNR(Y)=36.256, SSIM(Y)=0.9696
Model saved! Best loss: 0.025082
Epoch 112/180: Training loss=0.019934, lr=1.01e-03
Epoch 112/180: Validation combined_loss=0.025084
Validation configuration losses: 32ch=0.024679, 16ch=0.025489
Set5/32ch: PSNR(Y)=37.314, SSIM(Y)=0.9576
Set14/32ch: PSNR(Y)=32.888, SSIM(Y)=0.9105
B100/32ch: PSNR(Y)=31.664, SSIM(Y)=0.8928
U100/32ch: PSNR(Y)=30.276, SSIM(Y)=0.9075
M109/32ch: PSNR(Y)=36.760, SSIM(Y)=0.9715
Set5/16ch: PSNR(Y)=37.057, SSIM(Y)=0.9565
Set14/16ch: PSNR(Y)=32.729, SSIM(Y)=0.9090
B100/16ch: PSNR(Y)=31.509, SSIM(Y)=0.8908
U100/16ch: PSNR(Y)=29.820, SSIM(Y)=0.9017
M109/16ch: PSNR(Y)=36.253, SSIM(Y)=0.9696
Epoch 113/180: Training loss=0.019920, lr=9.88e-04
Epoch 113/180: Validation combined_loss=0.025081
Validation configuration losses: 32ch=0.024675, 16ch=0.025487
Set5/32ch: PSNR(Y)=37.314, SSIM(Y)=0.9576
Set14/32ch: PSNR(Y)=32.884, SSIM(Y)=0.9105
B100/32ch: PSNR(Y)=31.665, SSIM(Y)=0.8928
U100/32ch: PSNR(Y)=30.279, SSIM(Y)=0.9076
M109/32ch: PSNR(Y)=36.763, SSIM(Y)=0.9715
Set5/16ch: PSNR(Y)=37.057, SSIM(Y)=0.9565
Set14/16ch: PSNR(Y)=32.728, SSIM(Y)=0.9090
B100/16ch: PSNR(Y)=31.509, SSIM(Y)=0.8908
U100/16ch: PSNR(Y)=29.820, SSIM(Y)=0.9017
M109/16ch: PSNR(Y)=36.254, SSIM(Y)=0.9696
Model saved! Best loss: 0.025081
Epoch 114/180: Training loss=0.019969, lr=9.66e-04
Epoch 114/180: Validation combined_loss=0.025079
Validation configuration losses: 32ch=0.024674, 16ch=0.025485
Set5/32ch: PSNR(Y)=37.315, SSIM(Y)=0.9576
Set14/32ch: PSNR(Y)=32.891, SSIM(Y)=0.9105
B100/32ch: PSNR(Y)=31.667, SSIM(Y)=0.8928
U100/32ch: PSNR(Y)=30.281, SSIM(Y)=0.9076
M109/32ch: PSNR(Y)=36.760, SSIM(Y)=0.9715
Set5/16ch: PSNR(Y)=37.059, SSIM(Y)=0.9565
Set14/16ch: PSNR(Y)=32.731, SSIM(Y)=0.9090
B100/16ch: PSNR(Y)=31.510, SSIM(Y)=0.8909
U100/16ch: PSNR(Y)=29.821, SSIM(Y)=0.9017
M109/16ch: PSNR(Y)=36.257, SSIM(Y)=0.9696
Model saved! Best loss: 0.025079
Epoch 115/180: Training loss=0.019948, lr=9.43e-04
Epoch 115/180: Validation combined_loss=0.025077
Validation configuration losses: 32ch=0.024672, 16ch=0.025482
Set5/32ch: PSNR(Y)=37.312, SSIM(Y)=0.9576
Set14/32ch: PSNR(Y)=32.896, SSIM(Y)=0.9106
B100/32ch: PSNR(Y)=31.667, SSIM(Y)=0.8928
U100/32ch: PSNR(Y)=30.280, SSIM(Y)=0.9076
M109/32ch: PSNR(Y)=36.768, SSIM(Y)=0.9715
Set5/16ch: PSNR(Y)=37.061, SSIM(Y)=0.9565
Set14/16ch: PSNR(Y)=32.734, SSIM(Y)=0.9090
B100/16ch: PSNR(Y)=31.511, SSIM(Y)=0.8909
U100/16ch: PSNR(Y)=29.821, SSIM(Y)=0.9017
M109/16ch: PSNR(Y)=36.262, SSIM(Y)=0.9696
Model saved! Best loss: 0.025077
Epoch 116/180: Training loss=0.019962, lr=9.21e-04
Epoch 116/180: Validation combined_loss=0.025074
Validation configuration losses: 32ch=0.024670, 16ch=0.025479
Set5/32ch: PSNR(Y)=37.314, SSIM(Y)=0.9577
Set14/32ch: PSNR(Y)=32.895, SSIM(Y)=0.9106
B100/32ch: PSNR(Y)=31.667, SSIM(Y)=0.8928
U100/32ch: PSNR(Y)=30.283, SSIM(Y)=0.9076
M109/32ch: PSNR(Y)=36.767, SSIM(Y)=0.9716
Set5/16ch: PSNR(Y)=37.061, SSIM(Y)=0.9565
Set14/16ch: PSNR(Y)=32.734, SSIM(Y)=0.9090
B100/16ch: PSNR(Y)=31.511, SSIM(Y)=0.8909
U100/16ch: PSNR(Y)=29.825, SSIM(Y)=0.9017
M109/16ch: PSNR(Y)=36.261, SSIM(Y)=0.9696
Model saved! Best loss: 0.025074
Epoch 117/180: Training loss=0.019931, lr=8.98e-04
Epoch 117/180: Validation combined_loss=0.025074
Validation configuration losses: 32ch=0.024670, 16ch=0.025478
Set5/32ch: PSNR(Y)=37.318, SSIM(Y)=0.9577
Set14/32ch: PSNR(Y)=32.895, SSIM(Y)=0.9106
B100/32ch: PSNR(Y)=31.668, SSIM(Y)=0.8929
U100/32ch: PSNR(Y)=30.282, SSIM(Y)=0.9076
M109/32ch: PSNR(Y)=36.763, SSIM(Y)=0.9715
Set5/16ch: PSNR(Y)=37.062, SSIM(Y)=0.9565
Set14/16ch: PSNR(Y)=32.734, SSIM(Y)=0.9090
B100/16ch: PSNR(Y)=31.512, SSIM(Y)=0.8909
U100/16ch: PSNR(Y)=29.827, SSIM(Y)=0.9018
M109/16ch: PSNR(Y)=36.258, SSIM(Y)=0.9696
Model saved! Best loss: 0.025074
Epoch 118/180: Training loss=0.019953, lr=8.76e-04
Epoch 118/180: Validation combined_loss=0.025074
Validation configuration losses: 32ch=0.024671, 16ch=0.025477
Set5/32ch: PSNR(Y)=37.317, SSIM(Y)=0.9576
Set14/32ch: PSNR(Y)=32.896, SSIM(Y)=0.9106
B100/32ch: PSNR(Y)=31.668, SSIM(Y)=0.8928
U100/32ch: PSNR(Y)=30.282, SSIM(Y)=0.9076
M109/32ch: PSNR(Y)=36.756, SSIM(Y)=0.9715
Set5/16ch: PSNR(Y)=37.061, SSIM(Y)=0.9565
Set14/16ch: PSNR(Y)=32.734, SSIM(Y)=0.9090
B100/16ch: PSNR(Y)=31.512, SSIM(Y)=0.8909
U100/16ch: PSNR(Y)=29.827, SSIM(Y)=0.9018
M109/16ch: PSNR(Y)=36.255, SSIM(Y)=0.9696
Epoch 119/180: Training loss=0.019943, lr=8.54e-04
Epoch 119/180: Validation combined_loss=0.025069
Validation configuration losses: 32ch=0.024666, 16ch=0.025472
Set5/32ch: PSNR(Y)=37.317, SSIM(Y)=0.9576
Set14/32ch: PSNR(Y)=32.893, SSIM(Y)=0.9106
B100/32ch: PSNR(Y)=31.668, SSIM(Y)=0.8928
U100/32ch: PSNR(Y)=30.283, SSIM(Y)=0.9076
M109/32ch: PSNR(Y)=36.768, SSIM(Y)=0.9716
Set5/16ch: PSNR(Y)=37.062, SSIM(Y)=0.9565
Set14/16ch: PSNR(Y)=32.733, SSIM(Y)=0.9090
B100/16ch: PSNR(Y)=31.512, SSIM(Y)=0.8909
U100/16ch: PSNR(Y)=29.827, SSIM(Y)=0.9018
M109/16ch: PSNR(Y)=36.265, SSIM(Y)=0.9697
Model saved! Best loss: 0.025069
Epoch 120/180: Training loss=0.019921, lr=8.32e-04
Epoch 120/180: Validation combined_loss=0.025069
Validation configuration losses: 32ch=0.024666, 16ch=0.025473
Set5/32ch: PSNR(Y)=37.321, SSIM(Y)=0.9577
Set14/32ch: PSNR(Y)=32.892, SSIM(Y)=0.9106
B100/32ch: PSNR(Y)=31.669, SSIM(Y)=0.8929
U100/32ch: PSNR(Y)=30.286, SSIM(Y)=0.9076
M109/32ch: PSNR(Y)=36.767, SSIM(Y)=0.9716
Set5/16ch: PSNR(Y)=37.064, SSIM(Y)=0.9565
Set14/16ch: PSNR(Y)=32.733, SSIM(Y)=0.9090
B100/16ch: PSNR(Y)=31.513, SSIM(Y)=0.8909
U100/16ch: PSNR(Y)=29.828, SSIM(Y)=0.9018
M109/16ch: PSNR(Y)=36.263, SSIM(Y)=0.9697
Epoch 121/180: Training loss=0.019885, lr=8.11e-04
Epoch 121/180: Validation combined_loss=0.025066
Validation configuration losses: 32ch=0.024663, 16ch=0.025469
Set5/32ch: PSNR(Y)=37.321, SSIM(Y)=0.9577
Set14/32ch: PSNR(Y)=32.892, SSIM(Y)=0.9106
B100/32ch: PSNR(Y)=31.669, SSIM(Y)=0.8928
U100/32ch: PSNR(Y)=30.285, SSIM(Y)=0.9076
M109/32ch: PSNR(Y)=36.773, SSIM(Y)=0.9716
Set5/16ch: PSNR(Y)=37.065, SSIM(Y)=0.9565
Set14/16ch: PSNR(Y)=32.733, SSIM(Y)=0.9090
B100/16ch: PSNR(Y)=31.513, SSIM(Y)=0.8909
U100/16ch: PSNR(Y)=29.830, SSIM(Y)=0.9018
M109/16ch: PSNR(Y)=36.266, SSIM(Y)=0.9697
Model saved! Best loss: 0.025066
Epoch 122/180: Training loss=0.019922, lr=7.89e-04
Epoch 122/180: Validation combined_loss=0.025064
Validation configuration losses: 32ch=0.024661, 16ch=0.025467
Set5/32ch: PSNR(Y)=37.321, SSIM(Y)=0.9577
Set14/32ch: PSNR(Y)=32.891, SSIM(Y)=0.9106
B100/32ch: PSNR(Y)=31.669, SSIM(Y)=0.8929
U100/32ch: PSNR(Y)=30.288, SSIM(Y)=0.9077
M109/32ch: PSNR(Y)=36.768, SSIM(Y)=0.9716
Set5/16ch: PSNR(Y)=37.066, SSIM(Y)=0.9565
Set14/16ch: PSNR(Y)=32.733, SSIM(Y)=0.9090
B100/16ch: PSNR(Y)=31.513, SSIM(Y)=0.8909
U100/16ch: PSNR(Y)=29.831, SSIM(Y)=0.9018
M109/16ch: PSNR(Y)=36.265, SSIM(Y)=0.9697
Model saved! Best loss: 0.025064
Epoch 123/180: Training loss=0.019898, lr=7.68e-04
Epoch 123/180: Validation combined_loss=0.025065
Validation configuration losses: 32ch=0.024664, 16ch=0.025466
Set5/32ch: PSNR(Y)=37.320, SSIM(Y)=0.9577
Set14/32ch: PSNR(Y)=32.895, SSIM(Y)=0.9106
B100/32ch: PSNR(Y)=31.669, SSIM(Y)=0.8929
U100/32ch: PSNR(Y)=30.287, SSIM(Y)=0.9076
M109/32ch: PSNR(Y)=36.766, SSIM(Y)=0.9716
Set5/16ch: PSNR(Y)=37.067, SSIM(Y)=0.9565
Set14/16ch: PSNR(Y)=32.735, SSIM(Y)=0.9090
B100/16ch: PSNR(Y)=31.513, SSIM(Y)=0.8909
U100/16ch: PSNR(Y)=29.831, SSIM(Y)=0.9018
M109/16ch: PSNR(Y)=36.267, SSIM(Y)=0.9697
Epoch 124/180: Training loss=0.019953, lr=7.47e-04
Epoch 124/180: Validation combined_loss=0.025064
Validation configuration losses: 32ch=0.024664, 16ch=0.025465
Set5/32ch: PSNR(Y)=37.322, SSIM(Y)=0.9577
Set14/32ch: PSNR(Y)=32.897, SSIM(Y)=0.9106
B100/32ch: PSNR(Y)=31.670, SSIM(Y)=0.8929
U100/32ch: PSNR(Y)=30.287, SSIM(Y)=0.9076
M109/32ch: PSNR(Y)=36.766, SSIM(Y)=0.9716
Set5/16ch: PSNR(Y)=37.066, SSIM(Y)=0.9565
Set14/16ch: PSNR(Y)=32.736, SSIM(Y)=0.9090
B100/16ch: PSNR(Y)=31.514, SSIM(Y)=0.8909
U100/16ch: PSNR(Y)=29.832, SSIM(Y)=0.9018
M109/16ch: PSNR(Y)=36.270, SSIM(Y)=0.9697
Epoch 125/180: Training loss=0.019916, lr=7.26e-04
Epoch 125/180: Validation combined_loss=0.025061
Validation configuration losses: 32ch=0.024661, 16ch=0.025461
Set5/32ch: PSNR(Y)=37.320, SSIM(Y)=0.9577
Set14/32ch: PSNR(Y)=32.897, SSIM(Y)=0.9106
B100/32ch: PSNR(Y)=31.670, SSIM(Y)=0.8929
U100/32ch: PSNR(Y)=30.285, SSIM(Y)=0.9076
M109/32ch: PSNR(Y)=36.775, SSIM(Y)=0.9716
Set5/16ch: PSNR(Y)=37.066, SSIM(Y)=0.9565
Set14/16ch: PSNR(Y)=32.736, SSIM(Y)=0.9090
B100/16ch: PSNR(Y)=31.514, SSIM(Y)=0.8909
U100/16ch: PSNR(Y)=29.833, SSIM(Y)=0.9018
M109/16ch: PSNR(Y)=36.276, SSIM(Y)=0.9697
Model saved! Best loss: 0.025061
Epoch 126/180: Training loss=0.020003, lr=7.05e-04
Epoch 126/180: Validation combined_loss=0.025059
Validation configuration losses: 32ch=0.024658, 16ch=0.025460
Set5/32ch: PSNR(Y)=37.318, SSIM(Y)=0.9577
Set14/32ch: PSNR(Y)=32.900, SSIM(Y)=0.9106
B100/32ch: PSNR(Y)=31.670, SSIM(Y)=0.8929
U100/32ch: PSNR(Y)=30.287, SSIM(Y)=0.9076
M109/32ch: PSNR(Y)=36.777, SSIM(Y)=0.9716
Set5/16ch: PSNR(Y)=37.067, SSIM(Y)=0.9565
Set14/16ch: PSNR(Y)=32.736, SSIM(Y)=0.9090
B100/16ch: PSNR(Y)=31.514, SSIM(Y)=0.8909
U100/16ch: PSNR(Y)=29.832, SSIM(Y)=0.9018
M109/16ch: PSNR(Y)=36.278, SSIM(Y)=0.9697
Model saved! Best loss: 0.025059
Epoch 127/180: Training loss=0.019977, lr=6.85e-04
Epoch 127/180: Validation combined_loss=0.025059
Validation configuration losses: 32ch=0.024658, 16ch=0.025459
Set5/32ch: PSNR(Y)=37.319, SSIM(Y)=0.9577
Set14/32ch: PSNR(Y)=32.900, SSIM(Y)=0.9106
B100/32ch: PSNR(Y)=31.670, SSIM(Y)=0.8929
U100/32ch: PSNR(Y)=30.287, SSIM(Y)=0.9077
M109/32ch: PSNR(Y)=36.769, SSIM(Y)=0.9716
Set5/16ch: PSNR(Y)=37.066, SSIM(Y)=0.9565
Set14/16ch: PSNR(Y)=32.737, SSIM(Y)=0.9090
B100/16ch: PSNR(Y)=31.515, SSIM(Y)=0.8909
U100/16ch: PSNR(Y)=29.833, SSIM(Y)=0.9018
M109/16ch: PSNR(Y)=36.275, SSIM(Y)=0.9697
Model saved! Best loss: 0.025059
Epoch 128/180: Training loss=0.019979, lr=6.65e-04
Epoch 128/180: Validation combined_loss=0.025058
Validation configuration losses: 32ch=0.024658, 16ch=0.025459
Set5/32ch: PSNR(Y)=37.318, SSIM(Y)=0.9577
Set14/32ch: PSNR(Y)=32.898, SSIM(Y)=0.9106
B100/32ch: PSNR(Y)=31.671, SSIM(Y)=0.8929
U100/32ch: PSNR(Y)=30.289, SSIM(Y)=0.9077
M109/32ch: PSNR(Y)=36.767, SSIM(Y)=0.9716
Set5/16ch: PSNR(Y)=37.065, SSIM(Y)=0.9565
Set14/16ch: PSNR(Y)=32.736, SSIM(Y)=0.9090
B100/16ch: PSNR(Y)=31.515, SSIM(Y)=0.8909
U100/16ch: PSNR(Y)=29.836, SSIM(Y)=0.9019
M109/16ch: PSNR(Y)=36.272, SSIM(Y)=0.9697
Model saved! Best loss: 0.025058
Epoch 129/180: Training loss=0.019893, lr=6.45e-04
Epoch 129/180: Validation combined_loss=0.025060
Validation configuration losses: 32ch=0.024660, 16ch=0.025461
Set5/32ch: PSNR(Y)=37.319, SSIM(Y)=0.9577
Set14/32ch: PSNR(Y)=32.897, SSIM(Y)=0.9106
B100/32ch: PSNR(Y)=31.671, SSIM(Y)=0.8929
U100/32ch: PSNR(Y)=30.288, SSIM(Y)=0.9077
M109/32ch: PSNR(Y)=36.770, SSIM(Y)=0.9716
Set5/16ch: PSNR(Y)=37.065, SSIM(Y)=0.9565
Set14/16ch: PSNR(Y)=32.735, SSIM(Y)=0.9090
B100/16ch: PSNR(Y)=31.515, SSIM(Y)=0.8909
U100/16ch: PSNR(Y)=29.834, SSIM(Y)=0.9019
M109/16ch: PSNR(Y)=36.272, SSIM(Y)=0.9697
Epoch 130/180: Training loss=0.019918, lr=6.25e-04
Epoch 130/180: Validation combined_loss=0.025058
Validation configuration losses: 32ch=0.024657, 16ch=0.025459
Set5/32ch: PSNR(Y)=37.320, SSIM(Y)=0.9577
Set14/32ch: PSNR(Y)=32.896, SSIM(Y)=0.9106
B100/32ch: PSNR(Y)=31.671, SSIM(Y)=0.8929
U100/32ch: PSNR(Y)=30.289, SSIM(Y)=0.9077
M109/32ch: PSNR(Y)=36.773, SSIM(Y)=0.9716
Set5/16ch: PSNR(Y)=37.067, SSIM(Y)=0.9565
Set14/16ch: PSNR(Y)=32.736, SSIM(Y)=0.9090
B100/16ch: PSNR(Y)=31.515, SSIM(Y)=0.8909
U100/16ch: PSNR(Y)=29.835, SSIM(Y)=0.9019
M109/16ch: PSNR(Y)=36.273, SSIM(Y)=0.9697
Model saved! Best loss: 0.025058
Epoch 131/180: Training loss=0.019913, lr=6.06e-04
Epoch 131/180: Validation combined_loss=0.025057
Validation configuration losses: 32ch=0.024656, 16ch=0.025458
Set5/32ch: PSNR(Y)=37.321, SSIM(Y)=0.9577
Set14/32ch: PSNR(Y)=32.897, SSIM(Y)=0.9106
B100/32ch: PSNR(Y)=31.671, SSIM(Y)=0.8929
U100/32ch: PSNR(Y)=30.290, SSIM(Y)=0.9077
M109/32ch: PSNR(Y)=36.774, SSIM(Y)=0.9716
Set5/16ch: PSNR(Y)=37.068, SSIM(Y)=0.9565
Set14/16ch: PSNR(Y)=32.736, SSIM(Y)=0.9090
B100/16ch: PSNR(Y)=31.515, SSIM(Y)=0.8909
U100/16ch: PSNR(Y)=29.836, SSIM(Y)=0.9019
M109/16ch: PSNR(Y)=36.275, SSIM(Y)=0.9697
Model saved! Best loss: 0.025057
Epoch 132/180: Training loss=0.019951, lr=5.86e-04
Epoch 132/180: Validation combined_loss=0.025054
Validation configuration losses: 32ch=0.024653, 16ch=0.025455
Set5/32ch: PSNR(Y)=37.318, SSIM(Y)=0.9577
Set14/32ch: PSNR(Y)=32.897, SSIM(Y)=0.9106
B100/32ch: PSNR(Y)=31.672, SSIM(Y)=0.8929
U100/32ch: PSNR(Y)=30.290, SSIM(Y)=0.9077
M109/32ch: PSNR(Y)=36.777, SSIM(Y)=0.9716
Set5/16ch: PSNR(Y)=37.070, SSIM(Y)=0.9565
Set14/16ch: PSNR(Y)=32.736, SSIM(Y)=0.9090
B100/16ch: PSNR(Y)=31.516, SSIM(Y)=0.8909
U100/16ch: PSNR(Y)=29.836, SSIM(Y)=0.9019
M109/16ch: PSNR(Y)=36.279, SSIM(Y)=0.9697
Model saved! Best loss: 0.025054
Epoch 133/180: Training loss=0.019959, lr=5.67e-04
Epoch 133/180: Validation combined_loss=0.025057
Validation configuration losses: 32ch=0.024656, 16ch=0.025458
Set5/32ch: PSNR(Y)=37.315, SSIM(Y)=0.9577
Set14/32ch: PSNR(Y)=32.900, SSIM(Y)=0.9106
B100/32ch: PSNR(Y)=31.672, SSIM(Y)=0.8929
U100/32ch: PSNR(Y)=30.289, SSIM(Y)=0.9077
M109/32ch: PSNR(Y)=36.777, SSIM(Y)=0.9716
Set5/16ch: PSNR(Y)=37.070, SSIM(Y)=0.9565
Set14/16ch: PSNR(Y)=32.737, SSIM(Y)=0.9090
B100/16ch: PSNR(Y)=31.516, SSIM(Y)=0.8909
U100/16ch: PSNR(Y)=29.837, SSIM(Y)=0.9019
M109/16ch: PSNR(Y)=36.276, SSIM(Y)=0.9697
Epoch 134/180: Training loss=0.019932, lr=5.49e-04
Epoch 134/180: Validation combined_loss=0.025054
Validation configuration losses: 32ch=0.024653, 16ch=0.025456
Set5/32ch: PSNR(Y)=37.318, SSIM(Y)=0.9577
Set14/32ch: PSNR(Y)=32.900, SSIM(Y)=0.9106
B100/32ch: PSNR(Y)=31.673, SSIM(Y)=0.8929
U100/32ch: PSNR(Y)=30.292, SSIM(Y)=0.9078
M109/32ch: PSNR(Y)=36.774, SSIM(Y)=0.9716
Set5/16ch: PSNR(Y)=37.070, SSIM(Y)=0.9565
Set14/16ch: PSNR(Y)=32.738, SSIM(Y)=0.9090
B100/16ch: PSNR(Y)=31.517, SSIM(Y)=0.8910
U100/16ch: PSNR(Y)=29.839, SSIM(Y)=0.9019
M109/16ch: PSNR(Y)=36.275, SSIM(Y)=0.9697
Epoch 135/180: Training loss=0.019888, lr=5.30e-04
Epoch 135/180: Validation combined_loss=0.025053
Validation configuration losses: 32ch=0.024652, 16ch=0.025453
Set5/32ch: PSNR(Y)=37.324, SSIM(Y)=0.9577
Set14/32ch: PSNR(Y)=32.901, SSIM(Y)=0.9106
B100/32ch: PSNR(Y)=31.673, SSIM(Y)=0.8929
U100/32ch: PSNR(Y)=30.294, SSIM(Y)=0.9078
M109/32ch: PSNR(Y)=36.771, SSIM(Y)=0.9716
Set5/16ch: PSNR(Y)=37.071, SSIM(Y)=0.9565
Set14/16ch: PSNR(Y)=32.738, SSIM(Y)=0.9090
B100/16ch: PSNR(Y)=31.517, SSIM(Y)=0.8910
U100/16ch: PSNR(Y)=29.840, SSIM(Y)=0.9019
M109/16ch: PSNR(Y)=36.274, SSIM(Y)=0.9697
Model saved! Best loss: 0.025053
Epoch 136/180: Training loss=0.019917, lr=5.12e-04
Epoch 136/180: Validation combined_loss=0.025049
Validation configuration losses: 32ch=0.024649, 16ch=0.025449
Set5/32ch: PSNR(Y)=37.326, SSIM(Y)=0.9577
Set14/32ch: PSNR(Y)=32.897, SSIM(Y)=0.9106
B100/32ch: PSNR(Y)=31.673, SSIM(Y)=0.8929
U100/32ch: PSNR(Y)=30.296, SSIM(Y)=0.9078
M109/32ch: PSNR(Y)=36.771, SSIM(Y)=0.9716
Set5/16ch: PSNR(Y)=37.070, SSIM(Y)=0.9565
Set14/16ch: PSNR(Y)=32.737, SSIM(Y)=0.9090
B100/16ch: PSNR(Y)=31.517, SSIM(Y)=0.8910
U100/16ch: PSNR(Y)=29.842, SSIM(Y)=0.9020
M109/16ch: PSNR(Y)=36.276, SSIM(Y)=0.9697
Model saved! Best loss: 0.025049
Epoch 137/180: Training loss=0.019971, lr=4.94e-04
Epoch 137/180: Validation combined_loss=0.025049
Validation configuration losses: 32ch=0.024648, 16ch=0.025449
Set5/32ch: PSNR(Y)=37.327, SSIM(Y)=0.9577
Set14/32ch: PSNR(Y)=32.898, SSIM(Y)=0.9106
B100/32ch: PSNR(Y)=31.673, SSIM(Y)=0.8929
U100/32ch: PSNR(Y)=30.296, SSIM(Y)=0.9078
M109/32ch: PSNR(Y)=36.775, SSIM(Y)=0.9716
Set5/16ch: PSNR(Y)=37.071, SSIM(Y)=0.9565
Set14/16ch: PSNR(Y)=32.737, SSIM(Y)=0.9090
B100/16ch: PSNR(Y)=31.518, SSIM(Y)=0.8910
U100/16ch: PSNR(Y)=29.841, SSIM(Y)=0.9020
M109/16ch: PSNR(Y)=36.279, SSIM(Y)=0.9697
Model saved! Best loss: 0.025049
Epoch 138/180: Training loss=0.019945, lr=4.77e-04
Epoch 138/180: Validation combined_loss=0.025048
Validation configuration losses: 32ch=0.024648, 16ch=0.025448
Set5/32ch: PSNR(Y)=37.326, SSIM(Y)=0.9577
Set14/32ch: PSNR(Y)=32.904, SSIM(Y)=0.9106
B100/32ch: PSNR(Y)=31.674, SSIM(Y)=0.8929
U100/32ch: PSNR(Y)=30.295, SSIM(Y)=0.9078
M109/32ch: PSNR(Y)=36.773, SSIM(Y)=0.9716
Set5/16ch: PSNR(Y)=37.071, SSIM(Y)=0.9565
Set14/16ch: PSNR(Y)=32.741, SSIM(Y)=0.9090
B100/16ch: PSNR(Y)=31.518, SSIM(Y)=0.8910
U100/16ch: PSNR(Y)=29.841, SSIM(Y)=0.9019
M109/16ch: PSNR(Y)=36.279, SSIM(Y)=0.9697
Model saved! Best loss: 0.025048
Epoch 139/180: Training loss=0.019915, lr=4.60e-04
Epoch 139/180: Validation combined_loss=0.025045
Validation configuration losses: 32ch=0.024644, 16ch=0.025445
Set5/32ch: PSNR(Y)=37.325, SSIM(Y)=0.9577
Set14/32ch: PSNR(Y)=32.904, SSIM(Y)=0.9107
B100/32ch: PSNR(Y)=31.674, SSIM(Y)=0.8929
U100/32ch: PSNR(Y)=30.297, SSIM(Y)=0.9078
M109/32ch: PSNR(Y)=36.776, SSIM(Y)=0.9716
Set5/16ch: PSNR(Y)=37.073, SSIM(Y)=0.9565
Set14/16ch: PSNR(Y)=32.741, SSIM(Y)=0.9090
B100/16ch: PSNR(Y)=31.518, SSIM(Y)=0.8910
U100/16ch: PSNR(Y)=29.843, SSIM(Y)=0.9020
M109/16ch: PSNR(Y)=36.281, SSIM(Y)=0.9697
Model saved! Best loss: 0.025045
Epoch 140/180: Training loss=0.019880, lr=4.43e-04
Epoch 140/180: Validation combined_loss=0.025044
Validation configuration losses: 32ch=0.024643, 16ch=0.025444
Set5/32ch: PSNR(Y)=37.323, SSIM(Y)=0.9577
Set14/32ch: PSNR(Y)=32.902, SSIM(Y)=0.9107
B100/32ch: PSNR(Y)=31.674, SSIM(Y)=0.8929
U100/32ch: PSNR(Y)=30.297, SSIM(Y)=0.9078
M109/32ch: PSNR(Y)=36.776, SSIM(Y)=0.9716
Set5/16ch: PSNR(Y)=37.073, SSIM(Y)=0.9565
Set14/16ch: PSNR(Y)=32.740, SSIM(Y)=0.9090
B100/16ch: PSNR(Y)=31.518, SSIM(Y)=0.8910
U100/16ch: PSNR(Y)=29.844, SSIM(Y)=0.9020
M109/16ch: PSNR(Y)=36.279, SSIM(Y)=0.9697
Model saved! Best loss: 0.025044
Epoch 141/180: Training loss=0.019891, lr=4.26e-04
Epoch 141/180: Validation combined_loss=0.025046
Validation configuration losses: 32ch=0.024645, 16ch=0.025447
Set5/32ch: PSNR(Y)=37.321, SSIM(Y)=0.9577
Set14/32ch: PSNR(Y)=32.900, SSIM(Y)=0.9106
B100/32ch: PSNR(Y)=31.674, SSIM(Y)=0.8929
U100/32ch: PSNR(Y)=30.297, SSIM(Y)=0.9078
M109/32ch: PSNR(Y)=36.774, SSIM(Y)=0.9716
Set5/16ch: PSNR(Y)=37.071, SSIM(Y)=0.9565
Set14/16ch: PSNR(Y)=32.739, SSIM(Y)=0.9090
B100/16ch: PSNR(Y)=31.518, SSIM(Y)=0.8910
U100/16ch: PSNR(Y)=29.844, SSIM(Y)=0.9020
M109/16ch: PSNR(Y)=36.276, SSIM(Y)=0.9697
Epoch 142/180: Training loss=0.019916, lr=4.10e-04
Epoch 142/180: Validation combined_loss=0.025043
Validation configuration losses: 32ch=0.024642, 16ch=0.025445
Set5/32ch: PSNR(Y)=37.323, SSIM(Y)=0.9577
Set14/32ch: PSNR(Y)=32.898, SSIM(Y)=0.9106
B100/32ch: PSNR(Y)=31.673, SSIM(Y)=0.8929
U100/32ch: PSNR(Y)=30.298, SSIM(Y)=0.9078
M109/32ch: PSNR(Y)=36.778, SSIM(Y)=0.9716
Set5/16ch: PSNR(Y)=37.069, SSIM(Y)=0.9565
Set14/16ch: PSNR(Y)=32.739, SSIM(Y)=0.9090
B100/16ch: PSNR(Y)=31.518, SSIM(Y)=0.8910
U100/16ch: PSNR(Y)=29.845, SSIM(Y)=0.9020
M109/16ch: PSNR(Y)=36.277, SSIM(Y)=0.9697
Model saved! Best loss: 0.025043
Epoch 143/180: Training loss=0.019969, lr=3.94e-04
Epoch 143/180: Validation combined_loss=0.025042
Validation configuration losses: 32ch=0.024641, 16ch=0.025444
Set5/32ch: PSNR(Y)=37.325, SSIM(Y)=0.9577
Set14/32ch: PSNR(Y)=32.899, SSIM(Y)=0.9107
B100/32ch: PSNR(Y)=31.674, SSIM(Y)=0.8929
U100/32ch: PSNR(Y)=30.300, SSIM(Y)=0.9078
M109/32ch: PSNR(Y)=36.774, SSIM(Y)=0.9716
Set5/16ch: PSNR(Y)=37.071, SSIM(Y)=0.9565
Set14/16ch: PSNR(Y)=32.739, SSIM(Y)=0.9090
B100/16ch: PSNR(Y)=31.518, SSIM(Y)=0.8910
U100/16ch: PSNR(Y)=29.845, SSIM(Y)=0.9020
M109/16ch: PSNR(Y)=36.277, SSIM(Y)=0.9697
Model saved! Best loss: 0.025042
Epoch 144/180: Training loss=0.019910, lr=3.78e-04
Epoch 144/180: Validation combined_loss=0.025041
Validation configuration losses: 32ch=0.024641, 16ch=0.025442
Set5/32ch: PSNR(Y)=37.321, SSIM(Y)=0.9577
Set14/32ch: PSNR(Y)=32.898, SSIM(Y)=0.9106
B100/32ch: PSNR(Y)=31.674, SSIM(Y)=0.8929
U100/32ch: PSNR(Y)=30.300, SSIM(Y)=0.9078
M109/32ch: PSNR(Y)=36.776, SSIM(Y)=0.9716
Set5/16ch: PSNR(Y)=37.071, SSIM(Y)=0.9565
Set14/16ch: PSNR(Y)=32.739, SSIM(Y)=0.9090
B100/16ch: PSNR(Y)=31.519, SSIM(Y)=0.8910
U100/16ch: PSNR(Y)=29.845, SSIM(Y)=0.9020
M109/16ch: PSNR(Y)=36.280, SSIM(Y)=0.9697
Model saved! Best loss: 0.025041
Epoch 145/180: Training loss=0.019924, lr=3.63e-04
Epoch 145/180: Validation combined_loss=0.025042
Validation configuration losses: 32ch=0.024642, 16ch=0.025441
Set5/32ch: PSNR(Y)=37.320, SSIM(Y)=0.9577
Set14/32ch: PSNR(Y)=32.898, SSIM(Y)=0.9106
B100/32ch: PSNR(Y)=31.674, SSIM(Y)=0.8929
U100/32ch: PSNR(Y)=30.299, SSIM(Y)=0.9078
M109/32ch: PSNR(Y)=36.779, SSIM(Y)=0.9716
Set5/16ch: PSNR(Y)=37.070, SSIM(Y)=0.9565
Set14/16ch: PSNR(Y)=32.740, SSIM(Y)=0.9090
B100/16ch: PSNR(Y)=31.518, SSIM(Y)=0.8910
U100/16ch: PSNR(Y)=29.846, SSIM(Y)=0.9020
M109/16ch: PSNR(Y)=36.284, SSIM(Y)=0.9697
Epoch 146/180: Training loss=0.019927, lr=3.48e-04
Epoch 146/180: Validation combined_loss=0.025044
Validation configuration losses: 32ch=0.024643, 16ch=0.025444
Set5/32ch: PSNR(Y)=37.320, SSIM(Y)=0.9577
Set14/32ch: PSNR(Y)=32.901, SSIM(Y)=0.9106
B100/32ch: PSNR(Y)=31.675, SSIM(Y)=0.8929
U100/32ch: PSNR(Y)=30.298, SSIM(Y)=0.9078
M109/32ch: PSNR(Y)=36.780, SSIM(Y)=0.9716
Set5/16ch: PSNR(Y)=37.071, SSIM(Y)=0.9565
Set14/16ch: PSNR(Y)=32.740, SSIM(Y)=0.9090
B100/16ch: PSNR(Y)=31.519, SSIM(Y)=0.8910
U100/16ch: PSNR(Y)=29.846, SSIM(Y)=0.9020
M109/16ch: PSNR(Y)=36.281, SSIM(Y)=0.9697
Epoch 147/180: Training loss=0.019922, lr=3.34e-04
Epoch 147/180: Validation combined_loss=0.025045
Validation configuration losses: 32ch=0.024645, 16ch=0.025444
Set5/32ch: PSNR(Y)=37.323, SSIM(Y)=0.9577
Set14/32ch: PSNR(Y)=32.901, SSIM(Y)=0.9106
B100/32ch: PSNR(Y)=31.675, SSIM(Y)=0.8929
U100/32ch: PSNR(Y)=30.296, SSIM(Y)=0.9078
M109/32ch: PSNR(Y)=36.779, SSIM(Y)=0.9716
Set5/16ch: PSNR(Y)=37.071, SSIM(Y)=0.9565
Set14/16ch: PSNR(Y)=32.739, SSIM(Y)=0.9090
B100/16ch: PSNR(Y)=31.519, SSIM(Y)=0.8910
U100/16ch: PSNR(Y)=29.845, SSIM(Y)=0.9020
M109/16ch: PSNR(Y)=36.281, SSIM(Y)=0.9697
Epoch 148/180: Training loss=0.019897, lr=3.19e-04
Epoch 148/180: Validation combined_loss=0.025042
Validation configuration losses: 32ch=0.024642, 16ch=0.025442
Set5/32ch: PSNR(Y)=37.324, SSIM(Y)=0.9577
Set14/32ch: PSNR(Y)=32.899, SSIM(Y)=0.9106
B100/32ch: PSNR(Y)=31.675, SSIM(Y)=0.8929
U100/32ch: PSNR(Y)=30.298, SSIM(Y)=0.9078
M109/32ch: PSNR(Y)=36.781, SSIM(Y)=0.9716
Set5/16ch: PSNR(Y)=37.072, SSIM(Y)=0.9565
Set14/16ch: PSNR(Y)=32.740, SSIM(Y)=0.9090
B100/16ch: PSNR(Y)=31.519, SSIM(Y)=0.8910
U100/16ch: PSNR(Y)=29.845, SSIM(Y)=0.9020
M109/16ch: PSNR(Y)=36.284, SSIM(Y)=0.9697
Epoch 149/180: Training loss=0.019941, lr=3.06e-04
Epoch 149/180: Validation combined_loss=0.025040
Validation configuration losses: 32ch=0.024639, 16ch=0.025440
Set5/32ch: PSNR(Y)=37.322, SSIM(Y)=0.9577
Set14/32ch: PSNR(Y)=32.899, SSIM(Y)=0.9106
B100/32ch: PSNR(Y)=31.675, SSIM(Y)=0.8929
U100/32ch: PSNR(Y)=30.299, SSIM(Y)=0.9078
M109/32ch: PSNR(Y)=36.781, SSIM(Y)=0.9716
Set5/16ch: PSNR(Y)=37.071, SSIM(Y)=0.9565
Set14/16ch: PSNR(Y)=32.739, SSIM(Y)=0.9090
B100/16ch: PSNR(Y)=31.519, SSIM(Y)=0.8910
U100/16ch: PSNR(Y)=29.846, SSIM(Y)=0.9020
M109/16ch: PSNR(Y)=36.283, SSIM(Y)=0.9697
Model saved! Best loss: 0.025040
Epoch 150/180: Training loss=0.019925, lr=2.92e-04
Epoch 150/180: Validation combined_loss=0.025039
Validation configuration losses: 32ch=0.024639, 16ch=0.025438
Set5/32ch: PSNR(Y)=37.320, SSIM(Y)=0.9577
Set14/32ch: PSNR(Y)=32.899, SSIM(Y)=0.9106
B100/32ch: PSNR(Y)=31.675, SSIM(Y)=0.8930
U100/32ch: PSNR(Y)=30.299, SSIM(Y)=0.9078
M109/32ch: PSNR(Y)=36.783, SSIM(Y)=0.9716
Set5/16ch: PSNR(Y)=37.070, SSIM(Y)=0.9565
Set14/16ch: PSNR(Y)=32.739, SSIM(Y)=0.9090
B100/16ch: PSNR(Y)=31.519, SSIM(Y)=0.8910
U100/16ch: PSNR(Y)=29.848, SSIM(Y)=0.9020
M109/16ch: PSNR(Y)=36.286, SSIM(Y)=0.9697
Model saved! Best loss: 0.025039
Epoch 151/180: Training loss=0.019900, lr=2.79e-04
Epoch 151/180: Validation combined_loss=0.025037
Validation configuration losses: 32ch=0.024637, 16ch=0.025437
Set5/32ch: PSNR(Y)=37.321, SSIM(Y)=0.9577
Set14/32ch: PSNR(Y)=32.900, SSIM(Y)=0.9106
B100/32ch: PSNR(Y)=31.675, SSIM(Y)=0.8930
U100/32ch: PSNR(Y)=30.301, SSIM(Y)=0.9078
M109/32ch: PSNR(Y)=36.789, SSIM(Y)=0.9716
Set5/16ch: PSNR(Y)=37.072, SSIM(Y)=0.9565
Set14/16ch: PSNR(Y)=32.741, SSIM(Y)=0.9090
B100/16ch: PSNR(Y)=31.519, SSIM(Y)=0.8910
U100/16ch: PSNR(Y)=29.848, SSIM(Y)=0.9020
M109/16ch: PSNR(Y)=36.289, SSIM(Y)=0.9697
Model saved! Best loss: 0.025037
Epoch 152/180: Training loss=0.019867, lr=2.66e-04
Epoch 152/180: Validation combined_loss=0.025037
Validation configuration losses: 32ch=0.024638, 16ch=0.025436
Set5/32ch: PSNR(Y)=37.319, SSIM(Y)=0.9577
Set14/32ch: PSNR(Y)=32.901, SSIM(Y)=0.9107
B100/32ch: PSNR(Y)=31.676, SSIM(Y)=0.8930
U100/32ch: PSNR(Y)=30.301, SSIM(Y)=0.9079
M109/32ch: PSNR(Y)=36.782, SSIM(Y)=0.9716
Set5/16ch: PSNR(Y)=37.072, SSIM(Y)=0.9565
Set14/16ch: PSNR(Y)=32.742, SSIM(Y)=0.9090
B100/16ch: PSNR(Y)=31.520, SSIM(Y)=0.8910
U100/16ch: PSNR(Y)=29.848, SSIM(Y)=0.9020
M109/16ch: PSNR(Y)=36.287, SSIM(Y)=0.9697
Epoch 153/180: Training loss=0.019932, lr=2.54e-04
Epoch 153/180: Validation combined_loss=0.025039
Validation configuration losses: 32ch=0.024639, 16ch=0.025438
Set5/32ch: PSNR(Y)=37.318, SSIM(Y)=0.9577
Set14/32ch: PSNR(Y)=32.901, SSIM(Y)=0.9106
B100/32ch: PSNR(Y)=31.676, SSIM(Y)=0.8930
U100/32ch: PSNR(Y)=30.301, SSIM(Y)=0.9079
M109/32ch: PSNR(Y)=36.777, SSIM(Y)=0.9716
Set5/16ch: PSNR(Y)=37.072, SSIM(Y)=0.9565
Set14/16ch: PSNR(Y)=32.741, SSIM(Y)=0.9090
B100/16ch: PSNR(Y)=31.520, SSIM(Y)=0.8910
U100/16ch: PSNR(Y)=29.848, SSIM(Y)=0.9020
M109/16ch: PSNR(Y)=36.284, SSIM(Y)=0.9697
Epoch 154/180: Training loss=0.019912, lr=2.42e-04
Epoch 154/180: Validation combined_loss=0.025039
Validation configuration losses: 32ch=0.024640, 16ch=0.025437
Set5/32ch: PSNR(Y)=37.320, SSIM(Y)=0.9577
Set14/32ch: PSNR(Y)=32.902, SSIM(Y)=0.9107
B100/32ch: PSNR(Y)=31.676, SSIM(Y)=0.8930
U100/32ch: PSNR(Y)=30.301, SSIM(Y)=0.9079
M109/32ch: PSNR(Y)=36.774, SSIM(Y)=0.9716
Set5/16ch: PSNR(Y)=37.073, SSIM(Y)=0.9565
Set14/16ch: PSNR(Y)=32.742, SSIM(Y)=0.9090
B100/16ch: PSNR(Y)=31.520, SSIM(Y)=0.8910
U100/16ch: PSNR(Y)=29.849, SSIM(Y)=0.9021
M109/16ch: PSNR(Y)=36.284, SSIM(Y)=0.9697
Epoch 155/180: Training loss=0.019935, lr=2.31e-04
Epoch 155/180: Validation combined_loss=0.025039
Validation configuration losses: 32ch=0.024639, 16ch=0.025438
Set5/32ch: PSNR(Y)=37.319, SSIM(Y)=0.9577
Set14/32ch: PSNR(Y)=32.900, SSIM(Y)=0.9106
B100/32ch: PSNR(Y)=31.676, SSIM(Y)=0.8930
U100/32ch: PSNR(Y)=30.300, SSIM(Y)=0.9079
M109/32ch: PSNR(Y)=36.780, SSIM(Y)=0.9716
Set5/16ch: PSNR(Y)=37.073, SSIM(Y)=0.9565
Set14/16ch: PSNR(Y)=32.741, SSIM(Y)=0.9090
B100/16ch: PSNR(Y)=31.520, SSIM(Y)=0.8910
U100/16ch: PSNR(Y)=29.848, SSIM(Y)=0.9021
M109/16ch: PSNR(Y)=36.285, SSIM(Y)=0.9697
Epoch 156/180: Training loss=0.019920, lr=2.19e-04
Epoch 156/180: Validation combined_loss=0.025038
Validation configuration losses: 32ch=0.024639, 16ch=0.025438
Set5/32ch: PSNR(Y)=37.321, SSIM(Y)=0.9577
Set14/32ch: PSNR(Y)=32.903, SSIM(Y)=0.9107
B100/32ch: PSNR(Y)=31.676, SSIM(Y)=0.8930
U100/32ch: PSNR(Y)=30.301, SSIM(Y)=0.9079
M109/32ch: PSNR(Y)=36.777, SSIM(Y)=0.9716
Set5/16ch: PSNR(Y)=37.073, SSIM(Y)=0.9565
Set14/16ch: PSNR(Y)=32.742, SSIM(Y)=0.9090
B100/16ch: PSNR(Y)=31.520, SSIM(Y)=0.8910
U100/16ch: PSNR(Y)=29.849, SSIM(Y)=0.9021
M109/16ch: PSNR(Y)=36.284, SSIM(Y)=0.9697
Epoch 157/180: Training loss=0.019923, lr=2.09e-04
Epoch 157/180: Validation combined_loss=0.025037
Validation configuration losses: 32ch=0.024638, 16ch=0.025436
Set5/32ch: PSNR(Y)=37.320, SSIM(Y)=0.9577
Set14/32ch: PSNR(Y)=32.903, SSIM(Y)=0.9106
B100/32ch: PSNR(Y)=31.676, SSIM(Y)=0.8930
U100/32ch: PSNR(Y)=30.303, SSIM(Y)=0.9079
M109/32ch: PSNR(Y)=36.775, SSIM(Y)=0.9716
Set5/16ch: PSNR(Y)=37.074, SSIM(Y)=0.9565
Set14/16ch: PSNR(Y)=32.743, SSIM(Y)=0.9090
B100/16ch: PSNR(Y)=31.521, SSIM(Y)=0.8910
U100/16ch: PSNR(Y)=29.850, SSIM(Y)=0.9021
M109/16ch: PSNR(Y)=36.283, SSIM(Y)=0.9697
Epoch 158/180: Training loss=0.019940, lr=1.98e-04
Epoch 158/180: Validation combined_loss=0.025035
Validation configuration losses: 32ch=0.024635, 16ch=0.025435
Set5/32ch: PSNR(Y)=37.319, SSIM(Y)=0.9577
Set14/32ch: PSNR(Y)=32.900, SSIM(Y)=0.9106
B100/32ch: PSNR(Y)=31.677, SSIM(Y)=0.8930
U100/32ch: PSNR(Y)=30.304, SSIM(Y)=0.9079
M109/32ch: PSNR(Y)=36.776, SSIM(Y)=0.9716
Set5/16ch: PSNR(Y)=37.073, SSIM(Y)=0.9566
Set14/16ch: PSNR(Y)=32.742, SSIM(Y)=0.9090
B100/16ch: PSNR(Y)=31.521, SSIM(Y)=0.8910
U100/16ch: PSNR(Y)=29.851, SSIM(Y)=0.9021
M109/16ch: PSNR(Y)=36.281, SSIM(Y)=0.9697
Model saved! Best loss: 0.025035
Epoch 159/180: Training loss=0.019907, lr=1.88e-04
Epoch 159/180: Validation combined_loss=0.025035
Validation configuration losses: 32ch=0.024634, 16ch=0.025435
Set5/32ch: PSNR(Y)=37.319, SSIM(Y)=0.9577
Set14/32ch: PSNR(Y)=32.899, SSIM(Y)=0.9106
B100/32ch: PSNR(Y)=31.677, SSIM(Y)=0.8930
U100/32ch: PSNR(Y)=30.303, SSIM(Y)=0.9079
M109/32ch: PSNR(Y)=36.778, SSIM(Y)=0.9716
Set5/16ch: PSNR(Y)=37.072, SSIM(Y)=0.9565
Set14/16ch: PSNR(Y)=32.741, SSIM(Y)=0.9090
B100/16ch: PSNR(Y)=31.521, SSIM(Y)=0.8910
U100/16ch: PSNR(Y)=29.849, SSIM(Y)=0.9021
M109/16ch: PSNR(Y)=36.285, SSIM(Y)=0.9697
Model saved! Best loss: 0.025035
Epoch 160/180: Training loss=0.019862, lr=1.79e-04
Epoch 160/180: Validation combined_loss=0.025036
Validation configuration losses: 32ch=0.024636, 16ch=0.025436
Set5/32ch: PSNR(Y)=37.320, SSIM(Y)=0.9577
Set14/32ch: PSNR(Y)=32.899, SSIM(Y)=0.9107
B100/32ch: PSNR(Y)=31.676, SSIM(Y)=0.8930
U100/32ch: PSNR(Y)=30.303, SSIM(Y)=0.9079
M109/32ch: PSNR(Y)=36.778, SSIM(Y)=0.9716
Set5/16ch: PSNR(Y)=37.073, SSIM(Y)=0.9566
Set14/16ch: PSNR(Y)=32.741, SSIM(Y)=0.9090
B100/16ch: PSNR(Y)=31.520, SSIM(Y)=0.8910
U100/16ch: PSNR(Y)=29.850, SSIM(Y)=0.9021
M109/16ch: PSNR(Y)=36.284, SSIM(Y)=0.9697
Epoch 161/180: Training loss=0.019911, lr=1.70e-04
Epoch 161/180: Validation combined_loss=0.025034
Validation configuration losses: 32ch=0.024634, 16ch=0.025434
Set5/32ch: PSNR(Y)=37.320, SSIM(Y)=0.9577
Set14/32ch: PSNR(Y)=32.900, SSIM(Y)=0.9106
B100/32ch: PSNR(Y)=31.676, SSIM(Y)=0.8930
U100/32ch: PSNR(Y)=30.306, SSIM(Y)=0.9079
M109/32ch: PSNR(Y)=36.778, SSIM(Y)=0.9716
Set5/16ch: PSNR(Y)=37.074, SSIM(Y)=0.9566
Set14/16ch: PSNR(Y)=32.742, SSIM(Y)=0.9090
B100/16ch: PSNR(Y)=31.520, SSIM(Y)=0.8910
U100/16ch: PSNR(Y)=29.852, SSIM(Y)=0.9021
M109/16ch: PSNR(Y)=36.282, SSIM(Y)=0.9697
Model saved! Best loss: 0.025034
Epoch 162/180: Training loss=0.019892, lr=1.61e-04
Epoch 162/180: Validation combined_loss=0.025035
Validation configuration losses: 32ch=0.024635, 16ch=0.025434
Set5/32ch: PSNR(Y)=37.321, SSIM(Y)=0.9577
Set14/32ch: PSNR(Y)=32.901, SSIM(Y)=0.9107
B100/32ch: PSNR(Y)=31.676, SSIM(Y)=0.8930
U100/32ch: PSNR(Y)=30.304, SSIM(Y)=0.9079
M109/32ch: PSNR(Y)=36.777, SSIM(Y)=0.9717
Set5/16ch: PSNR(Y)=37.074, SSIM(Y)=0.9566
Set14/16ch: PSNR(Y)=32.742, SSIM(Y)=0.9090
B100/16ch: PSNR(Y)=31.521, SSIM(Y)=0.8910
U100/16ch: PSNR(Y)=29.852, SSIM(Y)=0.9021
M109/16ch: PSNR(Y)=36.281, SSIM(Y)=0.9697
Epoch 163/180: Training loss=0.019900, lr=1.53e-04
Epoch 163/180: Validation combined_loss=0.025034
Validation configuration losses: 32ch=0.024635, 16ch=0.025433
Set5/32ch: PSNR(Y)=37.319, SSIM(Y)=0.9577
Set14/32ch: PSNR(Y)=32.900, SSIM(Y)=0.9107
B100/32ch: PSNR(Y)=31.676, SSIM(Y)=0.8930
U100/32ch: PSNR(Y)=30.305, SSIM(Y)=0.9079
M109/32ch: PSNR(Y)=36.777, SSIM(Y)=0.9716
Set5/16ch: PSNR(Y)=37.073, SSIM(Y)=0.9566
Set14/16ch: PSNR(Y)=32.742, SSIM(Y)=0.9090
B100/16ch: PSNR(Y)=31.521, SSIM(Y)=0.8910
U100/16ch: PSNR(Y)=29.852, SSIM(Y)=0.9021
M109/16ch: PSNR(Y)=36.285, SSIM(Y)=0.9697
Model saved! Best loss: 0.025034
Epoch 164/180: Training loss=0.019896, lr=1.45e-04
Epoch 164/180: Validation combined_loss=0.025034
Validation configuration losses: 32ch=0.024634, 16ch=0.025433
Set5/32ch: PSNR(Y)=37.320, SSIM(Y)=0.9577
Set14/32ch: PSNR(Y)=32.901, SSIM(Y)=0.9107
B100/32ch: PSNR(Y)=31.676, SSIM(Y)=0.8930
U100/32ch: PSNR(Y)=30.304, SSIM(Y)=0.9079
M109/32ch: PSNR(Y)=36.782, SSIM(Y)=0.9717
Set5/16ch: PSNR(Y)=37.075, SSIM(Y)=0.9566
Set14/16ch: PSNR(Y)=32.742, SSIM(Y)=0.9090
B100/16ch: PSNR(Y)=31.521, SSIM(Y)=0.8910
U100/16ch: PSNR(Y)=29.852, SSIM(Y)=0.9021
M109/16ch: PSNR(Y)=36.286, SSIM(Y)=0.9697
Model saved! Best loss: 0.025034
Epoch 165/180: Training loss=0.019930, lr=1.38e-04
Epoch 165/180: Validation combined_loss=0.025034
Validation configuration losses: 32ch=0.024634, 16ch=0.025433
Set5/32ch: PSNR(Y)=37.320, SSIM(Y)=0.9577
Set14/32ch: PSNR(Y)=32.901, SSIM(Y)=0.9107
B100/32ch: PSNR(Y)=31.676, SSIM(Y)=0.8930
U100/32ch: PSNR(Y)=30.304, SSIM(Y)=0.9079
M109/32ch: PSNR(Y)=36.780, SSIM(Y)=0.9717
Set5/16ch: PSNR(Y)=37.075, SSIM(Y)=0.9566
Set14/16ch: PSNR(Y)=32.742, SSIM(Y)=0.9090
B100/16ch: PSNR(Y)=31.521, SSIM(Y)=0.8910
U100/16ch: PSNR(Y)=29.852, SSIM(Y)=0.9021
M109/16ch: PSNR(Y)=36.286, SSIM(Y)=0.9697
Epoch 166/180: Training loss=0.019903, lr=1.31e-04
Epoch 166/180: Validation combined_loss=0.025033
Validation configuration losses: 32ch=0.024632, 16ch=0.025433
Set5/32ch: PSNR(Y)=37.320, SSIM(Y)=0.9577
Set14/32ch: PSNR(Y)=32.901, SSIM(Y)=0.9107
B100/32ch: PSNR(Y)=31.677, SSIM(Y)=0.8930
U100/32ch: PSNR(Y)=30.306, SSIM(Y)=0.9079
M109/32ch: PSNR(Y)=36.778, SSIM(Y)=0.9717
Set5/16ch: PSNR(Y)=37.075, SSIM(Y)=0.9566
Set14/16ch: PSNR(Y)=32.742, SSIM(Y)=0.9090
B100/16ch: PSNR(Y)=31.521, SSIM(Y)=0.8910
U100/16ch: PSNR(Y)=29.853, SSIM(Y)=0.9021
M109/16ch: PSNR(Y)=36.282, SSIM(Y)=0.9697
Model saved! Best loss: 0.025033
Epoch 167/180: Training loss=0.019880, lr=1.24e-04
Epoch 167/180: Validation combined_loss=0.025033
Validation configuration losses: 32ch=0.024632, 16ch=0.025433
Set5/32ch: PSNR(Y)=37.321, SSIM(Y)=0.9577
Set14/32ch: PSNR(Y)=32.900, SSIM(Y)=0.9107
B100/32ch: PSNR(Y)=31.676, SSIM(Y)=0.8930
U100/32ch: PSNR(Y)=30.304, SSIM(Y)=0.9079
M109/32ch: PSNR(Y)=36.785, SSIM(Y)=0.9717
Set5/16ch: PSNR(Y)=37.076, SSIM(Y)=0.9566
Set14/16ch: PSNR(Y)=32.743, SSIM(Y)=0.9090
B100/16ch: PSNR(Y)=31.520, SSIM(Y)=0.8910
U100/16ch: PSNR(Y)=29.851, SSIM(Y)=0.9021
M109/16ch: PSNR(Y)=36.287, SSIM(Y)=0.9697
Model saved! Best loss: 0.025033
Epoch 168/180: Training loss=0.019902, lr=1.18e-04
Epoch 168/180: Validation combined_loss=0.025033
Validation configuration losses: 32ch=0.024634, 16ch=0.025432
Set5/32ch: PSNR(Y)=37.322, SSIM(Y)=0.9577
Set14/32ch: PSNR(Y)=32.899, SSIM(Y)=0.9107
B100/32ch: PSNR(Y)=31.676, SSIM(Y)=0.8930
U100/32ch: PSNR(Y)=30.303, SSIM(Y)=0.9079
M109/32ch: PSNR(Y)=36.785, SSIM(Y)=0.9717
Set5/16ch: PSNR(Y)=37.075, SSIM(Y)=0.9566
Set14/16ch: PSNR(Y)=32.743, SSIM(Y)=0.9090
B100/16ch: PSNR(Y)=31.521, SSIM(Y)=0.8910
U100/16ch: PSNR(Y)=29.851, SSIM(Y)=0.9021
M109/16ch: PSNR(Y)=36.290, SSIM(Y)=0.9697
Epoch 169/180: Training loss=0.019932, lr=1.13e-04
Epoch 169/180: Validation combined_loss=0.025033
Validation configuration losses: 32ch=0.024634, 16ch=0.025433
Set5/32ch: PSNR(Y)=37.322, SSIM(Y)=0.9577
Set14/32ch: PSNR(Y)=32.901, SSIM(Y)=0.9106
B100/32ch: PSNR(Y)=31.676, SSIM(Y)=0.8930
U100/32ch: PSNR(Y)=30.304, SSIM(Y)=0.9079
M109/32ch: PSNR(Y)=36.785, SSIM(Y)=0.9717
Set5/16ch: PSNR(Y)=37.077, SSIM(Y)=0.9566
Set14/16ch: PSNR(Y)=32.743, SSIM(Y)=0.9090
B100/16ch: PSNR(Y)=31.521, SSIM(Y)=0.8910
U100/16ch: PSNR(Y)=29.851, SSIM(Y)=0.9021
M109/16ch: PSNR(Y)=36.288, SSIM(Y)=0.9697
Epoch 170/180: Training loss=0.020000, lr=1.07e-04
Epoch 170/180: Validation combined_loss=0.025031
Validation configuration losses: 32ch=0.024630, 16ch=0.025431
Set5/32ch: PSNR(Y)=37.323, SSIM(Y)=0.9577
Set14/32ch: PSNR(Y)=32.902, SSIM(Y)=0.9106
B100/32ch: PSNR(Y)=31.676, SSIM(Y)=0.8930
U100/32ch: PSNR(Y)=30.306, SSIM(Y)=0.9079
M109/32ch: PSNR(Y)=36.789, SSIM(Y)=0.9717
Set5/16ch: PSNR(Y)=37.075, SSIM(Y)=0.9566
Set14/16ch: PSNR(Y)=32.743, SSIM(Y)=0.9090
B100/16ch: PSNR(Y)=31.521, SSIM(Y)=0.8910
U100/16ch: PSNR(Y)=29.852, SSIM(Y)=0.9021
M109/16ch: PSNR(Y)=36.292, SSIM(Y)=0.9697
Model saved! Best loss: 0.025031
Epoch 171/180: Training loss=0.019918, lr=1.03e-04
Epoch 171/180: Validation combined_loss=0.025033
Validation configuration losses: 32ch=0.024634, 16ch=0.025433
Set5/32ch: PSNR(Y)=37.322, SSIM(Y)=0.9577
Set14/32ch: PSNR(Y)=32.903, SSIM(Y)=0.9107
B100/32ch: PSNR(Y)=31.676, SSIM(Y)=0.8930
U100/32ch: PSNR(Y)=30.305, SSIM(Y)=0.9079
M109/32ch: PSNR(Y)=36.781, SSIM(Y)=0.9717
Set5/16ch: PSNR(Y)=37.076, SSIM(Y)=0.9566
Set14/16ch: PSNR(Y)=32.744, SSIM(Y)=0.9090
B100/16ch: PSNR(Y)=31.521, SSIM(Y)=0.8910
U100/16ch: PSNR(Y)=29.852, SSIM(Y)=0.9021
M109/16ch: PSNR(Y)=36.287, SSIM(Y)=0.9697
Epoch 172/180: Training loss=0.019875, lr=9.84e-05
Epoch 172/180: Validation combined_loss=0.025033
Validation configuration losses: 32ch=0.024633, 16ch=0.025434
Set5/32ch: PSNR(Y)=37.322, SSIM(Y)=0.9577
Set14/32ch: PSNR(Y)=32.903, SSIM(Y)=0.9107
B100/32ch: PSNR(Y)=31.676, SSIM(Y)=0.8930
U100/32ch: PSNR(Y)=30.304, SSIM(Y)=0.9079
M109/32ch: PSNR(Y)=36.783, SSIM(Y)=0.9717
Set5/16ch: PSNR(Y)=37.075, SSIM(Y)=0.9566
Set14/16ch: PSNR(Y)=32.743, SSIM(Y)=0.9090
B100/16ch: PSNR(Y)=31.521, SSIM(Y)=0.8910
U100/16ch: PSNR(Y)=29.851, SSIM(Y)=0.9021
M109/16ch: PSNR(Y)=36.287, SSIM(Y)=0.9697
Epoch 173/180: Training loss=0.019939, lr=9.45e-05
Epoch 173/180: Validation combined_loss=0.025032
Validation configuration losses: 32ch=0.024632, 16ch=0.025431
Set5/32ch: PSNR(Y)=37.323, SSIM(Y)=0.9577
Set14/32ch: PSNR(Y)=32.902, SSIM(Y)=0.9107
B100/32ch: PSNR(Y)=31.676, SSIM(Y)=0.8930
U100/32ch: PSNR(Y)=30.304, SSIM(Y)=0.9079
M109/32ch: PSNR(Y)=36.783, SSIM(Y)=0.9717
Set5/16ch: PSNR(Y)=37.076, SSIM(Y)=0.9566
Set14/16ch: PSNR(Y)=32.743, SSIM(Y)=0.9090
B100/16ch: PSNR(Y)=31.521, SSIM(Y)=0.8910
U100/16ch: PSNR(Y)=29.852, SSIM(Y)=0.9021
M109/16ch: PSNR(Y)=36.289, SSIM(Y)=0.9697
Epoch 174/180: Training loss=0.019959, lr=9.11e-05
Epoch 174/180: Validation combined_loss=0.025032
Validation configuration losses: 32ch=0.024632, 16ch=0.025432
Set5/32ch: PSNR(Y)=37.322, SSIM(Y)=0.9577
Set14/32ch: PSNR(Y)=32.902, SSIM(Y)=0.9107
B100/32ch: PSNR(Y)=31.677, SSIM(Y)=0.8930
U100/32ch: PSNR(Y)=30.306, SSIM(Y)=0.9079
M109/32ch: PSNR(Y)=36.780, SSIM(Y)=0.9717
Set5/16ch: PSNR(Y)=37.074, SSIM(Y)=0.9566
Set14/16ch: PSNR(Y)=32.743, SSIM(Y)=0.9090
B100/16ch: PSNR(Y)=31.521, SSIM(Y)=0.8910
U100/16ch: PSNR(Y)=29.853, SSIM(Y)=0.9021
M109/16ch: PSNR(Y)=36.286, SSIM(Y)=0.9697
Epoch 175/180: Training loss=0.019915, lr=8.82e-05
Epoch 175/180: Validation combined_loss=0.025033
Validation configuration losses: 32ch=0.024633, 16ch=0.025433
Set5/32ch: PSNR(Y)=37.321, SSIM(Y)=0.9577
Set14/32ch: PSNR(Y)=32.900, SSIM(Y)=0.9107
B100/32ch: PSNR(Y)=31.677, SSIM(Y)=0.8930
U100/32ch: PSNR(Y)=30.306, SSIM(Y)=0.9079
M109/32ch: PSNR(Y)=36.777, SSIM(Y)=0.9717
Set5/16ch: PSNR(Y)=37.074, SSIM(Y)=0.9566
Set14/16ch: PSNR(Y)=32.742, SSIM(Y)=0.9090
B100/16ch: PSNR(Y)=31.521, SSIM(Y)=0.8910
U100/16ch: PSNR(Y)=29.853, SSIM(Y)=0.9021
M109/16ch: PSNR(Y)=36.283, SSIM(Y)=0.9697
Epoch 176/180: Training loss=0.019872, lr=8.57e-05
Epoch 176/180: Validation combined_loss=0.025033
Validation configuration losses: 32ch=0.024634, 16ch=0.025432
Set5/32ch: PSNR(Y)=37.322, SSIM(Y)=0.9577
Set14/32ch: PSNR(Y)=32.901, SSIM(Y)=0.9107
B100/32ch: PSNR(Y)=31.677, SSIM(Y)=0.8930
U100/32ch: PSNR(Y)=30.305, SSIM(Y)=0.9079
M109/32ch: PSNR(Y)=36.778, SSIM(Y)=0.9717
Set5/16ch: PSNR(Y)=37.072, SSIM(Y)=0.9565
Set14/16ch: PSNR(Y)=32.742, SSIM(Y)=0.9090
B100/16ch: PSNR(Y)=31.521, SSIM(Y)=0.8910
U100/16ch: PSNR(Y)=29.853, SSIM(Y)=0.9021
M109/16ch: PSNR(Y)=36.284, SSIM(Y)=0.9697
Epoch 177/180: Training loss=0.019869, lr=8.36e-05
Epoch 177/180: Validation combined_loss=0.025032
Validation configuration losses: 32ch=0.024633, 16ch=0.025432
Set5/32ch: PSNR(Y)=37.322, SSIM(Y)=0.9577
Set14/32ch: PSNR(Y)=32.902, SSIM(Y)=0.9107
B100/32ch: PSNR(Y)=31.677, SSIM(Y)=0.8930
U100/32ch: PSNR(Y)=30.304, SSIM(Y)=0.9079
M109/32ch: PSNR(Y)=36.779, SSIM(Y)=0.9717
Set5/16ch: PSNR(Y)=37.073, SSIM(Y)=0.9566
Set14/16ch: PSNR(Y)=32.742, SSIM(Y)=0.9090
B100/16ch: PSNR(Y)=31.521, SSIM(Y)=0.8910
U100/16ch: PSNR(Y)=29.853, SSIM(Y)=0.9021
M109/16ch: PSNR(Y)=36.284, SSIM(Y)=0.9697
Epoch 178/180: Training loss=0.019890, lr=8.20e-05
Epoch 178/180: Validation combined_loss=0.025032
Validation configuration losses: 32ch=0.024632, 16ch=0.025432
Set5/32ch: PSNR(Y)=37.324, SSIM(Y)=0.9577
Set14/32ch: PSNR(Y)=32.903, SSIM(Y)=0.9107
B100/32ch: PSNR(Y)=31.677, SSIM(Y)=0.8930
U100/32ch: PSNR(Y)=30.304, SSIM(Y)=0.9079
M109/32ch: PSNR(Y)=36.783, SSIM(Y)=0.9717
Set5/16ch: PSNR(Y)=37.073, SSIM(Y)=0.9566
Set14/16ch: PSNR(Y)=32.743, SSIM(Y)=0.9090
B100/16ch: PSNR(Y)=31.521, SSIM(Y)=0.8910
U100/16ch: PSNR(Y)=29.853, SSIM(Y)=0.9021
M109/16ch: PSNR(Y)=36.284, SSIM(Y)=0.9697
Epoch 179/180: Training loss=0.019892, lr=8.09e-05
Epoch 179/180: Validation combined_loss=0.025031
Validation configuration losses: 32ch=0.024631, 16ch=0.025431
Set5/32ch: PSNR(Y)=37.322, SSIM(Y)=0.9577
Set14/32ch: PSNR(Y)=32.901, SSIM(Y)=0.9107
B100/32ch: PSNR(Y)=31.676, SSIM(Y)=0.8930
U100/32ch: PSNR(Y)=30.305, SSIM(Y)=0.9079
M109/32ch: PSNR(Y)=36.782, SSIM(Y)=0.9717
Set5/16ch: PSNR(Y)=37.074, SSIM(Y)=0.9566
Set14/16ch: PSNR(Y)=32.742, SSIM(Y)=0.9090
B100/16ch: PSNR(Y)=31.521, SSIM(Y)=0.8910
U100/16ch: PSNR(Y)=29.853, SSIM(Y)=0.9021
M109/16ch: PSNR(Y)=36.285, SSIM(Y)=0.9697
Epoch 180/180: Training loss=0.019916, lr=8.02e-05
Epoch 180/180: Validation combined_loss=0.025031
Validation configuration losses: 32ch=0.024632, 16ch=0.025429
Set5/32ch: PSNR(Y)=37.320, SSIM(Y)=0.9577
Set14/32ch: PSNR(Y)=32.906, SSIM(Y)=0.9107
B100/32ch: PSNR(Y)=31.677, SSIM(Y)=0.8930
U100/32ch: PSNR(Y)=30.304, SSIM(Y)=0.9079
M109/32ch: PSNR(Y)=36.782, SSIM(Y)=0.9717
Set5/16ch: PSNR(Y)=37.074, SSIM(Y)=0.9566
Set14/16ch: PSNR(Y)=32.744, SSIM(Y)=0.9090
B100/16ch: PSNR(Y)=31.521, SSIM(Y)=0.8910
U100/16ch: PSNR(Y)=29.854, SSIM(Y)=0.9021
M109/16ch: PSNR(Y)=36.289, SSIM(Y)=0.9697
Model saved! Best loss: 0.025031
==================================================
Training Finished
==================================================
==================================================
Testing Best Model
==================================================
Set5/32ch: PSNR(Y)=37.320, SSIM(Y)=0.9577
Set14/32ch: PSNR(Y)=32.906, SSIM(Y)=0.9107
B100/32ch: PSNR(Y)=31.677, SSIM(Y)=0.8930
U100/32ch: PSNR(Y)=30.304, SSIM(Y)=0.9079
M109/32ch: PSNR(Y)=36.782, SSIM(Y)=0.9717
Set5/16ch: PSNR(Y)=37.074, SSIM(Y)=0.9566
Set14/16ch: PSNR(Y)=32.744, SSIM(Y)=0.9090
B100/16ch: PSNR(Y)=31.521, SSIM(Y)=0.8910
U100/16ch: PSNR(Y)=29.854, SSIM(Y)=0.9021
M109/16ch: PSNR(Y)=36.289, SSIM(Y)=0.9697
==================================================
Testing Bicubic Interpolation
==================================================
Set5: PSNR(Y)=33.977, SSIM(Y)=0.9330
Set14: PSNR(Y)=30.539, SSIM(Y)=0.8748
B100: PSNR(Y)=29.707, SSIM(Y)=0.8490
U100: PSNR(Y)=27.063, SSIM(Y)=0.8451
M109: PSNR(Y)=31.213, SSIM(Y)=0.9382
