使用设备: cuda
Full path: 32ch; subnet path: 16ch; blocks: 5
模型总参数量: 15,072
==================================================
Training Started
==================================================
实验名称: DPSR_x4_0804_1255
放大倍数: 4
批次大小: 64
学习率: 0.0025
最小学习率: 8e-05
训练轮数: 200
设备: cuda
模型参数数量: 15,072
训练批次: 1110
==================================================
Begin Training
Epoch 1/200: Training loss=0.039201, lr=3.00e-04
Epoch 1/200: Validation combined_loss=0.053993
Validation configuration losses: 32ch=0.053993, 16ch=0.053993
Set5/32ch: PSNR(Y)=28.638, SSIM(Y)=0.8129
Set14/32ch: PSNR(Y)=26.212, SSIM(Y)=0.7063
B100/32ch: PSNR(Y)=26.013, SSIM(Y)=0.6706
U100/32ch: PSNR(Y)=23.227, SSIM(Y)=0.6589
M109/32ch: PSNR(Y)=25.016, SSIM(Y)=0.7876
Set5/16ch: PSNR(Y)=28.638, SSIM(Y)=0.8129
Set14/16ch: PSNR(Y)=26.212, SSIM(Y)=0.7063
B100/16ch: PSNR(Y)=26.013, SSIM(Y)=0.6706
U100/16ch: PSNR(Y)=23.227, SSIM(Y)=0.6589
M109/16ch: PSNR(Y)=25.016, SSIM(Y)=0.7876
Model saved! Best loss: 0.053993
Epoch 2/200: Training loss=0.039137, lr=4.10e-04
Epoch 2/200: Validation combined_loss=0.053993
Validation configuration losses: 32ch=0.053993, 16ch=0.053993
Set5/32ch: PSNR(Y)=28.638, SSIM(Y)=0.8129
Set14/32ch: PSNR(Y)=26.212, SSIM(Y)=0.7063
B100/32ch: PSNR(Y)=26.013, SSIM(Y)=0.6706
U100/32ch: PSNR(Y)=23.227, SSIM(Y)=0.6589
M109/32ch: PSNR(Y)=25.016, SSIM(Y)=0.7876
Set5/16ch: PSNR(Y)=28.638, SSIM(Y)=0.8129
Set14/16ch: PSNR(Y)=26.212, SSIM(Y)=0.7063
B100/16ch: PSNR(Y)=26.013, SSIM(Y)=0.6706
U100/16ch: PSNR(Y)=23.227, SSIM(Y)=0.6589
M109/16ch: PSNR(Y)=25.016, SSIM(Y)=0.7876
Model saved! Best loss: 0.053993
Epoch 3/200: Training loss=0.039145, lr=5.20e-04
Epoch 3/200: Validation combined_loss=0.053993
Validation configuration losses: 32ch=0.053993, 16ch=0.053993
Set5/32ch: PSNR(Y)=28.638, SSIM(Y)=0.8129
Set14/32ch: PSNR(Y)=26.212, SSIM(Y)=0.7063
B100/32ch: PSNR(Y)=26.013, SSIM(Y)=0.6706
U100/32ch: PSNR(Y)=23.227, SSIM(Y)=0.6589
M109/32ch: PSNR(Y)=25.016, SSIM(Y)=0.7876
Set5/16ch: PSNR(Y)=28.638, SSIM(Y)=0.8129
Set14/16ch: PSNR(Y)=26.212, SSIM(Y)=0.7063
B100/16ch: PSNR(Y)=26.013, SSIM(Y)=0.6706
U100/16ch: PSNR(Y)=23.227, SSIM(Y)=0.6589
M109/16ch: PSNR(Y)=25.016, SSIM(Y)=0.7876
Model saved! Best loss: 0.053993
Epoch 4/200: Training loss=0.039199, lr=6.30e-04
Epoch 4/200: Validation combined_loss=0.053993
Validation configuration losses: 32ch=0.053993, 16ch=0.053993
Set5/32ch: PSNR(Y)=28.638, SSIM(Y)=0.8129
Set14/32ch: PSNR(Y)=26.212, SSIM(Y)=0.7063
B100/32ch: PSNR(Y)=26.013, SSIM(Y)=0.6706
U100/32ch: PSNR(Y)=23.227, SSIM(Y)=0.6589
M109/32ch: PSNR(Y)=25.016, SSIM(Y)=0.7876
Set5/16ch: PSNR(Y)=28.638, SSIM(Y)=0.8129
Set14/16ch: PSNR(Y)=26.212, SSIM(Y)=0.7063
B100/16ch: PSNR(Y)=26.013, SSIM(Y)=0.6706
U100/16ch: PSNR(Y)=23.227, SSIM(Y)=0.6589
M109/16ch: PSNR(Y)=25.016, SSIM(Y)=0.7876
Model saved! Best loss: 0.053993
Epoch 5/200: Training loss=0.039132, lr=7.40e-04
Epoch 5/200: Validation combined_loss=0.053977
Validation configuration losses: 32ch=0.053962, 16ch=0.053993
Set5/32ch: PSNR(Y)=28.640, SSIM(Y)=0.8129
Set14/32ch: PSNR(Y)=26.213, SSIM(Y)=0.7064
B100/32ch: PSNR(Y)=26.014, SSIM(Y)=0.6706
U100/32ch: PSNR(Y)=23.228, SSIM(Y)=0.6590
M109/32ch: PSNR(Y)=25.019, SSIM(Y)=0.7877
Set5/16ch: PSNR(Y)=28.638, SSIM(Y)=0.8129
Set14/16ch: PSNR(Y)=26.212, SSIM(Y)=0.7063
B100/16ch: PSNR(Y)=26.013, SSIM(Y)=0.6706
U100/16ch: PSNR(Y)=23.227, SSIM(Y)=0.6589
M109/16ch: PSNR(Y)=25.016, SSIM(Y)=0.7876
Model saved! Best loss: 0.053977
Epoch 6/200: Training loss=0.037116, lr=8.50e-04
Epoch 6/200: Validation combined_loss=0.052472
Validation configuration losses: 32ch=0.051849, 16ch=0.053095
Set5/32ch: PSNR(Y)=29.184, SSIM(Y)=0.8288
Set14/32ch: PSNR(Y)=26.611, SSIM(Y)=0.7212
B100/32ch: PSNR(Y)=26.296, SSIM(Y)=0.6834
U100/32ch: PSNR(Y)=23.593, SSIM(Y)=0.6788
M109/32ch: PSNR(Y)=25.610, SSIM(Y)=0.8073
Set5/16ch: PSNR(Y)=28.873, SSIM(Y)=0.8195
Set14/16ch: PSNR(Y)=26.374, SSIM(Y)=0.7124
B100/16ch: PSNR(Y)=26.129, SSIM(Y)=0.6757
U100/16ch: PSNR(Y)=23.378, SSIM(Y)=0.6672
M109/16ch: PSNR(Y)=25.262, SSIM(Y)=0.7958
Model saved! Best loss: 0.052472
Epoch 7/200: Training loss=0.036744, lr=9.60e-04
Epoch 7/200: Validation combined_loss=0.049553
Validation configuration losses: 32ch=0.049000, 16ch=0.050106
Set5/32ch: PSNR(Y)=30.024, SSIM(Y)=0.8518
Set14/32ch: PSNR(Y)=27.211, SSIM(Y)=0.7420
B100/32ch: PSNR(Y)=26.681, SSIM(Y)=0.7015
U100/32ch: PSNR(Y)=24.118, SSIM(Y)=0.7059
M109/32ch: PSNR(Y)=26.560, SSIM(Y)=0.8348
Set5/16ch: PSNR(Y)=29.748, SSIM(Y)=0.8442
Set14/16ch: PSNR(Y)=26.981, SSIM(Y)=0.7350
B100/16ch: PSNR(Y)=26.548, SSIM(Y)=0.6957
U100/16ch: PSNR(Y)=23.911, SSIM(Y)=0.6958
M109/16ch: PSNR(Y)=26.185, SSIM(Y)=0.8246
Model saved! Best loss: 0.049553
Epoch 8/200: Training loss=0.036558, lr=1.07e-03
Epoch 8/200: Validation combined_loss=0.048564
Validation configuration losses: 32ch=0.048119, 16ch=0.049010
Set5/32ch: PSNR(Y)=30.292, SSIM(Y)=0.8591
Set14/32ch: PSNR(Y)=27.416, SSIM(Y)=0.7485
B100/32ch: PSNR(Y)=26.806, SSIM(Y)=0.7074
U100/32ch: PSNR(Y)=24.307, SSIM(Y)=0.7149
M109/32ch: PSNR(Y)=26.936, SSIM(Y)=0.8437
Set5/16ch: PSNR(Y)=30.090, SSIM(Y)=0.8533
Set14/16ch: PSNR(Y)=27.237, SSIM(Y)=0.7437
B100/16ch: PSNR(Y)=26.708, SSIM(Y)=0.7037
U100/16ch: PSNR(Y)=24.135, SSIM(Y)=0.7071
M109/16ch: PSNR(Y)=26.616, SSIM(Y)=0.8356
Model saved! Best loss: 0.048564
Epoch 9/200: Training loss=0.036624, lr=1.18e-03
Epoch 9/200: Validation combined_loss=0.048244
Validation configuration losses: 32ch=0.047793, 16ch=0.048695
Set5/32ch: PSNR(Y)=30.381, SSIM(Y)=0.8616
Set14/32ch: PSNR(Y)=27.489, SSIM(Y)=0.7506
B100/32ch: PSNR(Y)=26.851, SSIM(Y)=0.7095
U100/32ch: PSNR(Y)=24.381, SSIM(Y)=0.7183
M109/32ch: PSNR(Y)=27.093, SSIM(Y)=0.8470
Set5/16ch: PSNR(Y)=30.186, SSIM(Y)=0.8560
Set14/16ch: PSNR(Y)=27.318, SSIM(Y)=0.7463
B100/16ch: PSNR(Y)=26.756, SSIM(Y)=0.7061
U100/16ch: PSNR(Y)=24.209, SSIM(Y)=0.7106
M109/16ch: PSNR(Y)=26.766, SSIM(Y)=0.8389
Model saved! Best loss: 0.048244
Epoch 10/200: Training loss=0.036523, lr=1.29e-03
Epoch 10/200: Validation combined_loss=0.048069
Validation configuration losses: 32ch=0.047587, 16ch=0.048550
Set5/32ch: PSNR(Y)=30.436, SSIM(Y)=0.8631
Set14/32ch: PSNR(Y)=27.529, SSIM(Y)=0.7518
B100/32ch: PSNR(Y)=26.877, SSIM(Y)=0.7106
U100/32ch: PSNR(Y)=24.426, SSIM(Y)=0.7202
M109/32ch: PSNR(Y)=27.191, SSIM(Y)=0.8490
Set5/16ch: PSNR(Y)=30.226, SSIM(Y)=0.8572
Set14/16ch: PSNR(Y)=27.355, SSIM(Y)=0.7474
B100/16ch: PSNR(Y)=26.777, SSIM(Y)=0.7071
U100/16ch: PSNR(Y)=24.244, SSIM(Y)=0.7123
M109/16ch: PSNR(Y)=26.840, SSIM(Y)=0.8404
Model saved! Best loss: 0.048069
Epoch 11/200: Training loss=0.036489, lr=1.40e-03
Epoch 11/200: Validation combined_loss=0.047944
Validation configuration losses: 32ch=0.047426, 16ch=0.048462
Set5/32ch: PSNR(Y)=30.481, SSIM(Y)=0.8643
Set14/32ch: PSNR(Y)=27.560, SSIM(Y)=0.7526
B100/32ch: PSNR(Y)=26.896, SSIM(Y)=0.7114
U100/32ch: PSNR(Y)=24.461, SSIM(Y)=0.7216
M109/32ch: PSNR(Y)=27.265, SSIM(Y)=0.8504
Set5/16ch: PSNR(Y)=30.248, SSIM(Y)=0.8579
Set14/16ch: PSNR(Y)=27.377, SSIM(Y)=0.7481
B100/16ch: PSNR(Y)=26.788, SSIM(Y)=0.7077
U100/16ch: PSNR(Y)=24.265, SSIM(Y)=0.7132
M109/16ch: PSNR(Y)=26.883, SSIM(Y)=0.8413
Model saved! Best loss: 0.047944
Epoch 12/200: Training loss=0.036472, lr=1.51e-03
Epoch 12/200: Validation combined_loss=0.047841
Validation configuration losses: 32ch=0.047288, 16ch=0.048394
Set5/32ch: PSNR(Y)=30.521, SSIM(Y)=0.8652
Set14/32ch: PSNR(Y)=27.583, SSIM(Y)=0.7532
B100/32ch: PSNR(Y)=26.910, SSIM(Y)=0.7120
U100/32ch: PSNR(Y)=24.487, SSIM(Y)=0.7228
M109/32ch: PSNR(Y)=27.325, SSIM(Y)=0.8517
Set5/16ch: PSNR(Y)=30.263, SSIM(Y)=0.8584
Set14/16ch: PSNR(Y)=27.393, SSIM(Y)=0.7485
B100/16ch: PSNR(Y)=26.796, SSIM(Y)=0.7080
U100/16ch: PSNR(Y)=24.281, SSIM(Y)=0.7139
M109/16ch: PSNR(Y)=26.915, SSIM(Y)=0.8420
Model saved! Best loss: 0.047841
Epoch 13/200: Training loss=0.036438, lr=1.62e-03
Epoch 13/200: Validation combined_loss=0.047749
Validation configuration losses: 32ch=0.047166, 16ch=0.048333
Set5/32ch: PSNR(Y)=30.557, SSIM(Y)=0.8659
Set14/32ch: PSNR(Y)=27.603, SSIM(Y)=0.7538
B100/32ch: PSNR(Y)=26.923, SSIM(Y)=0.7125
U100/32ch: PSNR(Y)=24.509, SSIM(Y)=0.7237
M109/32ch: PSNR(Y)=27.376, SSIM(Y)=0.8528
Set5/16ch: PSNR(Y)=30.280, SSIM(Y)=0.8588
Set14/16ch: PSNR(Y)=27.409, SSIM(Y)=0.7488
B100/16ch: PSNR(Y)=26.803, SSIM(Y)=0.7083
U100/16ch: PSNR(Y)=24.295, SSIM(Y)=0.7144
M109/16ch: PSNR(Y)=26.940, SSIM(Y)=0.8425
Model saved! Best loss: 0.047749
Epoch 14/200: Training loss=0.036412, lr=1.73e-03
Epoch 14/200: Validation combined_loss=0.047671
Validation configuration losses: 32ch=0.047066, 16ch=0.048277
Set5/32ch: PSNR(Y)=30.583, SSIM(Y)=0.8664
Set14/32ch: PSNR(Y)=27.617, SSIM(Y)=0.7542
B100/32ch: PSNR(Y)=26.932, SSIM(Y)=0.7129
U100/32ch: PSNR(Y)=24.526, SSIM(Y)=0.7245
M109/32ch: PSNR(Y)=27.416, SSIM(Y)=0.8536
Set5/16ch: PSNR(Y)=30.294, SSIM(Y)=0.8592
Set14/16ch: PSNR(Y)=27.423, SSIM(Y)=0.7491
B100/16ch: PSNR(Y)=26.809, SSIM(Y)=0.7086
U100/16ch: PSNR(Y)=24.306, SSIM(Y)=0.7149
M109/16ch: PSNR(Y)=26.960, SSIM(Y)=0.8430
Model saved! Best loss: 0.047671
Epoch 15/200: Training loss=0.036374, lr=1.84e-03
Epoch 15/200: Validation combined_loss=0.047596
Validation configuration losses: 32ch=0.046976, 16ch=0.048215
Set5/32ch: PSNR(Y)=30.609, SSIM(Y)=0.8669
Set14/32ch: PSNR(Y)=27.630, SSIM(Y)=0.7546
B100/32ch: PSNR(Y)=26.941, SSIM(Y)=0.7132
U100/32ch: PSNR(Y)=24.542, SSIM(Y)=0.7252
M109/32ch: PSNR(Y)=27.457, SSIM(Y)=0.8544
Set5/16ch: PSNR(Y)=30.313, SSIM(Y)=0.8597
Set14/16ch: PSNR(Y)=27.436, SSIM(Y)=0.7494
B100/16ch: PSNR(Y)=26.816, SSIM(Y)=0.7088
U100/16ch: PSNR(Y)=24.318, SSIM(Y)=0.7154
M109/16ch: PSNR(Y)=26.986, SSIM(Y)=0.8436
Model saved! Best loss: 0.047596
Epoch 16/200: Training loss=0.036415, lr=1.95e-03
Epoch 16/200: Validation combined_loss=0.047530
Validation configuration losses: 32ch=0.046908, 16ch=0.048153
Set5/32ch: PSNR(Y)=30.630, SSIM(Y)=0.8673
Set14/32ch: PSNR(Y)=27.642, SSIM(Y)=0.7549
B100/32ch: PSNR(Y)=26.949, SSIM(Y)=0.7135
U100/32ch: PSNR(Y)=24.555, SSIM(Y)=0.7257
M109/32ch: PSNR(Y)=27.489, SSIM(Y)=0.8551
Set5/16ch: PSNR(Y)=30.327, SSIM(Y)=0.8601
Set14/16ch: PSNR(Y)=27.447, SSIM(Y)=0.7497
B100/16ch: PSNR(Y)=26.823, SSIM(Y)=0.7091
U100/16ch: PSNR(Y)=24.330, SSIM(Y)=0.7159
M109/16ch: PSNR(Y)=27.014, SSIM(Y)=0.8442
Model saved! Best loss: 0.047530
Epoch 17/200: Training loss=0.036428, lr=2.06e-03
Epoch 17/200: Validation combined_loss=0.047467
Validation configuration losses: 32ch=0.046842, 16ch=0.048091
Set5/32ch: PSNR(Y)=30.653, SSIM(Y)=0.8677
Set14/32ch: PSNR(Y)=27.652, SSIM(Y)=0.7552
B100/32ch: PSNR(Y)=26.956, SSIM(Y)=0.7138
U100/32ch: PSNR(Y)=24.568, SSIM(Y)=0.7263
M109/32ch: PSNR(Y)=27.521, SSIM(Y)=0.8557
Set5/16ch: PSNR(Y)=30.339, SSIM(Y)=0.8604
Set14/16ch: PSNR(Y)=27.456, SSIM(Y)=0.7500
B100/16ch: PSNR(Y)=26.830, SSIM(Y)=0.7094
U100/16ch: PSNR(Y)=24.341, SSIM(Y)=0.7165
M109/16ch: PSNR(Y)=27.040, SSIM(Y)=0.8448
Model saved! Best loss: 0.047467
Epoch 18/200: Training loss=0.036322, lr=2.17e-03
Epoch 18/200: Validation combined_loss=0.047390
Validation configuration losses: 32ch=0.046751, 16ch=0.048030
Set5/32ch: PSNR(Y)=30.674, SSIM(Y)=0.8682
Set14/32ch: PSNR(Y)=27.665, SSIM(Y)=0.7557
B100/32ch: PSNR(Y)=26.964, SSIM(Y)=0.7141
U100/32ch: PSNR(Y)=24.584, SSIM(Y)=0.7270
M109/32ch: PSNR(Y)=27.571, SSIM(Y)=0.8567
Set5/16ch: PSNR(Y)=30.346, SSIM(Y)=0.8606
Set14/16ch: PSNR(Y)=27.462, SSIM(Y)=0.7503
B100/16ch: PSNR(Y)=26.835, SSIM(Y)=0.7096
U100/16ch: PSNR(Y)=24.350, SSIM(Y)=0.7170
M109/16ch: PSNR(Y)=27.067, SSIM(Y)=0.8454
Model saved! Best loss: 0.047390
Epoch 19/200: Training loss=0.036322, lr=2.28e-03
Epoch 19/200: Validation combined_loss=0.047317
Validation configuration losses: 32ch=0.046651, 16ch=0.047984
Set5/32ch: PSNR(Y)=30.694, SSIM(Y)=0.8686
Set14/32ch: PSNR(Y)=27.681, SSIM(Y)=0.7562
B100/32ch: PSNR(Y)=26.972, SSIM(Y)=0.7143
U100/32ch: PSNR(Y)=24.602, SSIM(Y)=0.7277
M109/32ch: PSNR(Y)=27.627, SSIM(Y)=0.8577
Set5/16ch: PSNR(Y)=30.352, SSIM(Y)=0.8607
Set14/16ch: PSNR(Y)=27.467, SSIM(Y)=0.7504
B100/16ch: PSNR(Y)=26.840, SSIM(Y)=0.7098
U100/16ch: PSNR(Y)=24.357, SSIM(Y)=0.7173
M109/16ch: PSNR(Y)=27.090, SSIM(Y)=0.8458
Model saved! Best loss: 0.047317
Epoch 20/200: Training loss=0.036331, lr=2.39e-03
Epoch 20/200: Validation combined_loss=0.047253
Validation configuration losses: 32ch=0.046564, 16ch=0.047942
Set5/32ch: PSNR(Y)=30.710, SSIM(Y)=0.8689
Set14/32ch: PSNR(Y)=27.696, SSIM(Y)=0.7565
B100/32ch: PSNR(Y)=26.979, SSIM(Y)=0.7146
U100/32ch: PSNR(Y)=24.618, SSIM(Y)=0.7283
M109/32ch: PSNR(Y)=27.673, SSIM(Y)=0.8585
Set5/16ch: PSNR(Y)=30.358, SSIM(Y)=0.8608
Set14/16ch: PSNR(Y)=27.471, SSIM(Y)=0.7505
B100/16ch: PSNR(Y)=26.844, SSIM(Y)=0.7099
U100/16ch: PSNR(Y)=24.363, SSIM(Y)=0.7176
M109/16ch: PSNR(Y)=27.110, SSIM(Y)=0.8462
Model saved! Best loss: 0.047253
Epoch 21/200: Training loss=0.036296, lr=2.50e-03
Epoch 21/200: Validation combined_loss=0.047201
Validation configuration losses: 32ch=0.046498, 16ch=0.047905
Set5/32ch: PSNR(Y)=30.716, SSIM(Y)=0.8690
Set14/32ch: PSNR(Y)=27.706, SSIM(Y)=0.7568
B100/32ch: PSNR(Y)=26.986, SSIM(Y)=0.7148
U100/32ch: PSNR(Y)=24.630, SSIM(Y)=0.7288
M109/32ch: PSNR(Y)=27.705, SSIM(Y)=0.8591
Set5/16ch: PSNR(Y)=30.362, SSIM(Y)=0.8608
Set14/16ch: PSNR(Y)=27.475, SSIM(Y)=0.7506
B100/16ch: PSNR(Y)=26.848, SSIM(Y)=0.7100
U100/16ch: PSNR(Y)=24.368, SSIM(Y)=0.7178
M109/16ch: PSNR(Y)=27.127, SSIM(Y)=0.8465
Model saved! Best loss: 0.047201
Epoch 22/200: Training loss=0.036308, lr=2.50e-03
Epoch 22/200: Validation combined_loss=0.047149
Validation configuration losses: 32ch=0.046437, 16ch=0.047861
Set5/32ch: PSNR(Y)=30.730, SSIM(Y)=0.8693
Set14/32ch: PSNR(Y)=27.714, SSIM(Y)=0.7570
B100/32ch: PSNR(Y)=26.992, SSIM(Y)=0.7149
U100/32ch: PSNR(Y)=24.641, SSIM(Y)=0.7293
M109/32ch: PSNR(Y)=27.737, SSIM(Y)=0.8597
Set5/16ch: PSNR(Y)=30.371, SSIM(Y)=0.8609
Set14/16ch: PSNR(Y)=27.481, SSIM(Y)=0.7508
B100/16ch: PSNR(Y)=26.853, SSIM(Y)=0.7101
U100/16ch: PSNR(Y)=24.375, SSIM(Y)=0.7181
M109/16ch: PSNR(Y)=27.149, SSIM(Y)=0.8469
Model saved! Best loss: 0.047149
Epoch 23/200: Training loss=0.036293, lr=2.50e-03
Epoch 23/200: Validation combined_loss=0.047102
Validation configuration losses: 32ch=0.046380, 16ch=0.047824
Set5/32ch: PSNR(Y)=30.743, SSIM(Y)=0.8697
Set14/32ch: PSNR(Y)=27.722, SSIM(Y)=0.7572
B100/32ch: PSNR(Y)=26.997, SSIM(Y)=0.7151
U100/32ch: PSNR(Y)=24.652, SSIM(Y)=0.7297
M109/32ch: PSNR(Y)=27.765, SSIM(Y)=0.8603
Set5/16ch: PSNR(Y)=30.375, SSIM(Y)=0.8610
Set14/16ch: PSNR(Y)=27.486, SSIM(Y)=0.7509
B100/16ch: PSNR(Y)=26.856, SSIM(Y)=0.7102
U100/16ch: PSNR(Y)=24.381, SSIM(Y)=0.7183
M109/16ch: PSNR(Y)=27.166, SSIM(Y)=0.8473
Model saved! Best loss: 0.047102
Epoch 24/200: Training loss=0.036260, lr=2.50e-03
Epoch 24/200: Validation combined_loss=0.047048
Validation configuration losses: 32ch=0.046316, 16ch=0.047780
Set5/32ch: PSNR(Y)=30.764, SSIM(Y)=0.8701
Set14/32ch: PSNR(Y)=27.732, SSIM(Y)=0.7574
B100/32ch: PSNR(Y)=27.002, SSIM(Y)=0.7153
U100/32ch: PSNR(Y)=24.661, SSIM(Y)=0.7302
M109/32ch: PSNR(Y)=27.802, SSIM(Y)=0.8611
Set5/16ch: PSNR(Y)=30.381, SSIM(Y)=0.8611
Set14/16ch: PSNR(Y)=27.492, SSIM(Y)=0.7510
B100/16ch: PSNR(Y)=26.860, SSIM(Y)=0.7103
U100/16ch: PSNR(Y)=24.388, SSIM(Y)=0.7186
M109/16ch: PSNR(Y)=27.187, SSIM(Y)=0.8477
Model saved! Best loss: 0.047048
Epoch 25/200: Training loss=0.036224, lr=2.50e-03
Epoch 25/200: Validation combined_loss=0.046992
Validation configuration losses: 32ch=0.046255, 16ch=0.047730
Set5/32ch: PSNR(Y)=30.789, SSIM(Y)=0.8705
Set14/32ch: PSNR(Y)=27.742, SSIM(Y)=0.7576
B100/32ch: PSNR(Y)=27.009, SSIM(Y)=0.7155
U100/32ch: PSNR(Y)=24.673, SSIM(Y)=0.7306
M109/32ch: PSNR(Y)=27.829, SSIM(Y)=0.8616
Set5/16ch: PSNR(Y)=30.392, SSIM(Y)=0.8615
Set14/16ch: PSNR(Y)=27.497, SSIM(Y)=0.7512
B100/16ch: PSNR(Y)=26.864, SSIM(Y)=0.7104
U100/16ch: PSNR(Y)=24.396, SSIM(Y)=0.7190
M109/16ch: PSNR(Y)=27.213, SSIM(Y)=0.8482
Model saved! Best loss: 0.046992
Epoch 26/200: Training loss=0.036226, lr=2.50e-03
Epoch 26/200: Validation combined_loss=0.046930
Validation configuration losses: 32ch=0.046200, 16ch=0.047661
Set5/32ch: PSNR(Y)=30.807, SSIM(Y)=0.8708
Set14/32ch: PSNR(Y)=27.753, SSIM(Y)=0.7579
B100/32ch: PSNR(Y)=27.015, SSIM(Y)=0.7157
U100/32ch: PSNR(Y)=24.682, SSIM(Y)=0.7311
M109/32ch: PSNR(Y)=27.855, SSIM(Y)=0.8621
Set5/16ch: PSNR(Y)=30.409, SSIM(Y)=0.8619
Set14/16ch: PSNR(Y)=27.504, SSIM(Y)=0.7514
B100/16ch: PSNR(Y)=26.868, SSIM(Y)=0.7106
U100/16ch: PSNR(Y)=24.408, SSIM(Y)=0.7195
M109/16ch: PSNR(Y)=27.253, SSIM(Y)=0.8490
Model saved! Best loss: 0.046930
Epoch 27/200: Training loss=0.036192, lr=2.49e-03
Epoch 27/200: Validation combined_loss=0.046878
Validation configuration losses: 32ch=0.046156, 16ch=0.047599
Set5/32ch: PSNR(Y)=30.820, SSIM(Y)=0.8710
Set14/32ch: PSNR(Y)=27.762, SSIM(Y)=0.7581
B100/32ch: PSNR(Y)=27.019, SSIM(Y)=0.7158
U100/32ch: PSNR(Y)=24.689, SSIM(Y)=0.7314
M109/32ch: PSNR(Y)=27.877, SSIM(Y)=0.8626
Set5/16ch: PSNR(Y)=30.417, SSIM(Y)=0.8620
Set14/16ch: PSNR(Y)=27.510, SSIM(Y)=0.7517
B100/16ch: PSNR(Y)=26.871, SSIM(Y)=0.7108
U100/16ch: PSNR(Y)=24.418, SSIM(Y)=0.7201
M109/16ch: PSNR(Y)=27.287, SSIM(Y)=0.8498
Model saved! Best loss: 0.046878
Epoch 28/200: Training loss=0.036197, lr=2.49e-03
Epoch 28/200: Validation combined_loss=0.046840
Validation configuration losses: 32ch=0.046116, 16ch=0.047564
Set5/32ch: PSNR(Y)=30.834, SSIM(Y)=0.8712
Set14/32ch: PSNR(Y)=27.773, SSIM(Y)=0.7583
B100/32ch: PSNR(Y)=27.024, SSIM(Y)=0.7160
U100/32ch: PSNR(Y)=24.697, SSIM(Y)=0.7317
M109/32ch: PSNR(Y)=27.896, SSIM(Y)=0.8630
Set5/16ch: PSNR(Y)=30.422, SSIM(Y)=0.8621
Set14/16ch: PSNR(Y)=27.514, SSIM(Y)=0.7519
B100/16ch: PSNR(Y)=26.875, SSIM(Y)=0.7110
U100/16ch: PSNR(Y)=24.426, SSIM(Y)=0.7204
M109/16ch: PSNR(Y)=27.307, SSIM(Y)=0.8501
Model saved! Best loss: 0.046840
Epoch 29/200: Training loss=0.036214, lr=2.49e-03
Epoch 29/200: Validation combined_loss=0.046805
Validation configuration losses: 32ch=0.046076, 16ch=0.047534
Set5/32ch: PSNR(Y)=30.851, SSIM(Y)=0.8715
Set14/32ch: PSNR(Y)=27.781, SSIM(Y)=0.7585
B100/32ch: PSNR(Y)=27.030, SSIM(Y)=0.7161
U100/32ch: PSNR(Y)=24.705, SSIM(Y)=0.7320
M109/32ch: PSNR(Y)=27.910, SSIM(Y)=0.8634
Set5/16ch: PSNR(Y)=30.424, SSIM(Y)=0.8622
Set14/16ch: PSNR(Y)=27.518, SSIM(Y)=0.7520
B100/16ch: PSNR(Y)=26.879, SSIM(Y)=0.7112
U100/16ch: PSNR(Y)=24.432, SSIM(Y)=0.7207
M109/16ch: PSNR(Y)=27.319, SSIM(Y)=0.8504
Model saved! Best loss: 0.046805
Epoch 30/200: Training loss=0.036167, lr=2.49e-03
Epoch 30/200: Validation combined_loss=0.046768
Validation configuration losses: 32ch=0.046037, 16ch=0.047499
Set5/32ch: PSNR(Y)=30.862, SSIM(Y)=0.8718
Set14/32ch: PSNR(Y)=27.787, SSIM(Y)=0.7586
B100/32ch: PSNR(Y)=27.035, SSIM(Y)=0.7163
U100/32ch: PSNR(Y)=24.714, SSIM(Y)=0.7324
M109/32ch: PSNR(Y)=27.926, SSIM(Y)=0.8638
Set5/16ch: PSNR(Y)=30.428, SSIM(Y)=0.8623
Set14/16ch: PSNR(Y)=27.523, SSIM(Y)=0.7522
B100/16ch: PSNR(Y)=26.882, SSIM(Y)=0.7113
U100/16ch: PSNR(Y)=24.440, SSIM(Y)=0.7210
M109/16ch: PSNR(Y)=27.334, SSIM(Y)=0.8508
Model saved! Best loss: 0.046768
Epoch 31/200: Training loss=0.036122, lr=2.48e-03
Epoch 31/200: Validation combined_loss=0.046742
Validation configuration losses: 32ch=0.046010, 16ch=0.047473
Set5/32ch: PSNR(Y)=30.878, SSIM(Y)=0.8721
Set14/32ch: PSNR(Y)=27.791, SSIM(Y)=0.7587
B100/32ch: PSNR(Y)=27.037, SSIM(Y)=0.7164
U100/32ch: PSNR(Y)=24.720, SSIM(Y)=0.7326
M109/32ch: PSNR(Y)=27.936, SSIM(Y)=0.8641
Set5/16ch: PSNR(Y)=30.435, SSIM(Y)=0.8625
Set14/16ch: PSNR(Y)=27.526, SSIM(Y)=0.7523
B100/16ch: PSNR(Y)=26.885, SSIM(Y)=0.7114
U100/16ch: PSNR(Y)=24.445, SSIM(Y)=0.7213
M109/16ch: PSNR(Y)=27.345, SSIM(Y)=0.8510
Model saved! Best loss: 0.046742
Epoch 32/200: Training loss=0.036167, lr=2.48e-03
Epoch 32/200: Validation combined_loss=0.046713
Validation configuration losses: 32ch=0.045982, 16ch=0.047444
Set5/32ch: PSNR(Y)=30.884, SSIM(Y)=0.8722
Set14/32ch: PSNR(Y)=27.794, SSIM(Y)=0.7588
B100/32ch: PSNR(Y)=27.040, SSIM(Y)=0.7165
U100/32ch: PSNR(Y)=24.724, SSIM(Y)=0.7328
M109/32ch: PSNR(Y)=27.949, SSIM(Y)=0.8644
Set5/16ch: PSNR(Y)=30.440, SSIM(Y)=0.8626
Set14/16ch: PSNR(Y)=27.530, SSIM(Y)=0.7525
B100/16ch: PSNR(Y)=26.888, SSIM(Y)=0.7115
U100/16ch: PSNR(Y)=24.450, SSIM(Y)=0.7215
M109/16ch: PSNR(Y)=27.358, SSIM(Y)=0.8513
Model saved! Best loss: 0.046713
Epoch 33/200: Training loss=0.036098, lr=2.47e-03
Epoch 33/200: Validation combined_loss=0.046690
Validation configuration losses: 32ch=0.045959, 16ch=0.047421
Set5/32ch: PSNR(Y)=30.890, SSIM(Y)=0.8724
Set14/32ch: PSNR(Y)=27.800, SSIM(Y)=0.7589
B100/32ch: PSNR(Y)=27.043, SSIM(Y)=0.7166
U100/32ch: PSNR(Y)=24.728, SSIM(Y)=0.7331
M109/32ch: PSNR(Y)=27.959, SSIM(Y)=0.8646
Set5/16ch: PSNR(Y)=30.444, SSIM(Y)=0.8627
Set14/16ch: PSNR(Y)=27.535, SSIM(Y)=0.7526
B100/16ch: PSNR(Y)=26.890, SSIM(Y)=0.7116
U100/16ch: PSNR(Y)=24.454, SSIM(Y)=0.7217
M109/16ch: PSNR(Y)=27.368, SSIM(Y)=0.8515
Model saved! Best loss: 0.046690
Epoch 34/200: Training loss=0.036101, lr=2.47e-03
Epoch 34/200: Validation combined_loss=0.046671
Validation configuration losses: 32ch=0.045941, 16ch=0.047400
Set5/32ch: PSNR(Y)=30.894, SSIM(Y)=0.8725
Set14/32ch: PSNR(Y)=27.803, SSIM(Y)=0.7591
B100/32ch: PSNR(Y)=27.044, SSIM(Y)=0.7166
U100/32ch: PSNR(Y)=24.732, SSIM(Y)=0.7333
M109/32ch: PSNR(Y)=27.967, SSIM(Y)=0.8648
Set5/16ch: PSNR(Y)=30.450, SSIM(Y)=0.8629
Set14/16ch: PSNR(Y)=27.538, SSIM(Y)=0.7527
B100/16ch: PSNR(Y)=26.893, SSIM(Y)=0.7117
U100/16ch: PSNR(Y)=24.458, SSIM(Y)=0.7218
M109/16ch: PSNR(Y)=27.379, SSIM(Y)=0.8517
Model saved! Best loss: 0.046671
Epoch 35/200: Training loss=0.036103, lr=2.46e-03
Epoch 35/200: Validation combined_loss=0.046647
Validation configuration losses: 32ch=0.045916, 16ch=0.047378
Set5/32ch: PSNR(Y)=30.898, SSIM(Y)=0.8726
Set14/32ch: PSNR(Y)=27.807, SSIM(Y)=0.7591
B100/32ch: PSNR(Y)=27.047, SSIM(Y)=0.7167
U100/32ch: PSNR(Y)=24.736, SSIM(Y)=0.7335
M109/32ch: PSNR(Y)=27.983, SSIM(Y)=0.8651
Set5/16ch: PSNR(Y)=30.456, SSIM(Y)=0.8630
Set14/16ch: PSNR(Y)=27.540, SSIM(Y)=0.7528
B100/16ch: PSNR(Y)=26.895, SSIM(Y)=0.7118
U100/16ch: PSNR(Y)=24.461, SSIM(Y)=0.7220
M109/16ch: PSNR(Y)=27.391, SSIM(Y)=0.8519
Model saved! Best loss: 0.046647
Epoch 36/200: Training loss=0.036108, lr=2.46e-03
Epoch 36/200: Validation combined_loss=0.046624
Validation configuration losses: 32ch=0.045891, 16ch=0.047357
Set5/32ch: PSNR(Y)=30.906, SSIM(Y)=0.8728
Set14/32ch: PSNR(Y)=27.811, SSIM(Y)=0.7593
B100/32ch: PSNR(Y)=27.050, SSIM(Y)=0.7168
U100/32ch: PSNR(Y)=24.740, SSIM(Y)=0.7337
M109/32ch: PSNR(Y)=27.995, SSIM(Y)=0.8654
Set5/16ch: PSNR(Y)=30.462, SSIM(Y)=0.8632
Set14/16ch: PSNR(Y)=27.543, SSIM(Y)=0.7529
B100/16ch: PSNR(Y)=26.897, SSIM(Y)=0.7118
U100/16ch: PSNR(Y)=24.464, SSIM(Y)=0.7221
M109/16ch: PSNR(Y)=27.401, SSIM(Y)=0.8521
Model saved! Best loss: 0.046624
Epoch 37/200: Training loss=0.036132, lr=2.45e-03
Epoch 37/200: Validation combined_loss=0.046603
Validation configuration losses: 32ch=0.045865, 16ch=0.047340
Set5/32ch: PSNR(Y)=30.914, SSIM(Y)=0.8730
Set14/32ch: PSNR(Y)=27.815, SSIM(Y)=0.7593
B100/32ch: PSNR(Y)=27.051, SSIM(Y)=0.7169
U100/32ch: PSNR(Y)=24.744, SSIM(Y)=0.7339
M109/32ch: PSNR(Y)=28.009, SSIM(Y)=0.8656
Set5/16ch: PSNR(Y)=30.468, SSIM(Y)=0.8633
Set14/16ch: PSNR(Y)=27.546, SSIM(Y)=0.7529
B100/16ch: PSNR(Y)=26.899, SSIM(Y)=0.7119
U100/16ch: PSNR(Y)=24.466, SSIM(Y)=0.7222
M109/16ch: PSNR(Y)=27.408, SSIM(Y)=0.8523
Model saved! Best loss: 0.046603
Epoch 38/200: Training loss=0.036124, lr=2.45e-03
Epoch 38/200: Validation combined_loss=0.046586
Validation configuration losses: 32ch=0.045845, 16ch=0.047327
Set5/32ch: PSNR(Y)=30.919, SSIM(Y)=0.8731
Set14/32ch: PSNR(Y)=27.820, SSIM(Y)=0.7594
B100/32ch: PSNR(Y)=27.054, SSIM(Y)=0.7169
U100/32ch: PSNR(Y)=24.748, SSIM(Y)=0.7340
M109/32ch: PSNR(Y)=28.018, SSIM(Y)=0.8658
Set5/16ch: PSNR(Y)=30.472, SSIM(Y)=0.8634
Set14/16ch: PSNR(Y)=27.549, SSIM(Y)=0.7530
B100/16ch: PSNR(Y)=26.900, SSIM(Y)=0.7119
U100/16ch: PSNR(Y)=24.467, SSIM(Y)=0.7223
M109/16ch: PSNR(Y)=27.414, SSIM(Y)=0.8524
Model saved! Best loss: 0.046586
Epoch 39/200: Training loss=0.036089, lr=2.44e-03
Epoch 39/200: Validation combined_loss=0.046570
Validation configuration losses: 32ch=0.045826, 16ch=0.047314
Set5/32ch: PSNR(Y)=30.921, SSIM(Y)=0.8731
Set14/32ch: PSNR(Y)=27.823, SSIM(Y)=0.7595
B100/32ch: PSNR(Y)=27.055, SSIM(Y)=0.7170
U100/32ch: PSNR(Y)=24.752, SSIM(Y)=0.7342
M109/32ch: PSNR(Y)=28.028, SSIM(Y)=0.8660
Set5/16ch: PSNR(Y)=30.476, SSIM(Y)=0.8635
Set14/16ch: PSNR(Y)=27.552, SSIM(Y)=0.7531
B100/16ch: PSNR(Y)=26.901, SSIM(Y)=0.7120
U100/16ch: PSNR(Y)=24.470, SSIM(Y)=0.7224
M109/16ch: PSNR(Y)=27.420, SSIM(Y)=0.8526
Model saved! Best loss: 0.046570
Epoch 40/200: Training loss=0.036042, lr=2.43e-03
Epoch 40/200: Validation combined_loss=0.046554
Validation configuration losses: 32ch=0.045803, 16ch=0.047305
Set5/32ch: PSNR(Y)=30.930, SSIM(Y)=0.8733
Set14/32ch: PSNR(Y)=27.827, SSIM(Y)=0.7596
B100/32ch: PSNR(Y)=27.057, SSIM(Y)=0.7170
U100/32ch: PSNR(Y)=24.757, SSIM(Y)=0.7344
M109/32ch: PSNR(Y)=28.039, SSIM(Y)=0.8662
Set5/16ch: PSNR(Y)=30.480, SSIM(Y)=0.8636
Set14/16ch: PSNR(Y)=27.553, SSIM(Y)=0.7532
B100/16ch: PSNR(Y)=26.902, SSIM(Y)=0.7120
U100/16ch: PSNR(Y)=24.471, SSIM(Y)=0.7224
M109/16ch: PSNR(Y)=27.423, SSIM(Y)=0.8526
Model saved! Best loss: 0.046554
Epoch 41/200: Training loss=0.036048, lr=2.43e-03
Epoch 41/200: Validation combined_loss=0.046533
Validation configuration losses: 32ch=0.045777, 16ch=0.047289
Set5/32ch: PSNR(Y)=30.935, SSIM(Y)=0.8734
Set14/32ch: PSNR(Y)=27.831, SSIM(Y)=0.7597
B100/32ch: PSNR(Y)=27.059, SSIM(Y)=0.7171
U100/32ch: PSNR(Y)=24.761, SSIM(Y)=0.7345
M109/32ch: PSNR(Y)=28.055, SSIM(Y)=0.8665
Set5/16ch: PSNR(Y)=30.482, SSIM(Y)=0.8637
Set14/16ch: PSNR(Y)=27.556, SSIM(Y)=0.7532
B100/16ch: PSNR(Y)=26.904, SSIM(Y)=0.7121
U100/16ch: PSNR(Y)=24.473, SSIM(Y)=0.7226
M109/16ch: PSNR(Y)=27.433, SSIM(Y)=0.8528
Model saved! Best loss: 0.046533
Epoch 42/200: Training loss=0.036082, lr=2.42e-03
Epoch 42/200: Validation combined_loss=0.046522
Validation configuration losses: 32ch=0.045765, 16ch=0.047280
Set5/32ch: PSNR(Y)=30.940, SSIM(Y)=0.8735
Set14/32ch: PSNR(Y)=27.835, SSIM(Y)=0.7597
B100/32ch: PSNR(Y)=27.061, SSIM(Y)=0.7171
U100/32ch: PSNR(Y)=24.765, SSIM(Y)=0.7346
M109/32ch: PSNR(Y)=28.058, SSIM(Y)=0.8666
Set5/16ch: PSNR(Y)=30.488, SSIM(Y)=0.8638
Set14/16ch: PSNR(Y)=27.558, SSIM(Y)=0.7533
B100/16ch: PSNR(Y)=26.905, SSIM(Y)=0.7121
U100/16ch: PSNR(Y)=24.475, SSIM(Y)=0.7226
M109/16ch: PSNR(Y)=27.437, SSIM(Y)=0.8529
Model saved! Best loss: 0.046522
Epoch 43/200: Training loss=0.036098, lr=2.41e-03
Epoch 43/200: Validation combined_loss=0.046516
Validation configuration losses: 32ch=0.045756, 16ch=0.047275
Set5/32ch: PSNR(Y)=30.945, SSIM(Y)=0.8736
Set14/32ch: PSNR(Y)=27.837, SSIM(Y)=0.7598
B100/32ch: PSNR(Y)=27.062, SSIM(Y)=0.7171
U100/32ch: PSNR(Y)=24.768, SSIM(Y)=0.7347
M109/32ch: PSNR(Y)=28.061, SSIM(Y)=0.8667
Set5/16ch: PSNR(Y)=30.491, SSIM(Y)=0.8639
Set14/16ch: PSNR(Y)=27.559, SSIM(Y)=0.7534
B100/16ch: PSNR(Y)=26.906, SSIM(Y)=0.7122
U100/16ch: PSNR(Y)=24.476, SSIM(Y)=0.7227
M109/16ch: PSNR(Y)=27.437, SSIM(Y)=0.8530
Model saved! Best loss: 0.046516
Epoch 44/200: Training loss=0.036057, lr=2.40e-03
Epoch 44/200: Validation combined_loss=0.046499
Validation configuration losses: 32ch=0.045738, 16ch=0.047260
Set5/32ch: PSNR(Y)=30.947, SSIM(Y)=0.8736
Set14/32ch: PSNR(Y)=27.840, SSIM(Y)=0.7598
B100/32ch: PSNR(Y)=27.064, SSIM(Y)=0.7172
U100/32ch: PSNR(Y)=24.772, SSIM(Y)=0.7349
M109/32ch: PSNR(Y)=28.071, SSIM(Y)=0.8669
Set5/16ch: PSNR(Y)=30.494, SSIM(Y)=0.8640
Set14/16ch: PSNR(Y)=27.561, SSIM(Y)=0.7534
B100/16ch: PSNR(Y)=26.908, SSIM(Y)=0.7122
U100/16ch: PSNR(Y)=24.478, SSIM(Y)=0.7227
M109/16ch: PSNR(Y)=27.445, SSIM(Y)=0.8531
Model saved! Best loss: 0.046499
Epoch 45/200: Training loss=0.036018, lr=2.40e-03
Epoch 45/200: Validation combined_loss=0.046490
Validation configuration losses: 32ch=0.045727, 16ch=0.047253
Set5/32ch: PSNR(Y)=30.951, SSIM(Y)=0.8736
Set14/32ch: PSNR(Y)=27.840, SSIM(Y)=0.7598
B100/32ch: PSNR(Y)=27.066, SSIM(Y)=0.7172
U100/32ch: PSNR(Y)=24.776, SSIM(Y)=0.7350
M109/32ch: PSNR(Y)=28.075, SSIM(Y)=0.8670
Set5/16ch: PSNR(Y)=30.495, SSIM(Y)=0.8640
Set14/16ch: PSNR(Y)=27.562, SSIM(Y)=0.7535
B100/16ch: PSNR(Y)=26.909, SSIM(Y)=0.7122
U100/16ch: PSNR(Y)=24.480, SSIM(Y)=0.7228
M109/16ch: PSNR(Y)=27.447, SSIM(Y)=0.8532
Model saved! Best loss: 0.046490
Epoch 46/200: Training loss=0.036013, lr=2.39e-03
Epoch 46/200: Validation combined_loss=0.046474
Validation configuration losses: 32ch=0.045707, 16ch=0.047241
Set5/32ch: PSNR(Y)=30.957, SSIM(Y)=0.8737
Set14/32ch: PSNR(Y)=27.843, SSIM(Y)=0.7599
B100/32ch: PSNR(Y)=27.068, SSIM(Y)=0.7173
U100/32ch: PSNR(Y)=24.778, SSIM(Y)=0.7351
M109/32ch: PSNR(Y)=28.086, SSIM(Y)=0.8672
Set5/16ch: PSNR(Y)=30.497, SSIM(Y)=0.8641
Set14/16ch: PSNR(Y)=27.564, SSIM(Y)=0.7535
B100/16ch: PSNR(Y)=26.910, SSIM(Y)=0.7123
U100/16ch: PSNR(Y)=24.482, SSIM(Y)=0.7229
M109/16ch: PSNR(Y)=27.453, SSIM(Y)=0.8533
Model saved! Best loss: 0.046474
Epoch 47/200: Training loss=0.036021, lr=2.38e-03
Epoch 47/200: Validation combined_loss=0.046462
Validation configuration losses: 32ch=0.045693, 16ch=0.047231
Set5/32ch: PSNR(Y)=30.958, SSIM(Y)=0.8738
Set14/32ch: PSNR(Y)=27.848, SSIM(Y)=0.7600
B100/32ch: PSNR(Y)=27.069, SSIM(Y)=0.7173
U100/32ch: PSNR(Y)=24.781, SSIM(Y)=0.7352
M109/32ch: PSNR(Y)=28.093, SSIM(Y)=0.8674
Set5/16ch: PSNR(Y)=30.502, SSIM(Y)=0.8642
Set14/16ch: PSNR(Y)=27.567, SSIM(Y)=0.7536
B100/16ch: PSNR(Y)=26.911, SSIM(Y)=0.7123
U100/16ch: PSNR(Y)=24.483, SSIM(Y)=0.7229
M109/16ch: PSNR(Y)=27.458, SSIM(Y)=0.8534
Model saved! Best loss: 0.046462
Epoch 48/200: Training loss=0.036050, lr=2.37e-03
Epoch 48/200: Validation combined_loss=0.046452
Validation configuration losses: 32ch=0.045682, 16ch=0.047222
Set5/32ch: PSNR(Y)=30.961, SSIM(Y)=0.8739
Set14/32ch: PSNR(Y)=27.851, SSIM(Y)=0.7601
B100/32ch: PSNR(Y)=27.071, SSIM(Y)=0.7174
U100/32ch: PSNR(Y)=24.784, SSIM(Y)=0.7354
M109/32ch: PSNR(Y)=28.097, SSIM(Y)=0.8675
Set5/16ch: PSNR(Y)=30.505, SSIM(Y)=0.8643
Set14/16ch: PSNR(Y)=27.569, SSIM(Y)=0.7536
B100/16ch: PSNR(Y)=26.912, SSIM(Y)=0.7123
U100/16ch: PSNR(Y)=24.484, SSIM(Y)=0.7230
M109/16ch: PSNR(Y)=27.463, SSIM(Y)=0.8535
Model saved! Best loss: 0.046452
Epoch 49/200: Training loss=0.036022, lr=2.36e-03
Epoch 49/200: Validation combined_loss=0.046439
Validation configuration losses: 32ch=0.045667, 16ch=0.047211
Set5/32ch: PSNR(Y)=30.964, SSIM(Y)=0.8739
Set14/32ch: PSNR(Y)=27.852, SSIM(Y)=0.7601
B100/32ch: PSNR(Y)=27.073, SSIM(Y)=0.7175
U100/32ch: PSNR(Y)=24.786, SSIM(Y)=0.7355
M109/32ch: PSNR(Y)=28.105, SSIM(Y)=0.8676
Set5/16ch: PSNR(Y)=30.506, SSIM(Y)=0.8643
Set14/16ch: PSNR(Y)=27.571, SSIM(Y)=0.7537
B100/16ch: PSNR(Y)=26.913, SSIM(Y)=0.7124
U100/16ch: PSNR(Y)=24.486, SSIM(Y)=0.7231
M109/16ch: PSNR(Y)=27.467, SSIM(Y)=0.8537
Model saved! Best loss: 0.046439
Epoch 50/200: Training loss=0.036015, lr=2.35e-03
Epoch 50/200: Validation combined_loss=0.046430
Validation configuration losses: 32ch=0.045656, 16ch=0.047204
Set5/32ch: PSNR(Y)=30.967, SSIM(Y)=0.8740
Set14/32ch: PSNR(Y)=27.853, SSIM(Y)=0.7601
B100/32ch: PSNR(Y)=27.074, SSIM(Y)=0.7175
U100/32ch: PSNR(Y)=24.788, SSIM(Y)=0.7356
M109/32ch: PSNR(Y)=28.110, SSIM(Y)=0.8677
Set5/16ch: PSNR(Y)=30.510, SSIM(Y)=0.8644
Set14/16ch: PSNR(Y)=27.572, SSIM(Y)=0.7537
B100/16ch: PSNR(Y)=26.914, SSIM(Y)=0.7124
U100/16ch: PSNR(Y)=24.487, SSIM(Y)=0.7231
M109/16ch: PSNR(Y)=27.470, SSIM(Y)=0.8537
Model saved! Best loss: 0.046430
Epoch 51/200: Training loss=0.035974, lr=2.34e-03
Epoch 51/200: Validation combined_loss=0.046420
Validation configuration losses: 32ch=0.045643, 16ch=0.047198
Set5/32ch: PSNR(Y)=30.972, SSIM(Y)=0.8741
Set14/32ch: PSNR(Y)=27.856, SSIM(Y)=0.7602
B100/32ch: PSNR(Y)=27.075, SSIM(Y)=0.7176
U100/32ch: PSNR(Y)=24.790, SSIM(Y)=0.7357
M109/32ch: PSNR(Y)=28.118, SSIM(Y)=0.8679
Set5/16ch: PSNR(Y)=30.514, SSIM(Y)=0.8644
Set14/16ch: PSNR(Y)=27.573, SSIM(Y)=0.7537
B100/16ch: PSNR(Y)=26.915, SSIM(Y)=0.7124
U100/16ch: PSNR(Y)=24.487, SSIM(Y)=0.7232
M109/16ch: PSNR(Y)=27.474, SSIM(Y)=0.8538
Model saved! Best loss: 0.046420
Epoch 52/200: Training loss=0.035988, lr=2.33e-03
Epoch 52/200: Validation combined_loss=0.046409
Validation configuration losses: 32ch=0.045627, 16ch=0.047190
Set5/32ch: PSNR(Y)=30.974, SSIM(Y)=0.8742
Set14/32ch: PSNR(Y)=27.860, SSIM(Y)=0.7602
B100/32ch: PSNR(Y)=27.077, SSIM(Y)=0.7176
U100/32ch: PSNR(Y)=24.793, SSIM(Y)=0.7358
M109/32ch: PSNR(Y)=28.124, SSIM(Y)=0.8681
Set5/16ch: PSNR(Y)=30.517, SSIM(Y)=0.8645
Set14/16ch: PSNR(Y)=27.574, SSIM(Y)=0.7537
B100/16ch: PSNR(Y)=26.916, SSIM(Y)=0.7125
U100/16ch: PSNR(Y)=24.488, SSIM(Y)=0.7232
M109/16ch: PSNR(Y)=27.477, SSIM(Y)=0.8539
Model saved! Best loss: 0.046409
Epoch 53/200: Training loss=0.035995, lr=2.32e-03
Epoch 53/200: Validation combined_loss=0.046401
Validation configuration losses: 32ch=0.045617, 16ch=0.047185
Set5/32ch: PSNR(Y)=30.979, SSIM(Y)=0.8743
Set14/32ch: PSNR(Y)=27.862, SSIM(Y)=0.7603
B100/32ch: PSNR(Y)=27.078, SSIM(Y)=0.7176
U100/32ch: PSNR(Y)=24.794, SSIM(Y)=0.7359
M109/32ch: PSNR(Y)=28.129, SSIM(Y)=0.8681
Set5/16ch: PSNR(Y)=30.519, SSIM(Y)=0.8645
Set14/16ch: PSNR(Y)=27.575, SSIM(Y)=0.7538
B100/16ch: PSNR(Y)=26.917, SSIM(Y)=0.7125
U100/16ch: PSNR(Y)=24.488, SSIM(Y)=0.7233
M109/16ch: PSNR(Y)=27.480, SSIM(Y)=0.8540
Model saved! Best loss: 0.046401
Epoch 54/200: Training loss=0.035979, lr=2.30e-03
Epoch 54/200: Validation combined_loss=0.046392
Validation configuration losses: 32ch=0.045606, 16ch=0.047177
Set5/32ch: PSNR(Y)=30.978, SSIM(Y)=0.8743
Set14/32ch: PSNR(Y)=27.862, SSIM(Y)=0.7603
B100/32ch: PSNR(Y)=27.079, SSIM(Y)=0.7177
U100/32ch: PSNR(Y)=24.796, SSIM(Y)=0.7360
M109/32ch: PSNR(Y)=28.135, SSIM(Y)=0.8683
Set5/16ch: PSNR(Y)=30.519, SSIM(Y)=0.8646
Set14/16ch: PSNR(Y)=27.576, SSIM(Y)=0.7538
B100/16ch: PSNR(Y)=26.917, SSIM(Y)=0.7125
U100/16ch: PSNR(Y)=24.489, SSIM(Y)=0.7233
M109/16ch: PSNR(Y)=27.484, SSIM(Y)=0.8541
Model saved! Best loss: 0.046392
Epoch 55/200: Training loss=0.035944, lr=2.29e-03
Epoch 55/200: Validation combined_loss=0.046382
Validation configuration losses: 32ch=0.045593, 16ch=0.047171
Set5/32ch: PSNR(Y)=30.980, SSIM(Y)=0.8744
Set14/32ch: PSNR(Y)=27.865, SSIM(Y)=0.7604
B100/32ch: PSNR(Y)=27.079, SSIM(Y)=0.7177
U100/32ch: PSNR(Y)=24.798, SSIM(Y)=0.7361
M109/32ch: PSNR(Y)=28.142, SSIM(Y)=0.8684
Set5/16ch: PSNR(Y)=30.522, SSIM(Y)=0.8647
Set14/16ch: PSNR(Y)=27.578, SSIM(Y)=0.7538
B100/16ch: PSNR(Y)=26.918, SSIM(Y)=0.7126
U100/16ch: PSNR(Y)=24.490, SSIM(Y)=0.7234
M109/16ch: PSNR(Y)=27.488, SSIM(Y)=0.8542
Model saved! Best loss: 0.046382
Epoch 56/200: Training loss=0.036018, lr=2.28e-03
Epoch 56/200: Validation combined_loss=0.046376
Validation configuration losses: 32ch=0.045586, 16ch=0.047165
Set5/32ch: PSNR(Y)=30.979, SSIM(Y)=0.8743
Set14/32ch: PSNR(Y)=27.866, SSIM(Y)=0.7604
B100/32ch: PSNR(Y)=27.080, SSIM(Y)=0.7177
U100/32ch: PSNR(Y)=24.800, SSIM(Y)=0.7361
M109/32ch: PSNR(Y)=28.143, SSIM(Y)=0.8685
Set5/16ch: PSNR(Y)=30.524, SSIM(Y)=0.8647
Set14/16ch: PSNR(Y)=27.579, SSIM(Y)=0.7538
B100/16ch: PSNR(Y)=26.919, SSIM(Y)=0.7126
U100/16ch: PSNR(Y)=24.491, SSIM(Y)=0.7234
M109/16ch: PSNR(Y)=27.490, SSIM(Y)=0.8543
Model saved! Best loss: 0.046376
Epoch 57/200: Training loss=0.036025, lr=2.27e-03
Epoch 57/200: Validation combined_loss=0.046365
Validation configuration losses: 32ch=0.045571, 16ch=0.047159
Set5/32ch: PSNR(Y)=30.980, SSIM(Y)=0.8743
Set14/32ch: PSNR(Y)=27.867, SSIM(Y)=0.7604
B100/32ch: PSNR(Y)=27.081, SSIM(Y)=0.7178
U100/32ch: PSNR(Y)=24.803, SSIM(Y)=0.7362
M109/32ch: PSNR(Y)=28.150, SSIM(Y)=0.8686
Set5/16ch: PSNR(Y)=30.522, SSIM(Y)=0.8647
Set14/16ch: PSNR(Y)=27.580, SSIM(Y)=0.7539
B100/16ch: PSNR(Y)=26.919, SSIM(Y)=0.7126
U100/16ch: PSNR(Y)=24.492, SSIM(Y)=0.7234
M109/16ch: PSNR(Y)=27.492, SSIM(Y)=0.8543
Model saved! Best loss: 0.046365
Epoch 58/200: Training loss=0.036008, lr=2.26e-03
Epoch 58/200: Validation combined_loss=0.046357
Validation configuration losses: 32ch=0.045564, 16ch=0.047151
Set5/32ch: PSNR(Y)=30.983, SSIM(Y)=0.8744
Set14/32ch: PSNR(Y)=27.869, SSIM(Y)=0.7605
B100/32ch: PSNR(Y)=27.081, SSIM(Y)=0.7178
U100/32ch: PSNR(Y)=24.805, SSIM(Y)=0.7363
M109/32ch: PSNR(Y)=28.154, SSIM(Y)=0.8687
Set5/16ch: PSNR(Y)=30.525, SSIM(Y)=0.8648
Set14/16ch: PSNR(Y)=27.581, SSIM(Y)=0.7539
B100/16ch: PSNR(Y)=26.920, SSIM(Y)=0.7126
U100/16ch: PSNR(Y)=24.493, SSIM(Y)=0.7235
M109/16ch: PSNR(Y)=27.497, SSIM(Y)=0.8544
Model saved! Best loss: 0.046357
Epoch 59/200: Training loss=0.036053, lr=2.24e-03
Epoch 59/200: Validation combined_loss=0.046348
Validation configuration losses: 32ch=0.045552, 16ch=0.047145
Set5/32ch: PSNR(Y)=30.983, SSIM(Y)=0.8744
Set14/32ch: PSNR(Y)=27.870, SSIM(Y)=0.7605
B100/32ch: PSNR(Y)=27.082, SSIM(Y)=0.7178
U100/32ch: PSNR(Y)=24.807, SSIM(Y)=0.7364
M109/32ch: PSNR(Y)=28.159, SSIM(Y)=0.8688
Set5/16ch: PSNR(Y)=30.526, SSIM(Y)=0.8648
Set14/16ch: PSNR(Y)=27.581, SSIM(Y)=0.7539
B100/16ch: PSNR(Y)=26.920, SSIM(Y)=0.7126
U100/16ch: PSNR(Y)=24.493, SSIM(Y)=0.7235
M109/16ch: PSNR(Y)=27.499, SSIM(Y)=0.8545
Model saved! Best loss: 0.046348
Epoch 60/200: Training loss=0.035984, lr=2.23e-03
Epoch 60/200: Validation combined_loss=0.046345
Validation configuration losses: 32ch=0.045548, 16ch=0.047142
Set5/32ch: PSNR(Y)=30.986, SSIM(Y)=0.8745
Set14/32ch: PSNR(Y)=27.872, SSIM(Y)=0.7606
B100/32ch: PSNR(Y)=27.082, SSIM(Y)=0.7178
U100/32ch: PSNR(Y)=24.808, SSIM(Y)=0.7365
M109/32ch: PSNR(Y)=28.161, SSIM(Y)=0.8689
Set5/16ch: PSNR(Y)=30.531, SSIM(Y)=0.8649
Set14/16ch: PSNR(Y)=27.582, SSIM(Y)=0.7540
B100/16ch: PSNR(Y)=26.920, SSIM(Y)=0.7127
U100/16ch: PSNR(Y)=24.493, SSIM(Y)=0.7235
M109/16ch: PSNR(Y)=27.501, SSIM(Y)=0.8546
Model saved! Best loss: 0.046345
Epoch 61/200: Training loss=0.035954, lr=2.22e-03
Epoch 61/200: Validation combined_loss=0.046339
Validation configuration losses: 32ch=0.045542, 16ch=0.047137
Set5/32ch: PSNR(Y)=30.989, SSIM(Y)=0.8745
Set14/32ch: PSNR(Y)=27.874, SSIM(Y)=0.7606
B100/32ch: PSNR(Y)=27.082, SSIM(Y)=0.7179
U100/32ch: PSNR(Y)=24.809, SSIM(Y)=0.7365
M109/32ch: PSNR(Y)=28.165, SSIM(Y)=0.8689
Set5/16ch: PSNR(Y)=30.532, SSIM(Y)=0.8649
Set14/16ch: PSNR(Y)=27.582, SSIM(Y)=0.7539
B100/16ch: PSNR(Y)=26.921, SSIM(Y)=0.7127
U100/16ch: PSNR(Y)=24.493, SSIM(Y)=0.7236
M109/16ch: PSNR(Y)=27.505, SSIM(Y)=0.8546
Model saved! Best loss: 0.046339
Epoch 62/200: Training loss=0.036009, lr=2.20e-03
Epoch 62/200: Validation combined_loss=0.046331
Validation configuration losses: 32ch=0.045535, 16ch=0.047128
Set5/32ch: PSNR(Y)=30.994, SSIM(Y)=0.8745
Set14/32ch: PSNR(Y)=27.876, SSIM(Y)=0.7607
B100/32ch: PSNR(Y)=27.083, SSIM(Y)=0.7179
U100/32ch: PSNR(Y)=24.810, SSIM(Y)=0.7365
M109/32ch: PSNR(Y)=28.168, SSIM(Y)=0.8690
Set5/16ch: PSNR(Y)=30.531, SSIM(Y)=0.8649
Set14/16ch: PSNR(Y)=27.583, SSIM(Y)=0.7540
B100/16ch: PSNR(Y)=26.921, SSIM(Y)=0.7127
U100/16ch: PSNR(Y)=24.495, SSIM(Y)=0.7236
M109/16ch: PSNR(Y)=27.510, SSIM(Y)=0.8547
Model saved! Best loss: 0.046331
Epoch 63/200: Training loss=0.035958, lr=2.19e-03
Epoch 63/200: Validation combined_loss=0.046323
Validation configuration losses: 32ch=0.045525, 16ch=0.047122
Set5/32ch: PSNR(Y)=30.998, SSIM(Y)=0.8747
Set14/32ch: PSNR(Y)=27.877, SSIM(Y)=0.7607
B100/32ch: PSNR(Y)=27.083, SSIM(Y)=0.7179
U100/32ch: PSNR(Y)=24.812, SSIM(Y)=0.7366
M109/32ch: PSNR(Y)=28.172, SSIM(Y)=0.8690
Set5/16ch: PSNR(Y)=30.531, SSIM(Y)=0.8650
Set14/16ch: PSNR(Y)=27.584, SSIM(Y)=0.7540
B100/16ch: PSNR(Y)=26.922, SSIM(Y)=0.7127
U100/16ch: PSNR(Y)=24.496, SSIM(Y)=0.7237
M109/16ch: PSNR(Y)=27.512, SSIM(Y)=0.8548
Model saved! Best loss: 0.046323
Epoch 64/200: Training loss=0.035981, lr=2.17e-03
Epoch 64/200: Validation combined_loss=0.046319
Validation configuration losses: 32ch=0.045518, 16ch=0.047120
Set5/32ch: PSNR(Y)=30.999, SSIM(Y)=0.8747
Set14/32ch: PSNR(Y)=27.878, SSIM(Y)=0.7607
B100/32ch: PSNR(Y)=27.084, SSIM(Y)=0.7179
U100/32ch: PSNR(Y)=24.813, SSIM(Y)=0.7367
M109/32ch: PSNR(Y)=28.174, SSIM(Y)=0.8691
Set5/16ch: PSNR(Y)=30.532, SSIM(Y)=0.8650
Set14/16ch: PSNR(Y)=27.586, SSIM(Y)=0.7540
B100/16ch: PSNR(Y)=26.922, SSIM(Y)=0.7127
U100/16ch: PSNR(Y)=24.496, SSIM(Y)=0.7237
M109/16ch: PSNR(Y)=27.513, SSIM(Y)=0.8548
Model saved! Best loss: 0.046319
Epoch 65/200: Training loss=0.035990, lr=2.16e-03
Epoch 65/200: Validation combined_loss=0.046310
Validation configuration losses: 32ch=0.045508, 16ch=0.047112
Set5/32ch: PSNR(Y)=30.998, SSIM(Y)=0.8747
Set14/32ch: PSNR(Y)=27.878, SSIM(Y)=0.7608
B100/32ch: PSNR(Y)=27.085, SSIM(Y)=0.7180
U100/32ch: PSNR(Y)=24.815, SSIM(Y)=0.7368
M109/32ch: PSNR(Y)=28.177, SSIM(Y)=0.8692
Set5/16ch: PSNR(Y)=30.532, SSIM(Y)=0.8650
Set14/16ch: PSNR(Y)=27.586, SSIM(Y)=0.7541
B100/16ch: PSNR(Y)=26.923, SSIM(Y)=0.7128
U100/16ch: PSNR(Y)=24.497, SSIM(Y)=0.7237
M109/16ch: PSNR(Y)=27.516, SSIM(Y)=0.8549
Model saved! Best loss: 0.046310
Epoch 66/200: Training loss=0.035931, lr=2.15e-03
Epoch 66/200: Validation combined_loss=0.046308
Validation configuration losses: 32ch=0.045504, 16ch=0.047111
Set5/32ch: PSNR(Y)=30.992, SSIM(Y)=0.8747
Set14/32ch: PSNR(Y)=27.880, SSIM(Y)=0.7608
B100/32ch: PSNR(Y)=27.086, SSIM(Y)=0.7180
U100/32ch: PSNR(Y)=24.817, SSIM(Y)=0.7368
M109/32ch: PSNR(Y)=28.177, SSIM(Y)=0.8692
Set5/16ch: PSNR(Y)=30.532, SSIM(Y)=0.8651
Set14/16ch: PSNR(Y)=27.587, SSIM(Y)=0.7541
B100/16ch: PSNR(Y)=26.923, SSIM(Y)=0.7128
U100/16ch: PSNR(Y)=24.498, SSIM(Y)=0.7238
M109/16ch: PSNR(Y)=27.516, SSIM(Y)=0.8549
Model saved! Best loss: 0.046308
Epoch 67/200: Training loss=0.035996, lr=2.13e-03
Epoch 67/200: Validation combined_loss=0.046305
Validation configuration losses: 32ch=0.045503, 16ch=0.047106
Set5/32ch: PSNR(Y)=30.993, SSIM(Y)=0.8746
Set14/32ch: PSNR(Y)=27.880, SSIM(Y)=0.7608
B100/32ch: PSNR(Y)=27.086, SSIM(Y)=0.7180
U100/32ch: PSNR(Y)=24.816, SSIM(Y)=0.7368
M109/32ch: PSNR(Y)=28.175, SSIM(Y)=0.8692
Set5/16ch: PSNR(Y)=30.533, SSIM(Y)=0.8651
Set14/16ch: PSNR(Y)=27.587, SSIM(Y)=0.7541
B100/16ch: PSNR(Y)=26.924, SSIM(Y)=0.7128
U100/16ch: PSNR(Y)=24.498, SSIM(Y)=0.7238
M109/16ch: PSNR(Y)=27.518, SSIM(Y)=0.8549
Model saved! Best loss: 0.046305
Epoch 68/200: Training loss=0.035934, lr=2.12e-03
Epoch 68/200: Validation combined_loss=0.046296
Validation configuration losses: 32ch=0.045493, 16ch=0.047100
Set5/32ch: PSNR(Y)=30.996, SSIM(Y)=0.8746
Set14/32ch: PSNR(Y)=27.881, SSIM(Y)=0.7609
B100/32ch: PSNR(Y)=27.087, SSIM(Y)=0.7181
U100/32ch: PSNR(Y)=24.818, SSIM(Y)=0.7369
M109/32ch: PSNR(Y)=28.181, SSIM(Y)=0.8693
Set5/16ch: PSNR(Y)=30.534, SSIM(Y)=0.8651
Set14/16ch: PSNR(Y)=27.588, SSIM(Y)=0.7541
B100/16ch: PSNR(Y)=26.924, SSIM(Y)=0.7128
U100/16ch: PSNR(Y)=24.499, SSIM(Y)=0.7238
M109/16ch: PSNR(Y)=27.522, SSIM(Y)=0.8550
Model saved! Best loss: 0.046296
Epoch 69/200: Training loss=0.035963, lr=2.10e-03
Epoch 69/200: Validation combined_loss=0.046288
Validation configuration losses: 32ch=0.045485, 16ch=0.047092
Set5/32ch: PSNR(Y)=31.000, SSIM(Y)=0.8747
Set14/32ch: PSNR(Y)=27.882, SSIM(Y)=0.7609
B100/32ch: PSNR(Y)=27.087, SSIM(Y)=0.7181
U100/32ch: PSNR(Y)=24.819, SSIM(Y)=0.7369
M109/32ch: PSNR(Y)=28.185, SSIM(Y)=0.8694
Set5/16ch: PSNR(Y)=30.538, SSIM(Y)=0.8652
Set14/16ch: PSNR(Y)=27.590, SSIM(Y)=0.7542
B100/16ch: PSNR(Y)=26.924, SSIM(Y)=0.7128
U100/16ch: PSNR(Y)=24.499, SSIM(Y)=0.7239
M109/16ch: PSNR(Y)=27.525, SSIM(Y)=0.8551
Model saved! Best loss: 0.046288
Epoch 70/200: Training loss=0.035957, lr=2.08e-03
Epoch 70/200: Validation combined_loss=0.046288
Validation configuration losses: 32ch=0.045486, 16ch=0.047090
Set5/32ch: PSNR(Y)=30.998, SSIM(Y)=0.8746
Set14/32ch: PSNR(Y)=27.882, SSIM(Y)=0.7609
B100/32ch: PSNR(Y)=27.088, SSIM(Y)=0.7181
U100/32ch: PSNR(Y)=24.819, SSIM(Y)=0.7370
M109/32ch: PSNR(Y)=28.183, SSIM(Y)=0.8694
Set5/16ch: PSNR(Y)=30.538, SSIM(Y)=0.8652
Set14/16ch: PSNR(Y)=27.591, SSIM(Y)=0.7542
B100/16ch: PSNR(Y)=26.925, SSIM(Y)=0.7128
U100/16ch: PSNR(Y)=24.500, SSIM(Y)=0.7239
M109/16ch: PSNR(Y)=27.527, SSIM(Y)=0.8551
Model saved! Best loss: 0.046288
Epoch 71/200: Training loss=0.036008, lr=2.07e-03
Epoch 71/200: Validation combined_loss=0.046284
Validation configuration losses: 32ch=0.045480, 16ch=0.047087
Set5/32ch: PSNR(Y)=31.001, SSIM(Y)=0.8747
Set14/32ch: PSNR(Y)=27.885, SSIM(Y)=0.7610
B100/32ch: PSNR(Y)=27.089, SSIM(Y)=0.7182
U100/32ch: PSNR(Y)=24.821, SSIM(Y)=0.7370
M109/32ch: PSNR(Y)=28.182, SSIM(Y)=0.8694
Set5/16ch: PSNR(Y)=30.539, SSIM(Y)=0.8652
Set14/16ch: PSNR(Y)=27.593, SSIM(Y)=0.7542
B100/16ch: PSNR(Y)=26.925, SSIM(Y)=0.7128
U100/16ch: PSNR(Y)=24.500, SSIM(Y)=0.7239
M109/16ch: PSNR(Y)=27.526, SSIM(Y)=0.8551
Model saved! Best loss: 0.046284
Epoch 72/200: Training loss=0.036023, lr=2.05e-03
Epoch 72/200: Validation combined_loss=0.046280
Validation configuration losses: 32ch=0.045474, 16ch=0.047086
Set5/32ch: PSNR(Y)=31.003, SSIM(Y)=0.8748
Set14/32ch: PSNR(Y)=27.885, SSIM(Y)=0.7610
B100/32ch: PSNR(Y)=27.089, SSIM(Y)=0.7182
U100/32ch: PSNR(Y)=24.822, SSIM(Y)=0.7371
M109/32ch: PSNR(Y)=28.186, SSIM(Y)=0.8695
Set5/16ch: PSNR(Y)=30.539, SSIM(Y)=0.8652
Set14/16ch: PSNR(Y)=27.592, SSIM(Y)=0.7542
B100/16ch: PSNR(Y)=26.925, SSIM(Y)=0.7128
U100/16ch: PSNR(Y)=24.501, SSIM(Y)=0.7239
M109/16ch: PSNR(Y)=27.527, SSIM(Y)=0.8552
Model saved! Best loss: 0.046280
Epoch 73/200: Training loss=0.035935, lr=2.03e-03
Epoch 73/200: Validation combined_loss=0.046274
Validation configuration losses: 32ch=0.045469, 16ch=0.047079
Set5/32ch: PSNR(Y)=31.006, SSIM(Y)=0.8748
Set14/32ch: PSNR(Y)=27.887, SSIM(Y)=0.7611
B100/32ch: PSNR(Y)=27.090, SSIM(Y)=0.7182
U100/32ch: PSNR(Y)=24.823, SSIM(Y)=0.7371
M109/32ch: PSNR(Y)=28.190, SSIM(Y)=0.8696
Set5/16ch: PSNR(Y)=30.543, SSIM(Y)=0.8652
Set14/16ch: PSNR(Y)=27.593, SSIM(Y)=0.7543
B100/16ch: PSNR(Y)=26.925, SSIM(Y)=0.7129
U100/16ch: PSNR(Y)=24.501, SSIM(Y)=0.7240
M109/16ch: PSNR(Y)=27.531, SSIM(Y)=0.8553
Model saved! Best loss: 0.046274
Epoch 74/200: Training loss=0.035960, lr=2.02e-03
Epoch 74/200: Validation combined_loss=0.046270
Validation configuration losses: 32ch=0.045464, 16ch=0.047076
Set5/32ch: PSNR(Y)=31.006, SSIM(Y)=0.8748
Set14/32ch: PSNR(Y)=27.887, SSIM(Y)=0.7611
B100/32ch: PSNR(Y)=27.091, SSIM(Y)=0.7182
U100/32ch: PSNR(Y)=24.824, SSIM(Y)=0.7371
M109/32ch: PSNR(Y)=28.191, SSIM(Y)=0.8696
Set5/16ch: PSNR(Y)=30.544, SSIM(Y)=0.8653
Set14/16ch: PSNR(Y)=27.592, SSIM(Y)=0.7542
B100/16ch: PSNR(Y)=26.926, SSIM(Y)=0.7129
U100/16ch: PSNR(Y)=24.502, SSIM(Y)=0.7240
M109/16ch: PSNR(Y)=27.533, SSIM(Y)=0.8553
Model saved! Best loss: 0.046270
Epoch 75/200: Training loss=0.035953, lr=2.00e-03
Epoch 75/200: Validation combined_loss=0.046265
Validation configuration losses: 32ch=0.045460, 16ch=0.047071
Set5/32ch: PSNR(Y)=31.007, SSIM(Y)=0.8748
Set14/32ch: PSNR(Y)=27.887, SSIM(Y)=0.7611
B100/32ch: PSNR(Y)=27.090, SSIM(Y)=0.7182
U100/32ch: PSNR(Y)=24.826, SSIM(Y)=0.7372
M109/32ch: PSNR(Y)=28.191, SSIM(Y)=0.8696
Set5/16ch: PSNR(Y)=30.545, SSIM(Y)=0.8653
Set14/16ch: PSNR(Y)=27.592, SSIM(Y)=0.7542
B100/16ch: PSNR(Y)=26.926, SSIM(Y)=0.7129
U100/16ch: PSNR(Y)=24.503, SSIM(Y)=0.7241
M109/16ch: PSNR(Y)=27.534, SSIM(Y)=0.8554
Model saved! Best loss: 0.046265
Epoch 76/200: Training loss=0.035989, lr=1.98e-03
Epoch 76/200: Validation combined_loss=0.046257
Validation configuration losses: 32ch=0.045449, 16ch=0.047065
Set5/32ch: PSNR(Y)=31.015, SSIM(Y)=0.8749
Set14/32ch: PSNR(Y)=27.890, SSIM(Y)=0.7611
B100/32ch: PSNR(Y)=27.092, SSIM(Y)=0.7183
U100/32ch: PSNR(Y)=24.827, SSIM(Y)=0.7372
M109/32ch: PSNR(Y)=28.197, SSIM(Y)=0.8697
Set5/16ch: PSNR(Y)=30.549, SSIM(Y)=0.8654
Set14/16ch: PSNR(Y)=27.594, SSIM(Y)=0.7543
B100/16ch: PSNR(Y)=26.926, SSIM(Y)=0.7129
U100/16ch: PSNR(Y)=24.504, SSIM(Y)=0.7241
M109/16ch: PSNR(Y)=27.536, SSIM(Y)=0.8554
Model saved! Best loss: 0.046257
Epoch 77/200: Training loss=0.036000, lr=1.97e-03
Epoch 77/200: Validation combined_loss=0.046252
Validation configuration losses: 32ch=0.045444, 16ch=0.047061
Set5/32ch: PSNR(Y)=31.015, SSIM(Y)=0.8749
Set14/32ch: PSNR(Y)=27.890, SSIM(Y)=0.7612
B100/32ch: PSNR(Y)=27.092, SSIM(Y)=0.7183
U100/32ch: PSNR(Y)=24.827, SSIM(Y)=0.7373
M109/32ch: PSNR(Y)=28.201, SSIM(Y)=0.8698
Set5/16ch: PSNR(Y)=30.550, SSIM(Y)=0.8654
Set14/16ch: PSNR(Y)=27.595, SSIM(Y)=0.7543
B100/16ch: PSNR(Y)=26.926, SSIM(Y)=0.7129
U100/16ch: PSNR(Y)=24.505, SSIM(Y)=0.7241
M109/16ch: PSNR(Y)=27.538, SSIM(Y)=0.8555
Model saved! Best loss: 0.046252
Epoch 78/200: Training loss=0.035953, lr=1.95e-03
Epoch 78/200: Validation combined_loss=0.046250
Validation configuration losses: 32ch=0.045442, 16ch=0.047058
Set5/32ch: PSNR(Y)=31.014, SSIM(Y)=0.8749
Set14/32ch: PSNR(Y)=27.890, SSIM(Y)=0.7612
B100/32ch: PSNR(Y)=27.092, SSIM(Y)=0.7183
U100/32ch: PSNR(Y)=24.828, SSIM(Y)=0.7372
M109/32ch: PSNR(Y)=28.200, SSIM(Y)=0.8698
Set5/16ch: PSNR(Y)=30.551, SSIM(Y)=0.8654
Set14/16ch: PSNR(Y)=27.595, SSIM(Y)=0.7543
B100/16ch: PSNR(Y)=26.926, SSIM(Y)=0.7129
U100/16ch: PSNR(Y)=24.505, SSIM(Y)=0.7241
M109/16ch: PSNR(Y)=27.539, SSIM(Y)=0.8555
Model saved! Best loss: 0.046250
Epoch 79/200: Training loss=0.035943, lr=1.93e-03
Epoch 79/200: Validation combined_loss=0.046244
Validation configuration losses: 32ch=0.045436, 16ch=0.047052
Set5/32ch: PSNR(Y)=31.016, SSIM(Y)=0.8750
Set14/32ch: PSNR(Y)=27.889, SSIM(Y)=0.7611
B100/32ch: PSNR(Y)=27.092, SSIM(Y)=0.7183
U100/32ch: PSNR(Y)=24.829, SSIM(Y)=0.7373
M109/32ch: PSNR(Y)=28.201, SSIM(Y)=0.8698
Set5/16ch: PSNR(Y)=30.554, SSIM(Y)=0.8655
Set14/16ch: PSNR(Y)=27.596, SSIM(Y)=0.7543
B100/16ch: PSNR(Y)=26.926, SSIM(Y)=0.7129
U100/16ch: PSNR(Y)=24.506, SSIM(Y)=0.7242
M109/16ch: PSNR(Y)=27.542, SSIM(Y)=0.8556
Model saved! Best loss: 0.046244
Epoch 80/200: Training loss=0.035940, lr=1.91e-03
Epoch 80/200: Validation combined_loss=0.046237
Validation configuration losses: 32ch=0.045427, 16ch=0.047048
Set5/32ch: PSNR(Y)=31.020, SSIM(Y)=0.8750
Set14/32ch: PSNR(Y)=27.890, SSIM(Y)=0.7612
B100/32ch: PSNR(Y)=27.093, SSIM(Y)=0.7184
U100/32ch: PSNR(Y)=24.832, SSIM(Y)=0.7374
M109/32ch: PSNR(Y)=28.205, SSIM(Y)=0.8699
Set5/16ch: PSNR(Y)=30.554, SSIM(Y)=0.8655
Set14/16ch: PSNR(Y)=27.598, SSIM(Y)=0.7544
B100/16ch: PSNR(Y)=26.927, SSIM(Y)=0.7129
U100/16ch: PSNR(Y)=24.507, SSIM(Y)=0.7242
M109/16ch: PSNR(Y)=27.545, SSIM(Y)=0.8556
Model saved! Best loss: 0.046237
Epoch 81/200: Training loss=0.035964, lr=1.89e-03
Epoch 81/200: Validation combined_loss=0.046235
Validation configuration losses: 32ch=0.045427, 16ch=0.047044
Set5/32ch: PSNR(Y)=31.021, SSIM(Y)=0.8751
Set14/32ch: PSNR(Y)=27.889, SSIM(Y)=0.7612
B100/32ch: PSNR(Y)=27.093, SSIM(Y)=0.7184
U100/32ch: PSNR(Y)=24.832, SSIM(Y)=0.7375
M109/32ch: PSNR(Y)=28.204, SSIM(Y)=0.8699
Set5/16ch: PSNR(Y)=30.555, SSIM(Y)=0.8655
Set14/16ch: PSNR(Y)=27.598, SSIM(Y)=0.7544
B100/16ch: PSNR(Y)=26.927, SSIM(Y)=0.7130
U100/16ch: PSNR(Y)=24.507, SSIM(Y)=0.7243
M109/16ch: PSNR(Y)=27.546, SSIM(Y)=0.8557
Model saved! Best loss: 0.046235
Epoch 82/200: Training loss=0.035941, lr=1.88e-03
Epoch 82/200: Validation combined_loss=0.046234
Validation configuration losses: 32ch=0.045426, 16ch=0.047042
Set5/32ch: PSNR(Y)=31.021, SSIM(Y)=0.8751
Set14/32ch: PSNR(Y)=27.888, SSIM(Y)=0.7612
B100/32ch: PSNR(Y)=27.093, SSIM(Y)=0.7184
U100/32ch: PSNR(Y)=24.834, SSIM(Y)=0.7375
M109/32ch: PSNR(Y)=28.204, SSIM(Y)=0.8699
Set5/16ch: PSNR(Y)=30.556, SSIM(Y)=0.8655
Set14/16ch: PSNR(Y)=27.598, SSIM(Y)=0.7544
B100/16ch: PSNR(Y)=26.927, SSIM(Y)=0.7130
U100/16ch: PSNR(Y)=24.508, SSIM(Y)=0.7243
M109/16ch: PSNR(Y)=27.547, SSIM(Y)=0.8557
Model saved! Best loss: 0.046234
Epoch 83/200: Training loss=0.035939, lr=1.86e-03
Epoch 83/200: Validation combined_loss=0.046229
Validation configuration losses: 32ch=0.045420, 16ch=0.047039
Set5/32ch: PSNR(Y)=31.028, SSIM(Y)=0.8752
Set14/32ch: PSNR(Y)=27.893, SSIM(Y)=0.7613
B100/32ch: PSNR(Y)=27.093, SSIM(Y)=0.7184
U100/32ch: PSNR(Y)=24.834, SSIM(Y)=0.7375
M109/32ch: PSNR(Y)=28.208, SSIM(Y)=0.8700
Set5/16ch: PSNR(Y)=30.558, SSIM(Y)=0.8655
Set14/16ch: PSNR(Y)=27.598, SSIM(Y)=0.7544
B100/16ch: PSNR(Y)=26.927, SSIM(Y)=0.7130
U100/16ch: PSNR(Y)=24.508, SSIM(Y)=0.7243
M109/16ch: PSNR(Y)=27.549, SSIM(Y)=0.8557
Model saved! Best loss: 0.046229
Epoch 84/200: Training loss=0.035998, lr=1.84e-03
Epoch 84/200: Validation combined_loss=0.046223
Validation configuration losses: 32ch=0.045411, 16ch=0.047034
Set5/32ch: PSNR(Y)=31.032, SSIM(Y)=0.8752
Set14/32ch: PSNR(Y)=27.891, SSIM(Y)=0.7613
B100/32ch: PSNR(Y)=27.094, SSIM(Y)=0.7184
U100/32ch: PSNR(Y)=24.836, SSIM(Y)=0.7376
M109/32ch: PSNR(Y)=28.212, SSIM(Y)=0.8700
Set5/16ch: PSNR(Y)=30.557, SSIM(Y)=0.8655
Set14/16ch: PSNR(Y)=27.600, SSIM(Y)=0.7544
B100/16ch: PSNR(Y)=26.928, SSIM(Y)=0.7130
U100/16ch: PSNR(Y)=24.509, SSIM(Y)=0.7244
M109/16ch: PSNR(Y)=27.550, SSIM(Y)=0.8557
Model saved! Best loss: 0.046223
Epoch 85/200: Training loss=0.035939, lr=1.82e-03
Epoch 85/200: Validation combined_loss=0.046222
Validation configuration losses: 32ch=0.045411, 16ch=0.047033
Set5/32ch: PSNR(Y)=31.030, SSIM(Y)=0.8752
Set14/32ch: PSNR(Y)=27.890, SSIM(Y)=0.7613
B100/32ch: PSNR(Y)=27.094, SSIM(Y)=0.7185
U100/32ch: PSNR(Y)=24.837, SSIM(Y)=0.7376
M109/32ch: PSNR(Y)=28.208, SSIM(Y)=0.8700
Set5/16ch: PSNR(Y)=30.556, SSIM(Y)=0.8655
Set14/16ch: PSNR(Y)=27.600, SSIM(Y)=0.7544
B100/16ch: PSNR(Y)=26.928, SSIM(Y)=0.7130
U100/16ch: PSNR(Y)=24.510, SSIM(Y)=0.7244
M109/16ch: PSNR(Y)=27.548, SSIM(Y)=0.8558
Model saved! Best loss: 0.046222
Epoch 86/200: Training loss=0.035952, lr=1.80e-03
Epoch 86/200: Validation combined_loss=0.046218
Validation configuration losses: 32ch=0.045405, 16ch=0.047031
Set5/32ch: PSNR(Y)=31.035, SSIM(Y)=0.8752
Set14/32ch: PSNR(Y)=27.890, SSIM(Y)=0.7613
B100/32ch: PSNR(Y)=27.095, SSIM(Y)=0.7185
U100/32ch: PSNR(Y)=24.838, SSIM(Y)=0.7377
M109/32ch: PSNR(Y)=28.212, SSIM(Y)=0.8701
Set5/16ch: PSNR(Y)=30.559, SSIM(Y)=0.8656
Set14/16ch: PSNR(Y)=27.599, SSIM(Y)=0.7544
B100/16ch: PSNR(Y)=26.928, SSIM(Y)=0.7130
U100/16ch: PSNR(Y)=24.510, SSIM(Y)=0.7244
M109/16ch: PSNR(Y)=27.549, SSIM(Y)=0.8558
Model saved! Best loss: 0.046218
Epoch 87/200: Training loss=0.035976, lr=1.78e-03
Epoch 87/200: Validation combined_loss=0.046209
Validation configuration losses: 32ch=0.045395, 16ch=0.047023
Set5/32ch: PSNR(Y)=31.033, SSIM(Y)=0.8753
Set14/32ch: PSNR(Y)=27.892, SSIM(Y)=0.7613
B100/32ch: PSNR(Y)=27.096, SSIM(Y)=0.7185
U100/32ch: PSNR(Y)=24.840, SSIM(Y)=0.7378
M109/32ch: PSNR(Y)=28.217, SSIM(Y)=0.8701
Set5/16ch: PSNR(Y)=30.560, SSIM(Y)=0.8656
Set14/16ch: PSNR(Y)=27.601, SSIM(Y)=0.7544
B100/16ch: PSNR(Y)=26.929, SSIM(Y)=0.7130
U100/16ch: PSNR(Y)=24.512, SSIM(Y)=0.7245
M109/16ch: PSNR(Y)=27.554, SSIM(Y)=0.8558
Model saved! Best loss: 0.046209
Epoch 88/200: Training loss=0.035971, lr=1.76e-03
Epoch 88/200: Validation combined_loss=0.046204
Validation configuration losses: 32ch=0.045390, 16ch=0.047019
Set5/32ch: PSNR(Y)=31.039, SSIM(Y)=0.8754
Set14/32ch: PSNR(Y)=27.892, SSIM(Y)=0.7613
B100/32ch: PSNR(Y)=27.096, SSIM(Y)=0.7186
U100/32ch: PSNR(Y)=24.841, SSIM(Y)=0.7378
M109/32ch: PSNR(Y)=28.219, SSIM(Y)=0.8702
Set5/16ch: PSNR(Y)=30.562, SSIM(Y)=0.8657
Set14/16ch: PSNR(Y)=27.601, SSIM(Y)=0.7545
B100/16ch: PSNR(Y)=26.929, SSIM(Y)=0.7130
U100/16ch: PSNR(Y)=24.512, SSIM(Y)=0.7245
M109/16ch: PSNR(Y)=27.556, SSIM(Y)=0.8559
Model saved! Best loss: 0.046204
Epoch 89/200: Training loss=0.035933, lr=1.74e-03
Epoch 89/200: Validation combined_loss=0.046206
Validation configuration losses: 32ch=0.045393, 16ch=0.047019
Set5/32ch: PSNR(Y)=31.035, SSIM(Y)=0.8753
Set14/32ch: PSNR(Y)=27.891, SSIM(Y)=0.7613
B100/32ch: PSNR(Y)=27.095, SSIM(Y)=0.7186
U100/32ch: PSNR(Y)=24.842, SSIM(Y)=0.7378
M109/32ch: PSNR(Y)=28.216, SSIM(Y)=0.8701
Set5/16ch: PSNR(Y)=30.562, SSIM(Y)=0.8656
Set14/16ch: PSNR(Y)=27.601, SSIM(Y)=0.7544
B100/16ch: PSNR(Y)=26.929, SSIM(Y)=0.7130
U100/16ch: PSNR(Y)=24.513, SSIM(Y)=0.7245
M109/16ch: PSNR(Y)=27.555, SSIM(Y)=0.8559
Epoch 90/200: Training loss=0.035899, lr=1.72e-03
Epoch 90/200: Validation combined_loss=0.046201
Validation configuration losses: 32ch=0.045388, 16ch=0.047013
Set5/32ch: PSNR(Y)=31.038, SSIM(Y)=0.8753
Set14/32ch: PSNR(Y)=27.890, SSIM(Y)=0.7613
B100/32ch: PSNR(Y)=27.096, SSIM(Y)=0.7186
U100/32ch: PSNR(Y)=24.842, SSIM(Y)=0.7378
M109/32ch: PSNR(Y)=28.217, SSIM(Y)=0.8702
Set5/16ch: PSNR(Y)=30.561, SSIM(Y)=0.8656
Set14/16ch: PSNR(Y)=27.601, SSIM(Y)=0.7544
B100/16ch: PSNR(Y)=26.929, SSIM(Y)=0.7130
U100/16ch: PSNR(Y)=24.514, SSIM(Y)=0.7245
M109/16ch: PSNR(Y)=27.558, SSIM(Y)=0.8560
Model saved! Best loss: 0.046201
Epoch 91/200: Training loss=0.035921, lr=1.70e-03
Epoch 91/200: Validation combined_loss=0.046194
Validation configuration losses: 32ch=0.045381, 16ch=0.047008
Set5/32ch: PSNR(Y)=31.041, SSIM(Y)=0.8753
Set14/32ch: PSNR(Y)=27.891, SSIM(Y)=0.7613
B100/32ch: PSNR(Y)=27.096, SSIM(Y)=0.7186
U100/32ch: PSNR(Y)=24.844, SSIM(Y)=0.7379
M109/32ch: PSNR(Y)=28.219, SSIM(Y)=0.8702
Set5/16ch: PSNR(Y)=30.561, SSIM(Y)=0.8656
Set14/16ch: PSNR(Y)=27.602, SSIM(Y)=0.7545
B100/16ch: PSNR(Y)=26.929, SSIM(Y)=0.7130
U100/16ch: PSNR(Y)=24.514, SSIM(Y)=0.7246
M109/16ch: PSNR(Y)=27.561, SSIM(Y)=0.8560
Model saved! Best loss: 0.046194
Epoch 92/200: Training loss=0.035887, lr=1.68e-03
Epoch 92/200: Validation combined_loss=0.046191
Validation configuration losses: 32ch=0.045376, 16ch=0.047005
Set5/32ch: PSNR(Y)=31.040, SSIM(Y)=0.8753
Set14/32ch: PSNR(Y)=27.892, SSIM(Y)=0.7614
B100/32ch: PSNR(Y)=27.097, SSIM(Y)=0.7186
U100/32ch: PSNR(Y)=24.845, SSIM(Y)=0.7379
M109/32ch: PSNR(Y)=28.220, SSIM(Y)=0.8703
Set5/16ch: PSNR(Y)=30.562, SSIM(Y)=0.8656
Set14/16ch: PSNR(Y)=27.603, SSIM(Y)=0.7545
B100/16ch: PSNR(Y)=26.929, SSIM(Y)=0.7130
U100/16ch: PSNR(Y)=24.515, SSIM(Y)=0.7245
M109/16ch: PSNR(Y)=27.561, SSIM(Y)=0.8560
Model saved! Best loss: 0.046191
Epoch 93/200: Training loss=0.035870, lr=1.66e-03
Epoch 93/200: Validation combined_loss=0.046188
Validation configuration losses: 32ch=0.045372, 16ch=0.047004
Set5/32ch: PSNR(Y)=31.041, SSIM(Y)=0.8753
Set14/32ch: PSNR(Y)=27.893, SSIM(Y)=0.7614
B100/32ch: PSNR(Y)=27.097, SSIM(Y)=0.7186
U100/32ch: PSNR(Y)=24.846, SSIM(Y)=0.7380
M109/32ch: PSNR(Y)=28.224, SSIM(Y)=0.8703
Set5/16ch: PSNR(Y)=30.562, SSIM(Y)=0.8657
Set14/16ch: PSNR(Y)=27.604, SSIM(Y)=0.7545
B100/16ch: PSNR(Y)=26.929, SSIM(Y)=0.7130
U100/16ch: PSNR(Y)=24.515, SSIM(Y)=0.7246
M109/16ch: PSNR(Y)=27.563, SSIM(Y)=0.8560
Model saved! Best loss: 0.046188
Epoch 94/200: Training loss=0.035946, lr=1.64e-03
Epoch 94/200: Validation combined_loss=0.046190
Validation configuration losses: 32ch=0.045373, 16ch=0.047007
Set5/32ch: PSNR(Y)=31.041, SSIM(Y)=0.8754
Set14/32ch: PSNR(Y)=27.895, SSIM(Y)=0.7614
B100/32ch: PSNR(Y)=27.097, SSIM(Y)=0.7186
U100/32ch: PSNR(Y)=24.847, SSIM(Y)=0.7380
M109/32ch: PSNR(Y)=28.223, SSIM(Y)=0.8703
Set5/16ch: PSNR(Y)=30.563, SSIM(Y)=0.8657
Set14/16ch: PSNR(Y)=27.604, SSIM(Y)=0.7545
B100/16ch: PSNR(Y)=26.930, SSIM(Y)=0.7130
U100/16ch: PSNR(Y)=24.515, SSIM(Y)=0.7246
M109/16ch: PSNR(Y)=27.559, SSIM(Y)=0.8560
Epoch 95/200: Training loss=0.035908, lr=1.62e-03
Epoch 95/200: Validation combined_loss=0.046184
Validation configuration losses: 32ch=0.045367, 16ch=0.047001
Set5/32ch: PSNR(Y)=31.043, SSIM(Y)=0.8755
Set14/32ch: PSNR(Y)=27.897, SSIM(Y)=0.7615
B100/32ch: PSNR(Y)=27.098, SSIM(Y)=0.7186
U100/32ch: PSNR(Y)=24.848, SSIM(Y)=0.7381
M109/32ch: PSNR(Y)=28.225, SSIM(Y)=0.8704
Set5/16ch: PSNR(Y)=30.564, SSIM(Y)=0.8657
Set14/16ch: PSNR(Y)=27.605, SSIM(Y)=0.7545
B100/16ch: PSNR(Y)=26.930, SSIM(Y)=0.7131
U100/16ch: PSNR(Y)=24.516, SSIM(Y)=0.7246
M109/16ch: PSNR(Y)=27.563, SSIM(Y)=0.8560
Model saved! Best loss: 0.046184
Epoch 96/200: Training loss=0.035899, lr=1.60e-03
Epoch 96/200: Validation combined_loss=0.046181
Validation configuration losses: 32ch=0.045363, 16ch=0.046998
Set5/32ch: PSNR(Y)=31.043, SSIM(Y)=0.8755
Set14/32ch: PSNR(Y)=27.897, SSIM(Y)=0.7615
B100/32ch: PSNR(Y)=27.098, SSIM(Y)=0.7186
U100/32ch: PSNR(Y)=24.848, SSIM(Y)=0.7380
M109/32ch: PSNR(Y)=28.227, SSIM(Y)=0.8704
Set5/16ch: PSNR(Y)=30.564, SSIM(Y)=0.8657
Set14/16ch: PSNR(Y)=27.606, SSIM(Y)=0.7545
B100/16ch: PSNR(Y)=26.930, SSIM(Y)=0.7131
U100/16ch: PSNR(Y)=24.516, SSIM(Y)=0.7246
M109/16ch: PSNR(Y)=27.564, SSIM(Y)=0.8561
Model saved! Best loss: 0.046181
Epoch 97/200: Training loss=0.035886, lr=1.58e-03
Epoch 97/200: Validation combined_loss=0.046180
Validation configuration losses: 32ch=0.045363, 16ch=0.046996
Set5/32ch: PSNR(Y)=31.044, SSIM(Y)=0.8755
Set14/32ch: PSNR(Y)=27.898, SSIM(Y)=0.7615
B100/32ch: PSNR(Y)=27.098, SSIM(Y)=0.7187
U100/32ch: PSNR(Y)=24.850, SSIM(Y)=0.7381
M109/32ch: PSNR(Y)=28.225, SSIM(Y)=0.8704
Set5/16ch: PSNR(Y)=30.562, SSIM(Y)=0.8657
Set14/16ch: PSNR(Y)=27.605, SSIM(Y)=0.7545
B100/16ch: PSNR(Y)=26.930, SSIM(Y)=0.7131
U100/16ch: PSNR(Y)=24.517, SSIM(Y)=0.7246
M109/16ch: PSNR(Y)=27.564, SSIM(Y)=0.8561
Model saved! Best loss: 0.046180
Epoch 98/200: Training loss=0.035916, lr=1.56e-03
Epoch 98/200: Validation combined_loss=0.046176
Validation configuration losses: 32ch=0.045358, 16ch=0.046993
Set5/32ch: PSNR(Y)=31.040, SSIM(Y)=0.8755
Set14/32ch: PSNR(Y)=27.897, SSIM(Y)=0.7615
B100/32ch: PSNR(Y)=27.099, SSIM(Y)=0.7187
U100/32ch: PSNR(Y)=24.851, SSIM(Y)=0.7382
M109/32ch: PSNR(Y)=28.228, SSIM(Y)=0.8705
Set5/16ch: PSNR(Y)=30.563, SSIM(Y)=0.8657
Set14/16ch: PSNR(Y)=27.606, SSIM(Y)=0.7546
B100/16ch: PSNR(Y)=26.930, SSIM(Y)=0.7131
U100/16ch: PSNR(Y)=24.517, SSIM(Y)=0.7247
M109/16ch: PSNR(Y)=27.567, SSIM(Y)=0.8562
Model saved! Best loss: 0.046176
Epoch 99/200: Training loss=0.035895, lr=1.54e-03
Epoch 99/200: Validation combined_loss=0.046170
Validation configuration losses: 32ch=0.045352, 16ch=0.046988
Set5/32ch: PSNR(Y)=31.044, SSIM(Y)=0.8755
Set14/32ch: PSNR(Y)=27.896, SSIM(Y)=0.7615
B100/32ch: PSNR(Y)=27.100, SSIM(Y)=0.7187
U100/32ch: PSNR(Y)=24.851, SSIM(Y)=0.7382
M109/32ch: PSNR(Y)=28.232, SSIM(Y)=0.8705
Set5/16ch: PSNR(Y)=30.565, SSIM(Y)=0.8657
Set14/16ch: PSNR(Y)=27.606, SSIM(Y)=0.7546
B100/16ch: PSNR(Y)=26.931, SSIM(Y)=0.7131
U100/16ch: PSNR(Y)=24.518, SSIM(Y)=0.7247
M109/16ch: PSNR(Y)=27.570, SSIM(Y)=0.8562
Model saved! Best loss: 0.046170
Epoch 100/200: Training loss=0.035917, lr=1.52e-03
Epoch 100/200: Validation combined_loss=0.046168
Validation configuration losses: 32ch=0.045350, 16ch=0.046987
Set5/32ch: PSNR(Y)=31.048, SSIM(Y)=0.8756
Set14/32ch: PSNR(Y)=27.898, SSIM(Y)=0.7616
B100/32ch: PSNR(Y)=27.099, SSIM(Y)=0.7188
U100/32ch: PSNR(Y)=24.852, SSIM(Y)=0.7383
M109/32ch: PSNR(Y)=28.233, SSIM(Y)=0.8706
Set5/16ch: PSNR(Y)=30.568, SSIM(Y)=0.8658
Set14/16ch: PSNR(Y)=27.608, SSIM(Y)=0.7546
B100/16ch: PSNR(Y)=26.931, SSIM(Y)=0.7131
U100/16ch: PSNR(Y)=24.518, SSIM(Y)=0.7247
M109/16ch: PSNR(Y)=27.568, SSIM(Y)=0.8562
Model saved! Best loss: 0.046168
Epoch 101/200: Training loss=0.035884, lr=1.50e-03
Epoch 101/200: Validation combined_loss=0.046166
Validation configuration losses: 32ch=0.045349, 16ch=0.046983
Set5/32ch: PSNR(Y)=31.051, SSIM(Y)=0.8756
Set14/32ch: PSNR(Y)=27.900, SSIM(Y)=0.7616
B100/32ch: PSNR(Y)=27.099, SSIM(Y)=0.7188
U100/32ch: PSNR(Y)=24.852, SSIM(Y)=0.7383
M109/32ch: PSNR(Y)=28.233, SSIM(Y)=0.8706
Set5/16ch: PSNR(Y)=30.567, SSIM(Y)=0.8658
Set14/16ch: PSNR(Y)=27.609, SSIM(Y)=0.7546
B100/16ch: PSNR(Y)=26.932, SSIM(Y)=0.7131
U100/16ch: PSNR(Y)=24.519, SSIM(Y)=0.7247
M109/16ch: PSNR(Y)=27.571, SSIM(Y)=0.8562
Model saved! Best loss: 0.046166
Epoch 102/200: Training loss=0.035874, lr=1.48e-03
Epoch 102/200: Validation combined_loss=0.046162
Validation configuration losses: 32ch=0.045346, 16ch=0.046978
Set5/32ch: PSNR(Y)=31.048, SSIM(Y)=0.8756
Set14/32ch: PSNR(Y)=27.898, SSIM(Y)=0.7616
B100/32ch: PSNR(Y)=27.100, SSIM(Y)=0.7188
U100/32ch: PSNR(Y)=24.853, SSIM(Y)=0.7384
M109/32ch: PSNR(Y)=28.233, SSIM(Y)=0.8706
Set5/16ch: PSNR(Y)=30.567, SSIM(Y)=0.8658
Set14/16ch: PSNR(Y)=27.608, SSIM(Y)=0.7546
B100/16ch: PSNR(Y)=26.932, SSIM(Y)=0.7131
U100/16ch: PSNR(Y)=24.520, SSIM(Y)=0.7248
M109/16ch: PSNR(Y)=27.573, SSIM(Y)=0.8563
Model saved! Best loss: 0.046162
Epoch 103/200: Training loss=0.035894, lr=1.46e-03
Epoch 103/200: Validation combined_loss=0.046155
Validation configuration losses: 32ch=0.045338, 16ch=0.046973
Set5/32ch: PSNR(Y)=31.050, SSIM(Y)=0.8756
Set14/32ch: PSNR(Y)=27.900, SSIM(Y)=0.7616
B100/32ch: PSNR(Y)=27.100, SSIM(Y)=0.7188
U100/32ch: PSNR(Y)=24.855, SSIM(Y)=0.7384
M109/32ch: PSNR(Y)=28.239, SSIM(Y)=0.8707
Set5/16ch: PSNR(Y)=30.568, SSIM(Y)=0.8658
Set14/16ch: PSNR(Y)=27.610, SSIM(Y)=0.7546
B100/16ch: PSNR(Y)=26.932, SSIM(Y)=0.7132
U100/16ch: PSNR(Y)=24.521, SSIM(Y)=0.7248
M109/16ch: PSNR(Y)=27.576, SSIM(Y)=0.8563
Model saved! Best loss: 0.046155
Epoch 104/200: Training loss=0.035897, lr=1.44e-03
Epoch 104/200: Validation combined_loss=0.046153
Validation configuration losses: 32ch=0.045335, 16ch=0.046971
Set5/32ch: PSNR(Y)=31.050, SSIM(Y)=0.8756
Set14/32ch: PSNR(Y)=27.900, SSIM(Y)=0.7616
B100/32ch: PSNR(Y)=27.100, SSIM(Y)=0.7188
U100/32ch: PSNR(Y)=24.856, SSIM(Y)=0.7384
M109/32ch: PSNR(Y)=28.240, SSIM(Y)=0.8707
Set5/16ch: PSNR(Y)=30.566, SSIM(Y)=0.8658
Set14/16ch: PSNR(Y)=27.609, SSIM(Y)=0.7546
B100/16ch: PSNR(Y)=26.932, SSIM(Y)=0.7132
U100/16ch: PSNR(Y)=24.522, SSIM(Y)=0.7249
M109/16ch: PSNR(Y)=27.576, SSIM(Y)=0.8563
Model saved! Best loss: 0.046153
Epoch 105/200: Training loss=0.035907, lr=1.42e-03
Epoch 105/200: Validation combined_loss=0.046149
Validation configuration losses: 32ch=0.045332, 16ch=0.046966
Set5/32ch: PSNR(Y)=31.049, SSIM(Y)=0.8756
Set14/32ch: PSNR(Y)=27.902, SSIM(Y)=0.7617
B100/32ch: PSNR(Y)=27.101, SSIM(Y)=0.7188
U100/32ch: PSNR(Y)=24.856, SSIM(Y)=0.7385
M109/32ch: PSNR(Y)=28.241, SSIM(Y)=0.8707
Set5/16ch: PSNR(Y)=30.567, SSIM(Y)=0.8658
Set14/16ch: PSNR(Y)=27.609, SSIM(Y)=0.7546
B100/16ch: PSNR(Y)=26.932, SSIM(Y)=0.7132
U100/16ch: PSNR(Y)=24.522, SSIM(Y)=0.7249
M109/16ch: PSNR(Y)=27.578, SSIM(Y)=0.8564
Model saved! Best loss: 0.046149
Epoch 106/200: Training loss=0.035859, lr=1.40e-03
Epoch 106/200: Validation combined_loss=0.046146
Validation configuration losses: 32ch=0.045329, 16ch=0.046962
Set5/32ch: PSNR(Y)=31.051, SSIM(Y)=0.8756
Set14/32ch: PSNR(Y)=27.904, SSIM(Y)=0.7617
B100/32ch: PSNR(Y)=27.102, SSIM(Y)=0.7188
U100/32ch: PSNR(Y)=24.855, SSIM(Y)=0.7385
M109/32ch: PSNR(Y)=28.242, SSIM(Y)=0.8708
Set5/16ch: PSNR(Y)=30.568, SSIM(Y)=0.8658
Set14/16ch: PSNR(Y)=27.610, SSIM(Y)=0.7547
B100/16ch: PSNR(Y)=26.933, SSIM(Y)=0.7132
U100/16ch: PSNR(Y)=24.522, SSIM(Y)=0.7249
M109/16ch: PSNR(Y)=27.580, SSIM(Y)=0.8564
Model saved! Best loss: 0.046146
Epoch 107/200: Training loss=0.035977, lr=1.37e-03
Epoch 107/200: Validation combined_loss=0.046145
Validation configuration losses: 32ch=0.045328, 16ch=0.046962
Set5/32ch: PSNR(Y)=31.052, SSIM(Y)=0.8756
Set14/32ch: PSNR(Y)=27.903, SSIM(Y)=0.7617
B100/32ch: PSNR(Y)=27.102, SSIM(Y)=0.7188
U100/32ch: PSNR(Y)=24.856, SSIM(Y)=0.7385
M109/32ch: PSNR(Y)=28.242, SSIM(Y)=0.8708
Set5/16ch: PSNR(Y)=30.567, SSIM(Y)=0.8658
Set14/16ch: PSNR(Y)=27.611, SSIM(Y)=0.7547
B100/16ch: PSNR(Y)=26.933, SSIM(Y)=0.7132
U100/16ch: PSNR(Y)=24.523, SSIM(Y)=0.7249
M109/16ch: PSNR(Y)=27.579, SSIM(Y)=0.8564
Model saved! Best loss: 0.046145
Epoch 108/200: Training loss=0.035844, lr=1.35e-03
Epoch 108/200: Validation combined_loss=0.046143
Validation configuration losses: 32ch=0.045325, 16ch=0.046962
Set5/32ch: PSNR(Y)=31.051, SSIM(Y)=0.8756
Set14/32ch: PSNR(Y)=27.903, SSIM(Y)=0.7617
B100/32ch: PSNR(Y)=27.102, SSIM(Y)=0.7189
U100/32ch: PSNR(Y)=24.858, SSIM(Y)=0.7386
M109/32ch: PSNR(Y)=28.244, SSIM(Y)=0.8708
Set5/16ch: PSNR(Y)=30.566, SSIM(Y)=0.8658
Set14/16ch: PSNR(Y)=27.610, SSIM(Y)=0.7547
B100/16ch: PSNR(Y)=26.933, SSIM(Y)=0.7132
U100/16ch: PSNR(Y)=24.523, SSIM(Y)=0.7249
M109/16ch: PSNR(Y)=27.579, SSIM(Y)=0.8564
Model saved! Best loss: 0.046143
Epoch 109/200: Training loss=0.035876, lr=1.33e-03
Epoch 109/200: Validation combined_loss=0.046139
Validation configuration losses: 32ch=0.045319, 16ch=0.046958
Set5/32ch: PSNR(Y)=31.047, SSIM(Y)=0.8756
Set14/32ch: PSNR(Y)=27.902, SSIM(Y)=0.7617
B100/32ch: PSNR(Y)=27.103, SSIM(Y)=0.7189
U100/32ch: PSNR(Y)=24.858, SSIM(Y)=0.7387
M109/32ch: PSNR(Y)=28.248, SSIM(Y)=0.8709
Set5/16ch: PSNR(Y)=30.565, SSIM(Y)=0.8658
Set14/16ch: PSNR(Y)=27.610, SSIM(Y)=0.7547
B100/16ch: PSNR(Y)=26.933, SSIM(Y)=0.7132
U100/16ch: PSNR(Y)=24.524, SSIM(Y)=0.7250
M109/16ch: PSNR(Y)=27.581, SSIM(Y)=0.8564
Model saved! Best loss: 0.046139
Epoch 110/200: Training loss=0.035864, lr=1.31e-03
Epoch 110/200: Validation combined_loss=0.046140
Validation configuration losses: 32ch=0.045322, 16ch=0.046958
Set5/32ch: PSNR(Y)=31.049, SSIM(Y)=0.8756
Set14/32ch: PSNR(Y)=27.902, SSIM(Y)=0.7617
B100/32ch: PSNR(Y)=27.102, SSIM(Y)=0.7189
U100/32ch: PSNR(Y)=24.857, SSIM(Y)=0.7386
M109/32ch: PSNR(Y)=28.247, SSIM(Y)=0.8709
Set5/16ch: PSNR(Y)=30.565, SSIM(Y)=0.8658
Set14/16ch: PSNR(Y)=27.610, SSIM(Y)=0.7547
B100/16ch: PSNR(Y)=26.933, SSIM(Y)=0.7132
U100/16ch: PSNR(Y)=24.523, SSIM(Y)=0.7250
M109/16ch: PSNR(Y)=27.581, SSIM(Y)=0.8564
Epoch 111/200: Training loss=0.035843, lr=1.29e-03
Epoch 111/200: Validation combined_loss=0.046135
Validation configuration losses: 32ch=0.045318, 16ch=0.046952
Set5/32ch: PSNR(Y)=31.049, SSIM(Y)=0.8756
Set14/32ch: PSNR(Y)=27.903, SSIM(Y)=0.7617
B100/32ch: PSNR(Y)=27.103, SSIM(Y)=0.7189
U100/32ch: PSNR(Y)=24.858, SSIM(Y)=0.7387
M109/32ch: PSNR(Y)=28.249, SSIM(Y)=0.8709
Set5/16ch: PSNR(Y)=30.567, SSIM(Y)=0.8658
Set14/16ch: PSNR(Y)=27.611, SSIM(Y)=0.7547
B100/16ch: PSNR(Y)=26.933, SSIM(Y)=0.7132
U100/16ch: PSNR(Y)=24.525, SSIM(Y)=0.7250
M109/16ch: PSNR(Y)=27.585, SSIM(Y)=0.8565
Model saved! Best loss: 0.046135
Epoch 112/200: Training loss=0.035896, lr=1.27e-03
Epoch 112/200: Validation combined_loss=0.046128
Validation configuration losses: 32ch=0.045312, 16ch=0.046944
Set5/32ch: PSNR(Y)=31.052, SSIM(Y)=0.8756
Set14/32ch: PSNR(Y)=27.904, SSIM(Y)=0.7618
B100/32ch: PSNR(Y)=27.103, SSIM(Y)=0.7189
U100/32ch: PSNR(Y)=24.858, SSIM(Y)=0.7387
M109/32ch: PSNR(Y)=28.250, SSIM(Y)=0.8710
Set5/16ch: PSNR(Y)=30.569, SSIM(Y)=0.8658
Set14/16ch: PSNR(Y)=27.612, SSIM(Y)=0.7547
B100/16ch: PSNR(Y)=26.933, SSIM(Y)=0.7132
U100/16ch: PSNR(Y)=24.525, SSIM(Y)=0.7250
M109/16ch: PSNR(Y)=27.589, SSIM(Y)=0.8566
Model saved! Best loss: 0.046128
Epoch 113/200: Training loss=0.035870, lr=1.25e-03
Epoch 113/200: Validation combined_loss=0.046133
Validation configuration losses: 32ch=0.045316, 16ch=0.046949
Set5/32ch: PSNR(Y)=31.055, SSIM(Y)=0.8757
Set14/32ch: PSNR(Y)=27.903, SSIM(Y)=0.7618
B100/32ch: PSNR(Y)=27.103, SSIM(Y)=0.7189
U100/32ch: PSNR(Y)=24.858, SSIM(Y)=0.7387
M109/32ch: PSNR(Y)=28.249, SSIM(Y)=0.8710
Set5/16ch: PSNR(Y)=30.568, SSIM(Y)=0.8658
Set14/16ch: PSNR(Y)=27.611, SSIM(Y)=0.7547
B100/16ch: PSNR(Y)=26.933, SSIM(Y)=0.7132
U100/16ch: PSNR(Y)=24.524, SSIM(Y)=0.7250
M109/16ch: PSNR(Y)=27.586, SSIM(Y)=0.8565
Epoch 114/200: Training loss=0.035885, lr=1.23e-03
Epoch 114/200: Validation combined_loss=0.046128
Validation configuration losses: 32ch=0.045311, 16ch=0.046945
Set5/32ch: PSNR(Y)=31.057, SSIM(Y)=0.8757
Set14/32ch: PSNR(Y)=27.904, SSIM(Y)=0.7618
B100/32ch: PSNR(Y)=27.104, SSIM(Y)=0.7189
U100/32ch: PSNR(Y)=24.859, SSIM(Y)=0.7387
M109/32ch: PSNR(Y)=28.250, SSIM(Y)=0.8710
Set5/16ch: PSNR(Y)=30.568, SSIM(Y)=0.8658
Set14/16ch: PSNR(Y)=27.612, SSIM(Y)=0.7547
B100/16ch: PSNR(Y)=26.933, SSIM(Y)=0.7132
U100/16ch: PSNR(Y)=24.525, SSIM(Y)=0.7250
M109/16ch: PSNR(Y)=27.588, SSIM(Y)=0.8566
Model saved! Best loss: 0.046128
Epoch 115/200: Training loss=0.035847, lr=1.21e-03
Epoch 115/200: Validation combined_loss=0.046117
Validation configuration losses: 32ch=0.045299, 16ch=0.046935
Set5/32ch: PSNR(Y)=31.058, SSIM(Y)=0.8757
Set14/32ch: PSNR(Y)=27.906, SSIM(Y)=0.7619
B100/32ch: PSNR(Y)=27.105, SSIM(Y)=0.7190
U100/32ch: PSNR(Y)=24.861, SSIM(Y)=0.7388
M109/32ch: PSNR(Y)=28.258, SSIM(Y)=0.8711
Set5/16ch: PSNR(Y)=30.568, SSIM(Y)=0.8658
Set14/16ch: PSNR(Y)=27.612, SSIM(Y)=0.7547
B100/16ch: PSNR(Y)=26.934, SSIM(Y)=0.7132
U100/16ch: PSNR(Y)=24.526, SSIM(Y)=0.7251
M109/16ch: PSNR(Y)=27.593, SSIM(Y)=0.8567
Model saved! Best loss: 0.046117
Epoch 116/200: Training loss=0.035850, lr=1.18e-03
Epoch 116/200: Validation combined_loss=0.046115
Validation configuration losses: 32ch=0.045298, 16ch=0.046933
Set5/32ch: PSNR(Y)=31.060, SSIM(Y)=0.8757
Set14/32ch: PSNR(Y)=27.908, SSIM(Y)=0.7619
B100/32ch: PSNR(Y)=27.105, SSIM(Y)=0.7190
U100/32ch: PSNR(Y)=24.861, SSIM(Y)=0.7388
M109/32ch: PSNR(Y)=28.257, SSIM(Y)=0.8711
Set5/16ch: PSNR(Y)=30.571, SSIM(Y)=0.8659
Set14/16ch: PSNR(Y)=27.614, SSIM(Y)=0.7548
B100/16ch: PSNR(Y)=26.934, SSIM(Y)=0.7133
U100/16ch: PSNR(Y)=24.527, SSIM(Y)=0.7251
M109/16ch: PSNR(Y)=27.596, SSIM(Y)=0.8567
Model saved! Best loss: 0.046115
Epoch 117/200: Training loss=0.035866, lr=1.16e-03
Epoch 117/200: Validation combined_loss=0.046113
Validation configuration losses: 32ch=0.045297, 16ch=0.046929
Set5/32ch: PSNR(Y)=31.062, SSIM(Y)=0.8757
Set14/32ch: PSNR(Y)=27.908, SSIM(Y)=0.7619
B100/32ch: PSNR(Y)=27.105, SSIM(Y)=0.7190
U100/32ch: PSNR(Y)=24.862, SSIM(Y)=0.7388
M109/32ch: PSNR(Y)=28.256, SSIM(Y)=0.8711
Set5/16ch: PSNR(Y)=30.573, SSIM(Y)=0.8659
Set14/16ch: PSNR(Y)=27.615, SSIM(Y)=0.7548
B100/16ch: PSNR(Y)=26.934, SSIM(Y)=0.7133
U100/16ch: PSNR(Y)=24.528, SSIM(Y)=0.7252
M109/16ch: PSNR(Y)=27.597, SSIM(Y)=0.8568
Model saved! Best loss: 0.046113
Epoch 118/200: Training loss=0.035895, lr=1.14e-03
Epoch 118/200: Validation combined_loss=0.046111
Validation configuration losses: 32ch=0.045295, 16ch=0.046927
Set5/32ch: PSNR(Y)=31.061, SSIM(Y)=0.8757
Set14/32ch: PSNR(Y)=27.910, SSIM(Y)=0.7619
B100/32ch: PSNR(Y)=27.106, SSIM(Y)=0.7190
U100/32ch: PSNR(Y)=24.862, SSIM(Y)=0.7388
M109/32ch: PSNR(Y)=28.258, SSIM(Y)=0.8712
Set5/16ch: PSNR(Y)=30.574, SSIM(Y)=0.8659
Set14/16ch: PSNR(Y)=27.615, SSIM(Y)=0.7548
B100/16ch: PSNR(Y)=26.935, SSIM(Y)=0.7133
U100/16ch: PSNR(Y)=24.528, SSIM(Y)=0.7251
M109/16ch: PSNR(Y)=27.597, SSIM(Y)=0.8568
Model saved! Best loss: 0.046111
Epoch 119/200: Training loss=0.035954, lr=1.12e-03
Epoch 119/200: Validation combined_loss=0.046111
Validation configuration losses: 32ch=0.045295, 16ch=0.046926
Set5/32ch: PSNR(Y)=31.060, SSIM(Y)=0.8757
Set14/32ch: PSNR(Y)=27.908, SSIM(Y)=0.7619
B100/32ch: PSNR(Y)=27.106, SSIM(Y)=0.7190
U100/32ch: PSNR(Y)=24.862, SSIM(Y)=0.7389
M109/32ch: PSNR(Y)=28.258, SSIM(Y)=0.8712
Set5/16ch: PSNR(Y)=30.573, SSIM(Y)=0.8659
Set14/16ch: PSNR(Y)=27.615, SSIM(Y)=0.7548
B100/16ch: PSNR(Y)=26.934, SSIM(Y)=0.7133
U100/16ch: PSNR(Y)=24.528, SSIM(Y)=0.7252
M109/16ch: PSNR(Y)=27.598, SSIM(Y)=0.8568
Model saved! Best loss: 0.046111
Epoch 120/200: Training loss=0.035850, lr=1.10e-03
Epoch 120/200: Validation combined_loss=0.046110
Validation configuration losses: 32ch=0.045295, 16ch=0.046924
Set5/32ch: PSNR(Y)=31.058, SSIM(Y)=0.8757
Set14/32ch: PSNR(Y)=27.907, SSIM(Y)=0.7619
B100/32ch: PSNR(Y)=27.106, SSIM(Y)=0.7190
U100/32ch: PSNR(Y)=24.862, SSIM(Y)=0.7389
M109/32ch: PSNR(Y)=28.257, SSIM(Y)=0.8712
Set5/16ch: PSNR(Y)=30.574, SSIM(Y)=0.8659
Set14/16ch: PSNR(Y)=27.615, SSIM(Y)=0.7548
B100/16ch: PSNR(Y)=26.935, SSIM(Y)=0.7133
U100/16ch: PSNR(Y)=24.528, SSIM(Y)=0.7252
M109/16ch: PSNR(Y)=27.599, SSIM(Y)=0.8568
Model saved! Best loss: 0.046110
Epoch 121/200: Training loss=0.035872, lr=1.08e-03
Epoch 121/200: Validation combined_loss=0.046107
Validation configuration losses: 32ch=0.045294, 16ch=0.046921
Set5/32ch: PSNR(Y)=31.060, SSIM(Y)=0.8757
Set14/32ch: PSNR(Y)=27.910, SSIM(Y)=0.7620
B100/32ch: PSNR(Y)=27.107, SSIM(Y)=0.7190
U100/32ch: PSNR(Y)=24.863, SSIM(Y)=0.7389
M109/32ch: PSNR(Y)=28.256, SSIM(Y)=0.8712
Set5/16ch: PSNR(Y)=30.574, SSIM(Y)=0.8659
Set14/16ch: PSNR(Y)=27.615, SSIM(Y)=0.7548
B100/16ch: PSNR(Y)=26.935, SSIM(Y)=0.7133
U100/16ch: PSNR(Y)=24.529, SSIM(Y)=0.7252
M109/16ch: PSNR(Y)=27.600, SSIM(Y)=0.8568
Model saved! Best loss: 0.046107
Epoch 122/200: Training loss=0.035847, lr=1.06e-03
Epoch 122/200: Validation combined_loss=0.046104
Validation configuration losses: 32ch=0.045291, 16ch=0.046917
Set5/32ch: PSNR(Y)=31.060, SSIM(Y)=0.8757
Set14/32ch: PSNR(Y)=27.911, SSIM(Y)=0.7620
B100/32ch: PSNR(Y)=27.107, SSIM(Y)=0.7190
U100/32ch: PSNR(Y)=24.863, SSIM(Y)=0.7390
M109/32ch: PSNR(Y)=28.259, SSIM(Y)=0.8713
Set5/16ch: PSNR(Y)=30.573, SSIM(Y)=0.8659
Set14/16ch: PSNR(Y)=27.616, SSIM(Y)=0.7548
B100/16ch: PSNR(Y)=26.935, SSIM(Y)=0.7133
U100/16ch: PSNR(Y)=24.530, SSIM(Y)=0.7253
M109/16ch: PSNR(Y)=27.603, SSIM(Y)=0.8569
Model saved! Best loss: 0.046104
Epoch 123/200: Training loss=0.035850, lr=1.04e-03
Epoch 123/200: Validation combined_loss=0.046101
Validation configuration losses: 32ch=0.045288, 16ch=0.046913
Set5/32ch: PSNR(Y)=31.061, SSIM(Y)=0.8757
Set14/32ch: PSNR(Y)=27.911, SSIM(Y)=0.7620
B100/32ch: PSNR(Y)=27.108, SSIM(Y)=0.7191
U100/32ch: PSNR(Y)=24.864, SSIM(Y)=0.7390
M109/32ch: PSNR(Y)=28.260, SSIM(Y)=0.8713
Set5/16ch: PSNR(Y)=30.573, SSIM(Y)=0.8658
Set14/16ch: PSNR(Y)=27.615, SSIM(Y)=0.7548
B100/16ch: PSNR(Y)=26.935, SSIM(Y)=0.7133
U100/16ch: PSNR(Y)=24.531, SSIM(Y)=0.7253
M109/16ch: PSNR(Y)=27.605, SSIM(Y)=0.8569
Model saved! Best loss: 0.046101
Epoch 124/200: Training loss=0.035880, lr=1.02e-03
Epoch 124/200: Validation combined_loss=0.046097
Validation configuration losses: 32ch=0.045285, 16ch=0.046908
Set5/32ch: PSNR(Y)=31.062, SSIM(Y)=0.8758
Set14/32ch: PSNR(Y)=27.911, SSIM(Y)=0.7620
B100/32ch: PSNR(Y)=27.107, SSIM(Y)=0.7191
U100/32ch: PSNR(Y)=24.864, SSIM(Y)=0.7390
M109/32ch: PSNR(Y)=28.263, SSIM(Y)=0.8713
Set5/16ch: PSNR(Y)=30.574, SSIM(Y)=0.8659
Set14/16ch: PSNR(Y)=27.616, SSIM(Y)=0.7548
B100/16ch: PSNR(Y)=26.936, SSIM(Y)=0.7133
U100/16ch: PSNR(Y)=24.531, SSIM(Y)=0.7253
M109/16ch: PSNR(Y)=27.608, SSIM(Y)=0.8570
Model saved! Best loss: 0.046097
Epoch 125/200: Training loss=0.035822, lr=9.97e-04
Epoch 125/200: Validation combined_loss=0.046098
Validation configuration losses: 32ch=0.045288, 16ch=0.046909
Set5/32ch: PSNR(Y)=31.063, SSIM(Y)=0.8758
Set14/32ch: PSNR(Y)=27.912, SSIM(Y)=0.7620
B100/32ch: PSNR(Y)=27.108, SSIM(Y)=0.7191
U100/32ch: PSNR(Y)=24.864, SSIM(Y)=0.7390
M109/32ch: PSNR(Y)=28.262, SSIM(Y)=0.8713
Set5/16ch: PSNR(Y)=30.575, SSIM(Y)=0.8659
Set14/16ch: PSNR(Y)=27.617, SSIM(Y)=0.7549
B100/16ch: PSNR(Y)=26.936, SSIM(Y)=0.7134
U100/16ch: PSNR(Y)=24.531, SSIM(Y)=0.7253
M109/16ch: PSNR(Y)=27.609, SSIM(Y)=0.8570
Epoch 126/200: Training loss=0.035859, lr=9.77e-04
Epoch 126/200: Validation combined_loss=0.046094
Validation configuration losses: 32ch=0.045282, 16ch=0.046906
Set5/32ch: PSNR(Y)=31.062, SSIM(Y)=0.8758
Set14/32ch: PSNR(Y)=27.912, SSIM(Y)=0.7620
B100/32ch: PSNR(Y)=27.108, SSIM(Y)=0.7191
U100/32ch: PSNR(Y)=24.865, SSIM(Y)=0.7390
M109/32ch: PSNR(Y)=28.264, SSIM(Y)=0.8713
Set5/16ch: PSNR(Y)=30.576, SSIM(Y)=0.8659
Set14/16ch: PSNR(Y)=27.617, SSIM(Y)=0.7549
B100/16ch: PSNR(Y)=26.936, SSIM(Y)=0.7133
U100/16ch: PSNR(Y)=24.532, SSIM(Y)=0.7253
M109/16ch: PSNR(Y)=27.610, SSIM(Y)=0.8571
Model saved! Best loss: 0.046094
Epoch 127/200: Training loss=0.035838, lr=9.56e-04
Epoch 127/200: Validation combined_loss=0.046087
Validation configuration losses: 32ch=0.045275, 16ch=0.046898
Set5/32ch: PSNR(Y)=31.064, SSIM(Y)=0.8758
Set14/32ch: PSNR(Y)=27.913, SSIM(Y)=0.7620
B100/32ch: PSNR(Y)=27.109, SSIM(Y)=0.7191
U100/32ch: PSNR(Y)=24.866, SSIM(Y)=0.7391
M109/32ch: PSNR(Y)=28.269, SSIM(Y)=0.8714
Set5/16ch: PSNR(Y)=30.577, SSIM(Y)=0.8659
Set14/16ch: PSNR(Y)=27.617, SSIM(Y)=0.7549
B100/16ch: PSNR(Y)=26.936, SSIM(Y)=0.7134
U100/16ch: PSNR(Y)=24.533, SSIM(Y)=0.7254
M109/16ch: PSNR(Y)=27.616, SSIM(Y)=0.8572
Model saved! Best loss: 0.046087
Epoch 128/200: Training loss=0.035846, lr=9.36e-04
Epoch 128/200: Validation combined_loss=0.046086
Validation configuration losses: 32ch=0.045275, 16ch=0.046897
Set5/32ch: PSNR(Y)=31.066, SSIM(Y)=0.8758
Set14/32ch: PSNR(Y)=27.913, SSIM(Y)=0.7620
B100/32ch: PSNR(Y)=27.108, SSIM(Y)=0.7191
U100/32ch: PSNR(Y)=24.866, SSIM(Y)=0.7391
M109/32ch: PSNR(Y)=28.267, SSIM(Y)=0.8714
Set5/16ch: PSNR(Y)=30.579, SSIM(Y)=0.8660
Set14/16ch: PSNR(Y)=27.617, SSIM(Y)=0.7549
B100/16ch: PSNR(Y)=26.936, SSIM(Y)=0.7134
U100/16ch: PSNR(Y)=24.533, SSIM(Y)=0.7254
M109/16ch: PSNR(Y)=27.616, SSIM(Y)=0.8572
Model saved! Best loss: 0.046086
Epoch 129/200: Training loss=0.035872, lr=9.16e-04
Epoch 129/200: Validation combined_loss=0.046083
Validation configuration losses: 32ch=0.045273, 16ch=0.046893
Set5/32ch: PSNR(Y)=31.065, SSIM(Y)=0.8758
Set14/32ch: PSNR(Y)=27.914, SSIM(Y)=0.7621
B100/32ch: PSNR(Y)=27.109, SSIM(Y)=0.7191
U100/32ch: PSNR(Y)=24.866, SSIM(Y)=0.7391
M109/32ch: PSNR(Y)=28.267, SSIM(Y)=0.8714
Set5/16ch: PSNR(Y)=30.577, SSIM(Y)=0.8659
Set14/16ch: PSNR(Y)=27.617, SSIM(Y)=0.7549
B100/16ch: PSNR(Y)=26.937, SSIM(Y)=0.7134
U100/16ch: PSNR(Y)=24.534, SSIM(Y)=0.7254
M109/16ch: PSNR(Y)=27.618, SSIM(Y)=0.8572
Model saved! Best loss: 0.046083
Epoch 130/200: Training loss=0.035873, lr=8.96e-04
Epoch 130/200: Validation combined_loss=0.046082
Validation configuration losses: 32ch=0.045272, 16ch=0.046892
Set5/32ch: PSNR(Y)=31.066, SSIM(Y)=0.8758
Set14/32ch: PSNR(Y)=27.915, SSIM(Y)=0.7621
B100/32ch: PSNR(Y)=27.109, SSIM(Y)=0.7191
U100/32ch: PSNR(Y)=24.866, SSIM(Y)=0.7392
M109/32ch: PSNR(Y)=28.270, SSIM(Y)=0.8714
Set5/16ch: PSNR(Y)=30.577, SSIM(Y)=0.8659
Set14/16ch: PSNR(Y)=27.617, SSIM(Y)=0.7549
B100/16ch: PSNR(Y)=26.937, SSIM(Y)=0.7134
U100/16ch: PSNR(Y)=24.534, SSIM(Y)=0.7254
M109/16ch: PSNR(Y)=27.619, SSIM(Y)=0.8572
Model saved! Best loss: 0.046082
Epoch 131/200: Training loss=0.035891, lr=8.76e-04
Epoch 131/200: Validation combined_loss=0.046079
Validation configuration losses: 32ch=0.045269, 16ch=0.046890
Set5/32ch: PSNR(Y)=31.065, SSIM(Y)=0.8758
Set14/32ch: PSNR(Y)=27.913, SSIM(Y)=0.7621
B100/32ch: PSNR(Y)=27.109, SSIM(Y)=0.7191
U100/32ch: PSNR(Y)=24.867, SSIM(Y)=0.7392
M109/32ch: PSNR(Y)=28.271, SSIM(Y)=0.8714
Set5/16ch: PSNR(Y)=30.577, SSIM(Y)=0.8659
Set14/16ch: PSNR(Y)=27.617, SSIM(Y)=0.7549
B100/16ch: PSNR(Y)=26.937, SSIM(Y)=0.7134
U100/16ch: PSNR(Y)=24.534, SSIM(Y)=0.7254
M109/16ch: PSNR(Y)=27.620, SSIM(Y)=0.8572
Model saved! Best loss: 0.046079
Epoch 132/200: Training loss=0.035889, lr=8.56e-04
Epoch 132/200: Validation combined_loss=0.046079
Validation configuration losses: 32ch=0.045268, 16ch=0.046889
Set5/32ch: PSNR(Y)=31.064, SSIM(Y)=0.8758
Set14/32ch: PSNR(Y)=27.914, SSIM(Y)=0.7621
B100/32ch: PSNR(Y)=27.109, SSIM(Y)=0.7191
U100/32ch: PSNR(Y)=24.868, SSIM(Y)=0.7392
M109/32ch: PSNR(Y)=28.269, SSIM(Y)=0.8714
Set5/16ch: PSNR(Y)=30.578, SSIM(Y)=0.8660
Set14/16ch: PSNR(Y)=27.617, SSIM(Y)=0.7549
B100/16ch: PSNR(Y)=26.937, SSIM(Y)=0.7134
U100/16ch: PSNR(Y)=24.535, SSIM(Y)=0.7255
M109/16ch: PSNR(Y)=27.621, SSIM(Y)=0.8572
Model saved! Best loss: 0.046079
Epoch 133/200: Training loss=0.035835, lr=8.37e-04
Epoch 133/200: Validation combined_loss=0.046078
Validation configuration losses: 32ch=0.045268, 16ch=0.046887
Set5/32ch: PSNR(Y)=31.066, SSIM(Y)=0.8759
Set14/32ch: PSNR(Y)=27.915, SSIM(Y)=0.7621
B100/32ch: PSNR(Y)=27.109, SSIM(Y)=0.7191
U100/32ch: PSNR(Y)=24.868, SSIM(Y)=0.7392
M109/32ch: PSNR(Y)=28.269, SSIM(Y)=0.8714
Set5/16ch: PSNR(Y)=30.580, SSIM(Y)=0.8660
Set14/16ch: PSNR(Y)=27.618, SSIM(Y)=0.7549
B100/16ch: PSNR(Y)=26.937, SSIM(Y)=0.7134
U100/16ch: PSNR(Y)=24.535, SSIM(Y)=0.7255
M109/16ch: PSNR(Y)=27.621, SSIM(Y)=0.8573
Model saved! Best loss: 0.046078
Epoch 134/200: Training loss=0.035865, lr=8.17e-04
Epoch 134/200: Validation combined_loss=0.046077
Validation configuration losses: 32ch=0.045268, 16ch=0.046887
Set5/32ch: PSNR(Y)=31.066, SSIM(Y)=0.8758
Set14/32ch: PSNR(Y)=27.915, SSIM(Y)=0.7621
B100/32ch: PSNR(Y)=27.109, SSIM(Y)=0.7192
U100/32ch: PSNR(Y)=24.868, SSIM(Y)=0.7392
M109/32ch: PSNR(Y)=28.268, SSIM(Y)=0.8714
Set5/16ch: PSNR(Y)=30.579, SSIM(Y)=0.8659
Set14/16ch: PSNR(Y)=27.617, SSIM(Y)=0.7549
B100/16ch: PSNR(Y)=26.937, SSIM(Y)=0.7134
U100/16ch: PSNR(Y)=24.535, SSIM(Y)=0.7255
M109/16ch: PSNR(Y)=27.621, SSIM(Y)=0.8573
Model saved! Best loss: 0.046077
Epoch 135/200: Training loss=0.035811, lr=7.98e-04
Epoch 135/200: Validation combined_loss=0.046076
Validation configuration losses: 32ch=0.045268, 16ch=0.046884
Set5/32ch: PSNR(Y)=31.065, SSIM(Y)=0.8758
Set14/32ch: PSNR(Y)=27.915, SSIM(Y)=0.7622
B100/32ch: PSNR(Y)=27.109, SSIM(Y)=0.7191
U100/32ch: PSNR(Y)=24.868, SSIM(Y)=0.7392
M109/32ch: PSNR(Y)=28.269, SSIM(Y)=0.8714
Set5/16ch: PSNR(Y)=30.580, SSIM(Y)=0.8659
Set14/16ch: PSNR(Y)=27.618, SSIM(Y)=0.7550
B100/16ch: PSNR(Y)=26.937, SSIM(Y)=0.7134
U100/16ch: PSNR(Y)=24.536, SSIM(Y)=0.7255
M109/16ch: PSNR(Y)=27.624, SSIM(Y)=0.8573
Model saved! Best loss: 0.046076
Epoch 136/200: Training loss=0.035842, lr=7.79e-04
Epoch 136/200: Validation combined_loss=0.046074
Validation configuration losses: 32ch=0.045265, 16ch=0.046882
Set5/32ch: PSNR(Y)=31.067, SSIM(Y)=0.8758
Set14/32ch: PSNR(Y)=27.914, SSIM(Y)=0.7622
B100/32ch: PSNR(Y)=27.109, SSIM(Y)=0.7192
U100/32ch: PSNR(Y)=24.868, SSIM(Y)=0.7392
M109/32ch: PSNR(Y)=28.270, SSIM(Y)=0.8715
Set5/16ch: PSNR(Y)=30.583, SSIM(Y)=0.8660
Set14/16ch: PSNR(Y)=27.618, SSIM(Y)=0.7550
B100/16ch: PSNR(Y)=26.937, SSIM(Y)=0.7134
U100/16ch: PSNR(Y)=24.536, SSIM(Y)=0.7255
M109/16ch: PSNR(Y)=27.624, SSIM(Y)=0.8573
Model saved! Best loss: 0.046074
Epoch 137/200: Training loss=0.035823, lr=7.60e-04
Epoch 137/200: Validation combined_loss=0.046077
Validation configuration losses: 32ch=0.045271, 16ch=0.046882
Set5/32ch: PSNR(Y)=31.066, SSIM(Y)=0.8758
Set14/32ch: PSNR(Y)=27.914, SSIM(Y)=0.7622
B100/32ch: PSNR(Y)=27.109, SSIM(Y)=0.7192
U100/32ch: PSNR(Y)=24.867, SSIM(Y)=0.7392
M109/32ch: PSNR(Y)=28.266, SSIM(Y)=0.8714
Set5/16ch: PSNR(Y)=30.584, SSIM(Y)=0.8660
Set14/16ch: PSNR(Y)=27.618, SSIM(Y)=0.7550
B100/16ch: PSNR(Y)=26.937, SSIM(Y)=0.7134
U100/16ch: PSNR(Y)=24.536, SSIM(Y)=0.7255
M109/16ch: PSNR(Y)=27.624, SSIM(Y)=0.8573
Epoch 138/200: Training loss=0.035857, lr=7.41e-04
Epoch 138/200: Validation combined_loss=0.046070
Validation configuration losses: 32ch=0.045264, 16ch=0.046876
Set5/32ch: PSNR(Y)=31.068, SSIM(Y)=0.8759
Set14/32ch: PSNR(Y)=27.915, SSIM(Y)=0.7622
B100/32ch: PSNR(Y)=27.110, SSIM(Y)=0.7192
U100/32ch: PSNR(Y)=24.868, SSIM(Y)=0.7393
M109/32ch: PSNR(Y)=28.272, SSIM(Y)=0.8715
Set5/16ch: PSNR(Y)=30.584, SSIM(Y)=0.8660
Set14/16ch: PSNR(Y)=27.619, SSIM(Y)=0.7550
B100/16ch: PSNR(Y)=26.938, SSIM(Y)=0.7134
U100/16ch: PSNR(Y)=24.537, SSIM(Y)=0.7256
M109/16ch: PSNR(Y)=27.629, SSIM(Y)=0.8574
Model saved! Best loss: 0.046070
Epoch 139/200: Training loss=0.035856, lr=7.22e-04
Epoch 139/200: Validation combined_loss=0.046071
Validation configuration losses: 32ch=0.045265, 16ch=0.046877
Set5/32ch: PSNR(Y)=31.067, SSIM(Y)=0.8758
Set14/32ch: PSNR(Y)=27.915, SSIM(Y)=0.7622
B100/32ch: PSNR(Y)=27.110, SSIM(Y)=0.7192
U100/32ch: PSNR(Y)=24.868, SSIM(Y)=0.7393
M109/32ch: PSNR(Y)=28.272, SSIM(Y)=0.8715
Set5/16ch: PSNR(Y)=30.583, SSIM(Y)=0.8660
Set14/16ch: PSNR(Y)=27.619, SSIM(Y)=0.7550
B100/16ch: PSNR(Y)=26.938, SSIM(Y)=0.7134
U100/16ch: PSNR(Y)=24.537, SSIM(Y)=0.7256
M109/16ch: PSNR(Y)=27.629, SSIM(Y)=0.8574
Epoch 140/200: Training loss=0.035820, lr=7.03e-04
Epoch 140/200: Validation combined_loss=0.046066
Validation configuration losses: 32ch=0.045261, 16ch=0.046872
Set5/32ch: PSNR(Y)=31.068, SSIM(Y)=0.8758
Set14/32ch: PSNR(Y)=27.917, SSIM(Y)=0.7622
B100/32ch: PSNR(Y)=27.110, SSIM(Y)=0.7192
U100/32ch: PSNR(Y)=24.870, SSIM(Y)=0.7393
M109/32ch: PSNR(Y)=28.274, SSIM(Y)=0.8716
Set5/16ch: PSNR(Y)=30.585, SSIM(Y)=0.8660
Set14/16ch: PSNR(Y)=27.620, SSIM(Y)=0.7550
B100/16ch: PSNR(Y)=26.938, SSIM(Y)=0.7135
U100/16ch: PSNR(Y)=24.538, SSIM(Y)=0.7256
M109/16ch: PSNR(Y)=27.632, SSIM(Y)=0.8575
Model saved! Best loss: 0.046066
Epoch 141/200: Training loss=0.035873, lr=6.85e-04
Epoch 141/200: Validation combined_loss=0.046068
Validation configuration losses: 32ch=0.045262, 16ch=0.046874
Set5/32ch: PSNR(Y)=31.067, SSIM(Y)=0.8758
Set14/32ch: PSNR(Y)=27.917, SSIM(Y)=0.7622
B100/32ch: PSNR(Y)=27.110, SSIM(Y)=0.7192
U100/32ch: PSNR(Y)=24.869, SSIM(Y)=0.7393
M109/32ch: PSNR(Y)=28.273, SSIM(Y)=0.8716
Set5/16ch: PSNR(Y)=30.583, SSIM(Y)=0.8660
Set14/16ch: PSNR(Y)=27.620, SSIM(Y)=0.7550
B100/16ch: PSNR(Y)=26.938, SSIM(Y)=0.7135
U100/16ch: PSNR(Y)=24.537, SSIM(Y)=0.7256
M109/16ch: PSNR(Y)=27.630, SSIM(Y)=0.8575
Epoch 142/200: Training loss=0.035850, lr=6.67e-04
Epoch 142/200: Validation combined_loss=0.046065
Validation configuration losses: 32ch=0.045261, 16ch=0.046870
Set5/32ch: PSNR(Y)=31.070, SSIM(Y)=0.8759
Set14/32ch: PSNR(Y)=27.916, SSIM(Y)=0.7622
B100/32ch: PSNR(Y)=27.110, SSIM(Y)=0.7192
U100/32ch: PSNR(Y)=24.869, SSIM(Y)=0.7393
M109/32ch: PSNR(Y)=28.273, SSIM(Y)=0.8716
Set5/16ch: PSNR(Y)=30.584, SSIM(Y)=0.8660
Set14/16ch: PSNR(Y)=27.620, SSIM(Y)=0.7550
B100/16ch: PSNR(Y)=26.938, SSIM(Y)=0.7135
U100/16ch: PSNR(Y)=24.538, SSIM(Y)=0.7256
M109/16ch: PSNR(Y)=27.633, SSIM(Y)=0.8575
Model saved! Best loss: 0.046065
Epoch 143/200: Training loss=0.035855, lr=6.49e-04
Epoch 143/200: Validation combined_loss=0.046063
Validation configuration losses: 32ch=0.045260, 16ch=0.046866
Set5/32ch: PSNR(Y)=31.069, SSIM(Y)=0.8759
Set14/32ch: PSNR(Y)=27.917, SSIM(Y)=0.7622
B100/32ch: PSNR(Y)=27.110, SSIM(Y)=0.7192
U100/32ch: PSNR(Y)=24.869, SSIM(Y)=0.7393
M109/32ch: PSNR(Y)=28.274, SSIM(Y)=0.8716
Set5/16ch: PSNR(Y)=30.586, SSIM(Y)=0.8661
Set14/16ch: PSNR(Y)=27.620, SSIM(Y)=0.7550
B100/16ch: PSNR(Y)=26.938, SSIM(Y)=0.7135
U100/16ch: PSNR(Y)=24.539, SSIM(Y)=0.7257
M109/16ch: PSNR(Y)=27.635, SSIM(Y)=0.8575
Model saved! Best loss: 0.046063
Epoch 144/200: Training loss=0.035838, lr=6.31e-04
Epoch 144/200: Validation combined_loss=0.046063
Validation configuration losses: 32ch=0.045259, 16ch=0.046867
Set5/32ch: PSNR(Y)=31.071, SSIM(Y)=0.8759
Set14/32ch: PSNR(Y)=27.916, SSIM(Y)=0.7622
B100/32ch: PSNR(Y)=27.110, SSIM(Y)=0.7192
U100/32ch: PSNR(Y)=24.869, SSIM(Y)=0.7393
M109/32ch: PSNR(Y)=28.273, SSIM(Y)=0.8716
Set5/16ch: PSNR(Y)=30.586, SSIM(Y)=0.8661
Set14/16ch: PSNR(Y)=27.620, SSIM(Y)=0.7550
B100/16ch: PSNR(Y)=26.938, SSIM(Y)=0.7135
U100/16ch: PSNR(Y)=24.538, SSIM(Y)=0.7256
M109/16ch: PSNR(Y)=27.634, SSIM(Y)=0.8575
Epoch 145/200: Training loss=0.035868, lr=6.13e-04
Epoch 145/200: Validation combined_loss=0.046062
Validation configuration losses: 32ch=0.045257, 16ch=0.046866
Set5/32ch: PSNR(Y)=31.070, SSIM(Y)=0.8759
Set14/32ch: PSNR(Y)=27.916, SSIM(Y)=0.7622
B100/32ch: PSNR(Y)=27.111, SSIM(Y)=0.7192
U100/32ch: PSNR(Y)=24.871, SSIM(Y)=0.7394
M109/32ch: PSNR(Y)=28.272, SSIM(Y)=0.8716
Set5/16ch: PSNR(Y)=30.586, SSIM(Y)=0.8661
Set14/16ch: PSNR(Y)=27.621, SSIM(Y)=0.7551
B100/16ch: PSNR(Y)=26.939, SSIM(Y)=0.7135
U100/16ch: PSNR(Y)=24.539, SSIM(Y)=0.7257
M109/16ch: PSNR(Y)=27.634, SSIM(Y)=0.8576
Model saved! Best loss: 0.046062
Epoch 146/200: Training loss=0.035784, lr=5.96e-04
Epoch 146/200: Validation combined_loss=0.046060
Validation configuration losses: 32ch=0.045256, 16ch=0.046864
Set5/32ch: PSNR(Y)=31.071, SSIM(Y)=0.8759
Set14/32ch: PSNR(Y)=27.916, SSIM(Y)=0.7622
B100/32ch: PSNR(Y)=27.111, SSIM(Y)=0.7192
U100/32ch: PSNR(Y)=24.870, SSIM(Y)=0.7394
M109/32ch: PSNR(Y)=28.275, SSIM(Y)=0.8716
Set5/16ch: PSNR(Y)=30.587, SSIM(Y)=0.8661
Set14/16ch: PSNR(Y)=27.621, SSIM(Y)=0.7551
B100/16ch: PSNR(Y)=26.939, SSIM(Y)=0.7135
U100/16ch: PSNR(Y)=24.539, SSIM(Y)=0.7257
M109/16ch: PSNR(Y)=27.635, SSIM(Y)=0.8576
Model saved! Best loss: 0.046060
Epoch 147/200: Training loss=0.035836, lr=5.79e-04
Epoch 147/200: Validation combined_loss=0.046058
Validation configuration losses: 32ch=0.045254, 16ch=0.046862
Set5/32ch: PSNR(Y)=31.072, SSIM(Y)=0.8759
Set14/32ch: PSNR(Y)=27.916, SSIM(Y)=0.7622
B100/32ch: PSNR(Y)=27.110, SSIM(Y)=0.7192
U100/32ch: PSNR(Y)=24.870, SSIM(Y)=0.7394
M109/32ch: PSNR(Y)=28.277, SSIM(Y)=0.8716
Set5/16ch: PSNR(Y)=30.588, SSIM(Y)=0.8661
Set14/16ch: PSNR(Y)=27.621, SSIM(Y)=0.7551
B100/16ch: PSNR(Y)=26.939, SSIM(Y)=0.7135
U100/16ch: PSNR(Y)=24.539, SSIM(Y)=0.7257
M109/16ch: PSNR(Y)=27.636, SSIM(Y)=0.8576
Model saved! Best loss: 0.046058
Epoch 148/200: Training loss=0.035887, lr=5.62e-04
Epoch 148/200: Validation combined_loss=0.046054
Validation configuration losses: 32ch=0.045250, 16ch=0.046859
Set5/32ch: PSNR(Y)=31.070, SSIM(Y)=0.8759
Set14/32ch: PSNR(Y)=27.916, SSIM(Y)=0.7622
B100/32ch: PSNR(Y)=27.110, SSIM(Y)=0.7192
U100/32ch: PSNR(Y)=24.871, SSIM(Y)=0.7394
M109/32ch: PSNR(Y)=28.279, SSIM(Y)=0.8716
Set5/16ch: PSNR(Y)=30.588, SSIM(Y)=0.8661
Set14/16ch: PSNR(Y)=27.621, SSIM(Y)=0.7551
B100/16ch: PSNR(Y)=26.939, SSIM(Y)=0.7135
U100/16ch: PSNR(Y)=24.540, SSIM(Y)=0.7257
M109/16ch: PSNR(Y)=27.640, SSIM(Y)=0.8576
Model saved! Best loss: 0.046054
Epoch 149/200: Training loss=0.035859, lr=5.45e-04
Epoch 149/200: Validation combined_loss=0.046052
Validation configuration losses: 32ch=0.045247, 16ch=0.046856
Set5/32ch: PSNR(Y)=31.069, SSIM(Y)=0.8759
Set14/32ch: PSNR(Y)=27.917, SSIM(Y)=0.7622
B100/32ch: PSNR(Y)=27.110, SSIM(Y)=0.7192
U100/32ch: PSNR(Y)=24.870, SSIM(Y)=0.7394
M109/32ch: PSNR(Y)=28.279, SSIM(Y)=0.8717
Set5/16ch: PSNR(Y)=30.588, SSIM(Y)=0.8661
Set14/16ch: PSNR(Y)=27.621, SSIM(Y)=0.7550
B100/16ch: PSNR(Y)=26.939, SSIM(Y)=0.7135
U100/16ch: PSNR(Y)=24.540, SSIM(Y)=0.7257
M109/16ch: PSNR(Y)=27.640, SSIM(Y)=0.8576
Model saved! Best loss: 0.046052
Epoch 150/200: Training loss=0.035844, lr=5.29e-04
Epoch 150/200: Validation combined_loss=0.046050
Validation configuration losses: 32ch=0.045245, 16ch=0.046855
Set5/32ch: PSNR(Y)=31.073, SSIM(Y)=0.8760
Set14/32ch: PSNR(Y)=27.918, SSIM(Y)=0.7622
B100/32ch: PSNR(Y)=27.111, SSIM(Y)=0.7192
U100/32ch: PSNR(Y)=24.871, SSIM(Y)=0.7395
M109/32ch: PSNR(Y)=28.279, SSIM(Y)=0.8717
Set5/16ch: PSNR(Y)=30.590, SSIM(Y)=0.8662
Set14/16ch: PSNR(Y)=27.621, SSIM(Y)=0.7551
B100/16ch: PSNR(Y)=26.939, SSIM(Y)=0.7135
U100/16ch: PSNR(Y)=24.540, SSIM(Y)=0.7257
M109/16ch: PSNR(Y)=27.641, SSIM(Y)=0.8577
Model saved! Best loss: 0.046050
Epoch 151/200: Training loss=0.035808, lr=5.12e-04
Epoch 151/200: Validation combined_loss=0.046049
Validation configuration losses: 32ch=0.045244, 16ch=0.046854
Set5/32ch: PSNR(Y)=31.073, SSIM(Y)=0.8760
Set14/32ch: PSNR(Y)=27.918, SSIM(Y)=0.7623
B100/32ch: PSNR(Y)=27.111, SSIM(Y)=0.7193
U100/32ch: PSNR(Y)=24.871, SSIM(Y)=0.7395
M109/32ch: PSNR(Y)=28.280, SSIM(Y)=0.8717
Set5/16ch: PSNR(Y)=30.591, SSIM(Y)=0.8662
Set14/16ch: PSNR(Y)=27.622, SSIM(Y)=0.7551
B100/16ch: PSNR(Y)=26.939, SSIM(Y)=0.7135
U100/16ch: PSNR(Y)=24.540, SSIM(Y)=0.7257
M109/16ch: PSNR(Y)=27.641, SSIM(Y)=0.8577
Model saved! Best loss: 0.046049
Epoch 152/200: Training loss=0.035839, lr=4.96e-04
Epoch 152/200: Validation combined_loss=0.046052
Validation configuration losses: 32ch=0.045249, 16ch=0.046855
Set5/32ch: PSNR(Y)=31.072, SSIM(Y)=0.8759
Set14/32ch: PSNR(Y)=27.918, SSIM(Y)=0.7623
B100/32ch: PSNR(Y)=27.111, SSIM(Y)=0.7193
U100/32ch: PSNR(Y)=24.871, SSIM(Y)=0.7395
M109/32ch: PSNR(Y)=28.279, SSIM(Y)=0.8717
Set5/16ch: PSNR(Y)=30.590, SSIM(Y)=0.8662
Set14/16ch: PSNR(Y)=27.622, SSIM(Y)=0.7551
B100/16ch: PSNR(Y)=26.939, SSIM(Y)=0.7135
U100/16ch: PSNR(Y)=24.540, SSIM(Y)=0.7257
M109/16ch: PSNR(Y)=27.642, SSIM(Y)=0.8577
Epoch 153/200: Training loss=0.035827, lr=4.80e-04
Epoch 153/200: Validation combined_loss=0.046049
Validation configuration losses: 32ch=0.045247, 16ch=0.046851
Set5/32ch: PSNR(Y)=31.075, SSIM(Y)=0.8760
Set14/32ch: PSNR(Y)=27.919, SSIM(Y)=0.7623
B100/32ch: PSNR(Y)=27.111, SSIM(Y)=0.7193
U100/32ch: PSNR(Y)=24.871, SSIM(Y)=0.7395
M109/32ch: PSNR(Y)=28.281, SSIM(Y)=0.8717
Set5/16ch: PSNR(Y)=30.590, SSIM(Y)=0.8662
Set14/16ch: PSNR(Y)=27.622, SSIM(Y)=0.7551
B100/16ch: PSNR(Y)=26.939, SSIM(Y)=0.7135
U100/16ch: PSNR(Y)=24.541, SSIM(Y)=0.7258
M109/16ch: PSNR(Y)=27.643, SSIM(Y)=0.8577
Epoch 154/200: Training loss=0.035832, lr=4.65e-04
Epoch 154/200: Validation combined_loss=0.046046
Validation configuration losses: 32ch=0.045243, 16ch=0.046849
Set5/32ch: PSNR(Y)=31.072, SSIM(Y)=0.8760
Set14/32ch: PSNR(Y)=27.921, SSIM(Y)=0.7623
B100/32ch: PSNR(Y)=27.111, SSIM(Y)=0.7193
U100/32ch: PSNR(Y)=24.872, SSIM(Y)=0.7395
M109/32ch: PSNR(Y)=28.284, SSIM(Y)=0.8718
Set5/16ch: PSNR(Y)=30.590, SSIM(Y)=0.8662
Set14/16ch: PSNR(Y)=27.623, SSIM(Y)=0.7551
B100/16ch: PSNR(Y)=26.940, SSIM(Y)=0.7135
U100/16ch: PSNR(Y)=24.541, SSIM(Y)=0.7258
M109/16ch: PSNR(Y)=27.645, SSIM(Y)=0.8577
Model saved! Best loss: 0.046046
Epoch 155/200: Training loss=0.035820, lr=4.49e-04
Epoch 155/200: Validation combined_loss=0.046046
Validation configuration losses: 32ch=0.045243, 16ch=0.046849
Set5/32ch: PSNR(Y)=31.072, SSIM(Y)=0.8759
Set14/32ch: PSNR(Y)=27.919, SSIM(Y)=0.7623
B100/32ch: PSNR(Y)=27.111, SSIM(Y)=0.7192
U100/32ch: PSNR(Y)=24.872, SSIM(Y)=0.7395
M109/32ch: PSNR(Y)=28.283, SSIM(Y)=0.8717
Set5/16ch: PSNR(Y)=30.591, SSIM(Y)=0.8662
Set14/16ch: PSNR(Y)=27.622, SSIM(Y)=0.7551
B100/16ch: PSNR(Y)=26.939, SSIM(Y)=0.7135
U100/16ch: PSNR(Y)=24.541, SSIM(Y)=0.7258
M109/16ch: PSNR(Y)=27.645, SSIM(Y)=0.8577
Epoch 156/200: Training loss=0.035834, lr=4.34e-04
Epoch 156/200: Validation combined_loss=0.046046
Validation configuration losses: 32ch=0.045244, 16ch=0.046849
Set5/32ch: PSNR(Y)=31.074, SSIM(Y)=0.8760
Set14/32ch: PSNR(Y)=27.920, SSIM(Y)=0.7623
B100/32ch: PSNR(Y)=27.111, SSIM(Y)=0.7193
U100/32ch: PSNR(Y)=24.872, SSIM(Y)=0.7395
M109/32ch: PSNR(Y)=28.282, SSIM(Y)=0.8717
Set5/16ch: PSNR(Y)=30.591, SSIM(Y)=0.8662
Set14/16ch: PSNR(Y)=27.622, SSIM(Y)=0.7551
B100/16ch: PSNR(Y)=26.940, SSIM(Y)=0.7135
U100/16ch: PSNR(Y)=24.541, SSIM(Y)=0.7258
M109/16ch: PSNR(Y)=27.645, SSIM(Y)=0.8577
Epoch 157/200: Training loss=0.035800, lr=4.20e-04
Epoch 157/200: Validation combined_loss=0.046048
Validation configuration losses: 32ch=0.045247, 16ch=0.046848
Set5/32ch: PSNR(Y)=31.072, SSIM(Y)=0.8760
Set14/32ch: PSNR(Y)=27.919, SSIM(Y)=0.7623
B100/32ch: PSNR(Y)=27.111, SSIM(Y)=0.7193
U100/32ch: PSNR(Y)=24.872, SSIM(Y)=0.7395
M109/32ch: PSNR(Y)=28.278, SSIM(Y)=0.8717
Set5/16ch: PSNR(Y)=30.591, SSIM(Y)=0.8662
Set14/16ch: PSNR(Y)=27.622, SSIM(Y)=0.7551
B100/16ch: PSNR(Y)=26.940, SSIM(Y)=0.7135
U100/16ch: PSNR(Y)=24.542, SSIM(Y)=0.7258
M109/16ch: PSNR(Y)=27.644, SSIM(Y)=0.8578
Epoch 158/200: Training loss=0.035882, lr=4.05e-04
Epoch 158/200: Validation combined_loss=0.046043
Validation configuration losses: 32ch=0.045240, 16ch=0.046846
Set5/32ch: PSNR(Y)=31.071, SSIM(Y)=0.8759
Set14/32ch: PSNR(Y)=27.920, SSIM(Y)=0.7623
B100/32ch: PSNR(Y)=27.112, SSIM(Y)=0.7193
U100/32ch: PSNR(Y)=24.873, SSIM(Y)=0.7395
M109/32ch: PSNR(Y)=28.283, SSIM(Y)=0.8717
Set5/16ch: PSNR(Y)=30.591, SSIM(Y)=0.8662
Set14/16ch: PSNR(Y)=27.622, SSIM(Y)=0.7551
B100/16ch: PSNR(Y)=26.940, SSIM(Y)=0.7135
U100/16ch: PSNR(Y)=24.542, SSIM(Y)=0.7258
M109/16ch: PSNR(Y)=27.646, SSIM(Y)=0.8578
Model saved! Best loss: 0.046043
Epoch 159/200: Training loss=0.035852, lr=3.91e-04
Epoch 159/200: Validation combined_loss=0.046042
Validation configuration losses: 32ch=0.045240, 16ch=0.046844
Set5/32ch: PSNR(Y)=31.071, SSIM(Y)=0.8759
Set14/32ch: PSNR(Y)=27.919, SSIM(Y)=0.7623
B100/32ch: PSNR(Y)=27.112, SSIM(Y)=0.7193
U100/32ch: PSNR(Y)=24.872, SSIM(Y)=0.7395
M109/32ch: PSNR(Y)=28.285, SSIM(Y)=0.8718
Set5/16ch: PSNR(Y)=30.592, SSIM(Y)=0.8662
Set14/16ch: PSNR(Y)=27.622, SSIM(Y)=0.7551
B100/16ch: PSNR(Y)=26.940, SSIM(Y)=0.7136
U100/16ch: PSNR(Y)=24.542, SSIM(Y)=0.7258
M109/16ch: PSNR(Y)=27.648, SSIM(Y)=0.8578
Model saved! Best loss: 0.046042
Epoch 160/200: Training loss=0.035785, lr=3.77e-04
Epoch 160/200: Validation combined_loss=0.046041
Validation configuration losses: 32ch=0.045240, 16ch=0.046842
Set5/32ch: PSNR(Y)=31.074, SSIM(Y)=0.8760
Set14/32ch: PSNR(Y)=27.922, SSIM(Y)=0.7624
B100/32ch: PSNR(Y)=27.113, SSIM(Y)=0.7193
U100/32ch: PSNR(Y)=24.873, SSIM(Y)=0.7396
M109/32ch: PSNR(Y)=28.283, SSIM(Y)=0.8718
Set5/16ch: PSNR(Y)=30.592, SSIM(Y)=0.8662
Set14/16ch: PSNR(Y)=27.624, SSIM(Y)=0.7551
B100/16ch: PSNR(Y)=26.940, SSIM(Y)=0.7136
U100/16ch: PSNR(Y)=24.543, SSIM(Y)=0.7258
M109/16ch: PSNR(Y)=27.649, SSIM(Y)=0.8578
Model saved! Best loss: 0.046041
Epoch 161/200: Training loss=0.035822, lr=3.63e-04
Epoch 161/200: Validation combined_loss=0.046040
Validation configuration losses: 32ch=0.045238, 16ch=0.046843
Set5/32ch: PSNR(Y)=31.072, SSIM(Y)=0.8760
Set14/32ch: PSNR(Y)=27.921, SSIM(Y)=0.7623
B100/32ch: PSNR(Y)=27.113, SSIM(Y)=0.7193
U100/32ch: PSNR(Y)=24.873, SSIM(Y)=0.7396
M109/32ch: PSNR(Y)=28.285, SSIM(Y)=0.8718
Set5/16ch: PSNR(Y)=30.593, SSIM(Y)=0.8662
Set14/16ch: PSNR(Y)=27.624, SSIM(Y)=0.7551
B100/16ch: PSNR(Y)=26.940, SSIM(Y)=0.7136
U100/16ch: PSNR(Y)=24.542, SSIM(Y)=0.7258
M109/16ch: PSNR(Y)=27.648, SSIM(Y)=0.8578
Model saved! Best loss: 0.046040
Epoch 162/200: Training loss=0.035835, lr=3.50e-04
Epoch 162/200: Validation combined_loss=0.046039
Validation configuration losses: 32ch=0.045237, 16ch=0.046841
Set5/32ch: PSNR(Y)=31.071, SSIM(Y)=0.8760
Set14/32ch: PSNR(Y)=27.922, SSIM(Y)=0.7624
B100/32ch: PSNR(Y)=27.113, SSIM(Y)=0.7193
U100/32ch: PSNR(Y)=24.873, SSIM(Y)=0.7396
M109/32ch: PSNR(Y)=28.284, SSIM(Y)=0.8718
Set5/16ch: PSNR(Y)=30.594, SSIM(Y)=0.8663
Set14/16ch: PSNR(Y)=27.624, SSIM(Y)=0.7552
B100/16ch: PSNR(Y)=26.940, SSIM(Y)=0.7136
U100/16ch: PSNR(Y)=24.543, SSIM(Y)=0.7258
M109/16ch: PSNR(Y)=27.649, SSIM(Y)=0.8578
Model saved! Best loss: 0.046039
Epoch 163/200: Training loss=0.035833, lr=3.37e-04
Epoch 163/200: Validation combined_loss=0.046040
Validation configuration losses: 32ch=0.045237, 16ch=0.046843
Set5/32ch: PSNR(Y)=31.073, SSIM(Y)=0.8760
Set14/32ch: PSNR(Y)=27.922, SSIM(Y)=0.7624
B100/32ch: PSNR(Y)=27.113, SSIM(Y)=0.7193
U100/32ch: PSNR(Y)=24.874, SSIM(Y)=0.7396
M109/32ch: PSNR(Y)=28.283, SSIM(Y)=0.8718
Set5/16ch: PSNR(Y)=30.593, SSIM(Y)=0.8662
Set14/16ch: PSNR(Y)=27.624, SSIM(Y)=0.7552
B100/16ch: PSNR(Y)=26.940, SSIM(Y)=0.7136
U100/16ch: PSNR(Y)=24.543, SSIM(Y)=0.7258
M109/16ch: PSNR(Y)=27.648, SSIM(Y)=0.8578
Epoch 164/200: Training loss=0.035837, lr=3.24e-04
Epoch 164/200: Validation combined_loss=0.046036
Validation configuration losses: 32ch=0.045234, 16ch=0.046839
Set5/32ch: PSNR(Y)=31.074, SSIM(Y)=0.8760
Set14/32ch: PSNR(Y)=27.922, SSIM(Y)=0.7624
B100/32ch: PSNR(Y)=27.113, SSIM(Y)=0.7193
U100/32ch: PSNR(Y)=24.874, SSIM(Y)=0.7396
M109/32ch: PSNR(Y)=28.288, SSIM(Y)=0.8718
Set5/16ch: PSNR(Y)=30.593, SSIM(Y)=0.8662
Set14/16ch: PSNR(Y)=27.624, SSIM(Y)=0.7551
B100/16ch: PSNR(Y)=26.940, SSIM(Y)=0.7136
U100/16ch: PSNR(Y)=24.543, SSIM(Y)=0.7259
M109/16ch: PSNR(Y)=27.652, SSIM(Y)=0.8579
Model saved! Best loss: 0.046036
Epoch 165/200: Training loss=0.035799, lr=3.11e-04
Epoch 165/200: Validation combined_loss=0.046037
Validation configuration losses: 32ch=0.045235, 16ch=0.046838
Set5/32ch: PSNR(Y)=31.072, SSIM(Y)=0.8760
Set14/32ch: PSNR(Y)=27.922, SSIM(Y)=0.7623
B100/32ch: PSNR(Y)=27.113, SSIM(Y)=0.7193
U100/32ch: PSNR(Y)=24.873, SSIM(Y)=0.7396
M109/32ch: PSNR(Y)=28.285, SSIM(Y)=0.8718
Set5/16ch: PSNR(Y)=30.593, SSIM(Y)=0.8662
Set14/16ch: PSNR(Y)=27.624, SSIM(Y)=0.7551
B100/16ch: PSNR(Y)=26.940, SSIM(Y)=0.7136
U100/16ch: PSNR(Y)=24.543, SSIM(Y)=0.7258
M109/16ch: PSNR(Y)=27.652, SSIM(Y)=0.8579
Epoch 166/200: Training loss=0.035755, lr=2.99e-04
Epoch 166/200: Validation combined_loss=0.046038
Validation configuration losses: 32ch=0.045236, 16ch=0.046839
Set5/32ch: PSNR(Y)=31.072, SSIM(Y)=0.8760
Set14/32ch: PSNR(Y)=27.922, SSIM(Y)=0.7624
B100/32ch: PSNR(Y)=27.113, SSIM(Y)=0.7193
U100/32ch: PSNR(Y)=24.873, SSIM(Y)=0.7396
M109/32ch: PSNR(Y)=28.282, SSIM(Y)=0.8718
Set5/16ch: PSNR(Y)=30.593, SSIM(Y)=0.8662
Set14/16ch: PSNR(Y)=27.624, SSIM(Y)=0.7552
B100/16ch: PSNR(Y)=26.941, SSIM(Y)=0.7136
U100/16ch: PSNR(Y)=24.543, SSIM(Y)=0.7258
M109/16ch: PSNR(Y)=27.650, SSIM(Y)=0.8579
Epoch 167/200: Training loss=0.035842, lr=2.87e-04
Epoch 167/200: Validation combined_loss=0.046039
Validation configuration losses: 32ch=0.045239, 16ch=0.046839
Set5/32ch: PSNR(Y)=31.075, SSIM(Y)=0.8761
Set14/32ch: PSNR(Y)=27.923, SSIM(Y)=0.7624
B100/32ch: PSNR(Y)=27.113, SSIM(Y)=0.7193
U100/32ch: PSNR(Y)=24.873, SSIM(Y)=0.7396
M109/32ch: PSNR(Y)=28.283, SSIM(Y)=0.8718
Set5/16ch: PSNR(Y)=30.594, SSIM(Y)=0.8663
Set14/16ch: PSNR(Y)=27.625, SSIM(Y)=0.7552
B100/16ch: PSNR(Y)=26.941, SSIM(Y)=0.7136
U100/16ch: PSNR(Y)=24.543, SSIM(Y)=0.7259
M109/16ch: PSNR(Y)=27.652, SSIM(Y)=0.8579
Epoch 168/200: Training loss=0.035819, lr=2.75e-04
Epoch 168/200: Validation combined_loss=0.046039
Validation configuration losses: 32ch=0.045239, 16ch=0.046838
Set5/32ch: PSNR(Y)=31.072, SSIM(Y)=0.8760
Set14/32ch: PSNR(Y)=27.923, SSIM(Y)=0.7624
B100/32ch: PSNR(Y)=27.113, SSIM(Y)=0.7193
U100/32ch: PSNR(Y)=24.873, SSIM(Y)=0.7396
M109/32ch: PSNR(Y)=28.281, SSIM(Y)=0.8718
Set5/16ch: PSNR(Y)=30.593, SSIM(Y)=0.8663
Set14/16ch: PSNR(Y)=27.625, SSIM(Y)=0.7552
B100/16ch: PSNR(Y)=26.941, SSIM(Y)=0.7136
U100/16ch: PSNR(Y)=24.543, SSIM(Y)=0.7259
M109/16ch: PSNR(Y)=27.651, SSIM(Y)=0.8579
Epoch 169/200: Training loss=0.035844, lr=2.64e-04
Epoch 169/200: Validation combined_loss=0.046036
Validation configuration losses: 32ch=0.045236, 16ch=0.046835
Set5/32ch: PSNR(Y)=31.072, SSIM(Y)=0.8760
Set14/32ch: PSNR(Y)=27.922, SSIM(Y)=0.7624
B100/32ch: PSNR(Y)=27.113, SSIM(Y)=0.7193
U100/32ch: PSNR(Y)=24.873, SSIM(Y)=0.7396
M109/32ch: PSNR(Y)=28.285, SSIM(Y)=0.8718
Set5/16ch: PSNR(Y)=30.593, SSIM(Y)=0.8663
Set14/16ch: PSNR(Y)=27.625, SSIM(Y)=0.7552
B100/16ch: PSNR(Y)=26.941, SSIM(Y)=0.7136
U100/16ch: PSNR(Y)=24.544, SSIM(Y)=0.7259
M109/16ch: PSNR(Y)=27.653, SSIM(Y)=0.8579
Model saved! Best loss: 0.046036
Epoch 170/200: Training loss=0.035801, lr=2.53e-04
Epoch 170/200: Validation combined_loss=0.046036
Validation configuration losses: 32ch=0.045237, 16ch=0.046835
Set5/32ch: PSNR(Y)=31.072, SSIM(Y)=0.8760
Set14/32ch: PSNR(Y)=27.920, SSIM(Y)=0.7624
B100/32ch: PSNR(Y)=27.112, SSIM(Y)=0.7193
U100/32ch: PSNR(Y)=24.873, SSIM(Y)=0.7396
M109/32ch: PSNR(Y)=28.285, SSIM(Y)=0.8718
Set5/16ch: PSNR(Y)=30.594, SSIM(Y)=0.8663
Set14/16ch: PSNR(Y)=27.624, SSIM(Y)=0.7552
B100/16ch: PSNR(Y)=26.940, SSIM(Y)=0.7136
U100/16ch: PSNR(Y)=24.544, SSIM(Y)=0.7259
M109/16ch: PSNR(Y)=27.654, SSIM(Y)=0.8579
Epoch 171/200: Training loss=0.035787, lr=2.42e-04
Epoch 171/200: Validation combined_loss=0.046034
Validation configuration losses: 32ch=0.045236, 16ch=0.046832
Set5/32ch: PSNR(Y)=31.070, SSIM(Y)=0.8760
Set14/32ch: PSNR(Y)=27.919, SSIM(Y)=0.7623
B100/32ch: PSNR(Y)=27.113, SSIM(Y)=0.7193
U100/32ch: PSNR(Y)=24.874, SSIM(Y)=0.7396
M109/32ch: PSNR(Y)=28.286, SSIM(Y)=0.8718
Set5/16ch: PSNR(Y)=30.594, SSIM(Y)=0.8662
Set14/16ch: PSNR(Y)=27.624, SSIM(Y)=0.7551
B100/16ch: PSNR(Y)=26.941, SSIM(Y)=0.7136
U100/16ch: PSNR(Y)=24.545, SSIM(Y)=0.7259
M109/16ch: PSNR(Y)=27.655, SSIM(Y)=0.8579
Model saved! Best loss: 0.046034
Epoch 172/200: Training loss=0.035830, lr=2.32e-04
Epoch 172/200: Validation combined_loss=0.046033
Validation configuration losses: 32ch=0.045233, 16ch=0.046833
Set5/32ch: PSNR(Y)=31.072, SSIM(Y)=0.8760
Set14/32ch: PSNR(Y)=27.921, SSIM(Y)=0.7624
B100/32ch: PSNR(Y)=27.113, SSIM(Y)=0.7193
U100/32ch: PSNR(Y)=24.874, SSIM(Y)=0.7396
M109/32ch: PSNR(Y)=28.287, SSIM(Y)=0.8718
Set5/16ch: PSNR(Y)=30.594, SSIM(Y)=0.8663
Set14/16ch: PSNR(Y)=27.624, SSIM(Y)=0.7551
B100/16ch: PSNR(Y)=26.941, SSIM(Y)=0.7136
U100/16ch: PSNR(Y)=24.544, SSIM(Y)=0.7259
M109/16ch: PSNR(Y)=27.655, SSIM(Y)=0.8579
Model saved! Best loss: 0.046033
Epoch 173/200: Training loss=0.035768, lr=2.22e-04
Epoch 173/200: Validation combined_loss=0.046032
Validation configuration losses: 32ch=0.045231, 16ch=0.046833
Set5/32ch: PSNR(Y)=31.071, SSIM(Y)=0.8760
Set14/32ch: PSNR(Y)=27.922, SSIM(Y)=0.7624
B100/32ch: PSNR(Y)=27.113, SSIM(Y)=0.7193
U100/32ch: PSNR(Y)=24.875, SSIM(Y)=0.7397
M109/32ch: PSNR(Y)=28.287, SSIM(Y)=0.8718
Set5/16ch: PSNR(Y)=30.594, SSIM(Y)=0.8663
Set14/16ch: PSNR(Y)=27.624, SSIM(Y)=0.7552
B100/16ch: PSNR(Y)=26.941, SSIM(Y)=0.7136
U100/16ch: PSNR(Y)=24.544, SSIM(Y)=0.7259
M109/16ch: PSNR(Y)=27.654, SSIM(Y)=0.8579
Model saved! Best loss: 0.046032
Epoch 174/200: Training loss=0.035800, lr=2.12e-04
Epoch 174/200: Validation combined_loss=0.046030
Validation configuration losses: 32ch=0.045228, 16ch=0.046832
Set5/32ch: PSNR(Y)=31.072, SSIM(Y)=0.8760
Set14/32ch: PSNR(Y)=27.922, SSIM(Y)=0.7624
B100/32ch: PSNR(Y)=27.113, SSIM(Y)=0.7193
U100/32ch: PSNR(Y)=24.876, SSIM(Y)=0.7397
M109/32ch: PSNR(Y)=28.288, SSIM(Y)=0.8719
Set5/16ch: PSNR(Y)=30.596, SSIM(Y)=0.8663
Set14/16ch: PSNR(Y)=27.624, SSIM(Y)=0.7552
B100/16ch: PSNR(Y)=26.941, SSIM(Y)=0.7136
U100/16ch: PSNR(Y)=24.545, SSIM(Y)=0.7259
M109/16ch: PSNR(Y)=27.655, SSIM(Y)=0.8580
Model saved! Best loss: 0.046030
Epoch 175/200: Training loss=0.035854, lr=2.02e-04
Epoch 175/200: Validation combined_loss=0.046030
Validation configuration losses: 32ch=0.045230, 16ch=0.046830
Set5/32ch: PSNR(Y)=31.073, SSIM(Y)=0.8761
Set14/32ch: PSNR(Y)=27.922, SSIM(Y)=0.7624
B100/32ch: PSNR(Y)=27.114, SSIM(Y)=0.7193
U100/32ch: PSNR(Y)=24.876, SSIM(Y)=0.7397
M109/32ch: PSNR(Y)=28.287, SSIM(Y)=0.8719
Set5/16ch: PSNR(Y)=30.597, SSIM(Y)=0.8663
Set14/16ch: PSNR(Y)=27.625, SSIM(Y)=0.7552
B100/16ch: PSNR(Y)=26.941, SSIM(Y)=0.7136
U100/16ch: PSNR(Y)=24.545, SSIM(Y)=0.7259
M109/16ch: PSNR(Y)=27.656, SSIM(Y)=0.8580
Epoch 176/200: Training loss=0.035787, lr=1.93e-04
Epoch 176/200: Validation combined_loss=0.046030
Validation configuration losses: 32ch=0.045229, 16ch=0.046831
Set5/32ch: PSNR(Y)=31.072, SSIM(Y)=0.8761
Set14/32ch: PSNR(Y)=27.923, SSIM(Y)=0.7624
B100/32ch: PSNR(Y)=27.113, SSIM(Y)=0.7193
U100/32ch: PSNR(Y)=24.875, SSIM(Y)=0.7397
M109/32ch: PSNR(Y)=28.287, SSIM(Y)=0.8719
Set5/16ch: PSNR(Y)=30.595, SSIM(Y)=0.8663
Set14/16ch: PSNR(Y)=27.625, SSIM(Y)=0.7552
B100/16ch: PSNR(Y)=26.941, SSIM(Y)=0.7136
U100/16ch: PSNR(Y)=24.545, SSIM(Y)=0.7259
M109/16ch: PSNR(Y)=27.655, SSIM(Y)=0.8579
Epoch 177/200: Training loss=0.035808, lr=1.85e-04
Epoch 177/200: Validation combined_loss=0.046028
Validation configuration losses: 32ch=0.045227, 16ch=0.046829
Set5/32ch: PSNR(Y)=31.075, SSIM(Y)=0.8761
Set14/32ch: PSNR(Y)=27.923, SSIM(Y)=0.7624
B100/32ch: PSNR(Y)=27.114, SSIM(Y)=0.7193
U100/32ch: PSNR(Y)=24.876, SSIM(Y)=0.7397
M109/32ch: PSNR(Y)=28.288, SSIM(Y)=0.8719
Set5/16ch: PSNR(Y)=30.595, SSIM(Y)=0.8663
Set14/16ch: PSNR(Y)=27.625, SSIM(Y)=0.7552
B100/16ch: PSNR(Y)=26.941, SSIM(Y)=0.7136
U100/16ch: PSNR(Y)=24.545, SSIM(Y)=0.7260
M109/16ch: PSNR(Y)=27.657, SSIM(Y)=0.8580
Model saved! Best loss: 0.046028
Epoch 178/200: Training loss=0.035800, lr=1.76e-04
Epoch 178/200: Validation combined_loss=0.046031
Validation configuration losses: 32ch=0.045232, 16ch=0.046830
Set5/32ch: PSNR(Y)=31.075, SSIM(Y)=0.8761
Set14/32ch: PSNR(Y)=27.922, SSIM(Y)=0.7624
B100/32ch: PSNR(Y)=27.114, SSIM(Y)=0.7193
U100/32ch: PSNR(Y)=24.875, SSIM(Y)=0.7397
M109/32ch: PSNR(Y)=28.286, SSIM(Y)=0.8718
Set5/16ch: PSNR(Y)=30.595, SSIM(Y)=0.8663
Set14/16ch: PSNR(Y)=27.624, SSIM(Y)=0.7552
B100/16ch: PSNR(Y)=26.941, SSIM(Y)=0.7136
U100/16ch: PSNR(Y)=24.545, SSIM(Y)=0.7259
M109/16ch: PSNR(Y)=27.656, SSIM(Y)=0.8580
Epoch 179/200: Training loss=0.035774, lr=1.68e-04
Epoch 179/200: Validation combined_loss=0.046029
Validation configuration losses: 32ch=0.045229, 16ch=0.046829
Set5/32ch: PSNR(Y)=31.073, SSIM(Y)=0.8761
Set14/32ch: PSNR(Y)=27.923, SSIM(Y)=0.7624
B100/32ch: PSNR(Y)=27.114, SSIM(Y)=0.7194
U100/32ch: PSNR(Y)=24.875, SSIM(Y)=0.7397
M109/32ch: PSNR(Y)=28.288, SSIM(Y)=0.8719
Set5/16ch: PSNR(Y)=30.595, SSIM(Y)=0.8663
Set14/16ch: PSNR(Y)=27.625, SSIM(Y)=0.7552
B100/16ch: PSNR(Y)=26.941, SSIM(Y)=0.7136
U100/16ch: PSNR(Y)=24.545, SSIM(Y)=0.7259
M109/16ch: PSNR(Y)=27.657, SSIM(Y)=0.8580
Epoch 180/200: Training loss=0.035815, lr=1.60e-04
Epoch 180/200: Validation combined_loss=0.046028
Validation configuration losses: 32ch=0.045230, 16ch=0.046827
Set5/32ch: PSNR(Y)=31.074, SSIM(Y)=0.8761
Set14/32ch: PSNR(Y)=27.923, SSIM(Y)=0.7624
B100/32ch: PSNR(Y)=27.114, SSIM(Y)=0.7194
U100/32ch: PSNR(Y)=24.874, SSIM(Y)=0.7397
M109/32ch: PSNR(Y)=28.288, SSIM(Y)=0.8719
Set5/16ch: PSNR(Y)=30.597, SSIM(Y)=0.8663
Set14/16ch: PSNR(Y)=27.626, SSIM(Y)=0.7552
B100/16ch: PSNR(Y)=26.942, SSIM(Y)=0.7136
U100/16ch: PSNR(Y)=24.545, SSIM(Y)=0.7260
M109/16ch: PSNR(Y)=27.657, SSIM(Y)=0.8580
Epoch 181/200: Training loss=0.035799, lr=1.53e-04
Epoch 181/200: Validation combined_loss=0.046027
Validation configuration losses: 32ch=0.045228, 16ch=0.046826
Set5/32ch: PSNR(Y)=31.073, SSIM(Y)=0.8761
Set14/32ch: PSNR(Y)=27.923, SSIM(Y)=0.7624
B100/32ch: PSNR(Y)=27.114, SSIM(Y)=0.7194
U100/32ch: PSNR(Y)=24.874, SSIM(Y)=0.7397
M109/32ch: PSNR(Y)=28.289, SSIM(Y)=0.8719
Set5/16ch: PSNR(Y)=30.595, SSIM(Y)=0.8663
Set14/16ch: PSNR(Y)=27.626, SSIM(Y)=0.7552
B100/16ch: PSNR(Y)=26.941, SSIM(Y)=0.7136
U100/16ch: PSNR(Y)=24.545, SSIM(Y)=0.7260
M109/16ch: PSNR(Y)=27.658, SSIM(Y)=0.8580
Model saved! Best loss: 0.046027
Epoch 182/200: Training loss=0.035743, lr=1.46e-04
Epoch 182/200: Validation combined_loss=0.046028
Validation configuration losses: 32ch=0.045228, 16ch=0.046828
Set5/32ch: PSNR(Y)=31.073, SSIM(Y)=0.8761
Set14/32ch: PSNR(Y)=27.924, SSIM(Y)=0.7624
B100/32ch: PSNR(Y)=27.114, SSIM(Y)=0.7194
U100/32ch: PSNR(Y)=24.875, SSIM(Y)=0.7397
M109/32ch: PSNR(Y)=28.288, SSIM(Y)=0.8719
Set5/16ch: PSNR(Y)=30.596, SSIM(Y)=0.8663
Set14/16ch: PSNR(Y)=27.626, SSIM(Y)=0.7552
B100/16ch: PSNR(Y)=26.941, SSIM(Y)=0.7136
U100/16ch: PSNR(Y)=24.545, SSIM(Y)=0.7259
M109/16ch: PSNR(Y)=27.657, SSIM(Y)=0.8580
Epoch 183/200: Training loss=0.035822, lr=1.39e-04
Epoch 183/200: Validation combined_loss=0.046028
Validation configuration losses: 32ch=0.045229, 16ch=0.046828
Set5/32ch: PSNR(Y)=31.074, SSIM(Y)=0.8761
Set14/32ch: PSNR(Y)=27.923, SSIM(Y)=0.7624
B100/32ch: PSNR(Y)=27.114, SSIM(Y)=0.7194
U100/32ch: PSNR(Y)=24.875, SSIM(Y)=0.7397
M109/32ch: PSNR(Y)=28.287, SSIM(Y)=0.8719
Set5/16ch: PSNR(Y)=30.597, SSIM(Y)=0.8663
Set14/16ch: PSNR(Y)=27.625, SSIM(Y)=0.7552
B100/16ch: PSNR(Y)=26.941, SSIM(Y)=0.7136
U100/16ch: PSNR(Y)=24.545, SSIM(Y)=0.7259
M109/16ch: PSNR(Y)=27.657, SSIM(Y)=0.8580
Epoch 184/200: Training loss=0.035788, lr=1.33e-04
Epoch 184/200: Validation combined_loss=0.046027
Validation configuration losses: 32ch=0.045227, 16ch=0.046826
Set5/32ch: PSNR(Y)=31.073, SSIM(Y)=0.8761
Set14/32ch: PSNR(Y)=27.922, SSIM(Y)=0.7624
B100/32ch: PSNR(Y)=27.114, SSIM(Y)=0.7194
U100/32ch: PSNR(Y)=24.875, SSIM(Y)=0.7397
M109/32ch: PSNR(Y)=28.289, SSIM(Y)=0.8719
Set5/16ch: PSNR(Y)=30.596, SSIM(Y)=0.8663
Set14/16ch: PSNR(Y)=27.625, SSIM(Y)=0.7552
B100/16ch: PSNR(Y)=26.942, SSIM(Y)=0.7136
U100/16ch: PSNR(Y)=24.545, SSIM(Y)=0.7260
M109/16ch: PSNR(Y)=27.658, SSIM(Y)=0.8580
Epoch 185/200: Training loss=0.035789, lr=1.27e-04
Epoch 185/200: Validation combined_loss=0.046029
Validation configuration losses: 32ch=0.045229, 16ch=0.046828
Set5/32ch: PSNR(Y)=31.072, SSIM(Y)=0.8761
Set14/32ch: PSNR(Y)=27.923, SSIM(Y)=0.7624
B100/32ch: PSNR(Y)=27.114, SSIM(Y)=0.7194
U100/32ch: PSNR(Y)=24.874, SSIM(Y)=0.7397
M109/32ch: PSNR(Y)=28.288, SSIM(Y)=0.8719
Set5/16ch: PSNR(Y)=30.596, SSIM(Y)=0.8663
Set14/16ch: PSNR(Y)=27.625, SSIM(Y)=0.7552
B100/16ch: PSNR(Y)=26.942, SSIM(Y)=0.7136
U100/16ch: PSNR(Y)=24.545, SSIM(Y)=0.7260
M109/16ch: PSNR(Y)=27.657, SSIM(Y)=0.8580
Epoch 186/200: Training loss=0.035848, lr=1.21e-04
Epoch 186/200: Validation combined_loss=0.046027
Validation configuration losses: 32ch=0.045226, 16ch=0.046827
Set5/32ch: PSNR(Y)=31.074, SSIM(Y)=0.8761
Set14/32ch: PSNR(Y)=27.923, SSIM(Y)=0.7624
B100/32ch: PSNR(Y)=27.114, SSIM(Y)=0.7194
U100/32ch: PSNR(Y)=24.875, SSIM(Y)=0.7397
M109/32ch: PSNR(Y)=28.291, SSIM(Y)=0.8719
Set5/16ch: PSNR(Y)=30.597, SSIM(Y)=0.8663
Set14/16ch: PSNR(Y)=27.626, SSIM(Y)=0.7552
B100/16ch: PSNR(Y)=26.942, SSIM(Y)=0.7136
U100/16ch: PSNR(Y)=24.545, SSIM(Y)=0.7260
M109/16ch: PSNR(Y)=27.659, SSIM(Y)=0.8580
Model saved! Best loss: 0.046027
Epoch 187/200: Training loss=0.035832, lr=1.16e-04
Epoch 187/200: Validation combined_loss=0.046027
Validation configuration losses: 32ch=0.045227, 16ch=0.046826
Set5/32ch: PSNR(Y)=31.072, SSIM(Y)=0.8761
Set14/32ch: PSNR(Y)=27.923, SSIM(Y)=0.7624
B100/32ch: PSNR(Y)=27.114, SSIM(Y)=0.7194
U100/32ch: PSNR(Y)=24.875, SSIM(Y)=0.7397
M109/32ch: PSNR(Y)=28.290, SSIM(Y)=0.8719
Set5/16ch: PSNR(Y)=30.597, SSIM(Y)=0.8663
Set14/16ch: PSNR(Y)=27.626, SSIM(Y)=0.7552
B100/16ch: PSNR(Y)=26.942, SSIM(Y)=0.7136
U100/16ch: PSNR(Y)=24.546, SSIM(Y)=0.7260
M109/16ch: PSNR(Y)=27.659, SSIM(Y)=0.8580
Model saved! Best loss: 0.046027
Epoch 188/200: Training loss=0.035774, lr=1.11e-04
Epoch 188/200: Validation combined_loss=0.046026
Validation configuration losses: 32ch=0.045227, 16ch=0.046825
Set5/32ch: PSNR(Y)=31.074, SSIM(Y)=0.8761
Set14/32ch: PSNR(Y)=27.923, SSIM(Y)=0.7624
B100/32ch: PSNR(Y)=27.114, SSIM(Y)=0.7194
U100/32ch: PSNR(Y)=24.875, SSIM(Y)=0.7397
M109/32ch: PSNR(Y)=28.290, SSIM(Y)=0.8719
Set5/16ch: PSNR(Y)=30.597, SSIM(Y)=0.8663
Set14/16ch: PSNR(Y)=27.626, SSIM(Y)=0.7552
B100/16ch: PSNR(Y)=26.942, SSIM(Y)=0.7136
U100/16ch: PSNR(Y)=24.546, SSIM(Y)=0.7260
M109/16ch: PSNR(Y)=27.659, SSIM(Y)=0.8580
Model saved! Best loss: 0.046026
Epoch 189/200: Training loss=0.035747, lr=1.06e-04
Epoch 189/200: Validation combined_loss=0.046024
Validation configuration losses: 32ch=0.045224, 16ch=0.046824
Set5/32ch: PSNR(Y)=31.076, SSIM(Y)=0.8762
Set14/32ch: PSNR(Y)=27.923, SSIM(Y)=0.7624
B100/32ch: PSNR(Y)=27.114, SSIM(Y)=0.7194
U100/32ch: PSNR(Y)=24.876, SSIM(Y)=0.7397
M109/32ch: PSNR(Y)=28.291, SSIM(Y)=0.8719
Set5/16ch: PSNR(Y)=30.598, SSIM(Y)=0.8664
Set14/16ch: PSNR(Y)=27.626, SSIM(Y)=0.7552
B100/16ch: PSNR(Y)=26.942, SSIM(Y)=0.7137
U100/16ch: PSNR(Y)=24.546, SSIM(Y)=0.7260
M109/16ch: PSNR(Y)=27.660, SSIM(Y)=0.8581
Model saved! Best loss: 0.046024
Epoch 190/200: Training loss=0.035811, lr=1.02e-04
Epoch 190/200: Validation combined_loss=0.046022
Validation configuration losses: 32ch=0.045222, 16ch=0.046822
Set5/32ch: PSNR(Y)=31.077, SSIM(Y)=0.8762
Set14/32ch: PSNR(Y)=27.924, SSIM(Y)=0.7624
B100/32ch: PSNR(Y)=27.114, SSIM(Y)=0.7194
U100/32ch: PSNR(Y)=24.876, SSIM(Y)=0.7397
M109/32ch: PSNR(Y)=28.291, SSIM(Y)=0.8719
Set5/16ch: PSNR(Y)=30.598, SSIM(Y)=0.8664
Set14/16ch: PSNR(Y)=27.627, SSIM(Y)=0.7552
B100/16ch: PSNR(Y)=26.942, SSIM(Y)=0.7136
U100/16ch: PSNR(Y)=24.546, SSIM(Y)=0.7260
M109/16ch: PSNR(Y)=27.661, SSIM(Y)=0.8581
Model saved! Best loss: 0.046022
Epoch 191/200: Training loss=0.035749, lr=9.84e-05
Epoch 191/200: Validation combined_loss=0.046025
Validation configuration losses: 32ch=0.045226, 16ch=0.046825
Set5/32ch: PSNR(Y)=31.076, SSIM(Y)=0.8761
Set14/32ch: PSNR(Y)=27.924, SSIM(Y)=0.7625
B100/32ch: PSNR(Y)=27.114, SSIM(Y)=0.7194
U100/32ch: PSNR(Y)=24.876, SSIM(Y)=0.7397
M109/32ch: PSNR(Y)=28.289, SSIM(Y)=0.8719
Set5/16ch: PSNR(Y)=30.598, SSIM(Y)=0.8664
Set14/16ch: PSNR(Y)=27.627, SSIM(Y)=0.7552
B100/16ch: PSNR(Y)=26.942, SSIM(Y)=0.7136
U100/16ch: PSNR(Y)=24.546, SSIM(Y)=0.7260
M109/16ch: PSNR(Y)=27.660, SSIM(Y)=0.8580
Epoch 192/200: Training loss=0.035798, lr=9.49e-05
Epoch 192/200: Validation combined_loss=0.046023
Validation configuration losses: 32ch=0.045223, 16ch=0.046823
Set5/32ch: PSNR(Y)=31.076, SSIM(Y)=0.8761
Set14/32ch: PSNR(Y)=27.925, SSIM(Y)=0.7625
B100/32ch: PSNR(Y)=27.114, SSIM(Y)=0.7194
U100/32ch: PSNR(Y)=24.876, SSIM(Y)=0.7397
M109/32ch: PSNR(Y)=28.290, SSIM(Y)=0.8719
Set5/16ch: PSNR(Y)=30.598, SSIM(Y)=0.8663
Set14/16ch: PSNR(Y)=27.627, SSIM(Y)=0.7552
B100/16ch: PSNR(Y)=26.942, SSIM(Y)=0.7136
U100/16ch: PSNR(Y)=24.546, SSIM(Y)=0.7260
M109/16ch: PSNR(Y)=27.660, SSIM(Y)=0.8580
Epoch 193/200: Training loss=0.035814, lr=9.18e-05
Epoch 193/200: Validation combined_loss=0.046023
Validation configuration losses: 32ch=0.045223, 16ch=0.046823
Set5/32ch: PSNR(Y)=31.074, SSIM(Y)=0.8761
Set14/32ch: PSNR(Y)=27.925, SSIM(Y)=0.7625
B100/32ch: PSNR(Y)=27.114, SSIM(Y)=0.7194
U100/32ch: PSNR(Y)=24.876, SSIM(Y)=0.7397
M109/32ch: PSNR(Y)=28.290, SSIM(Y)=0.8719
Set5/16ch: PSNR(Y)=30.598, SSIM(Y)=0.8663
Set14/16ch: PSNR(Y)=27.627, SSIM(Y)=0.7552
B100/16ch: PSNR(Y)=26.942, SSIM(Y)=0.7136
U100/16ch: PSNR(Y)=24.546, SSIM(Y)=0.7260
M109/16ch: PSNR(Y)=27.660, SSIM(Y)=0.8580
Epoch 194/200: Training loss=0.035804, lr=8.90e-05
Epoch 194/200: Validation combined_loss=0.046024
Validation configuration losses: 32ch=0.045225, 16ch=0.046824
Set5/32ch: PSNR(Y)=31.073, SSIM(Y)=0.8761
Set14/32ch: PSNR(Y)=27.925, SSIM(Y)=0.7624
B100/32ch: PSNR(Y)=27.115, SSIM(Y)=0.7194
U100/32ch: PSNR(Y)=24.876, SSIM(Y)=0.7397
M109/32ch: PSNR(Y)=28.289, SSIM(Y)=0.8719
Set5/16ch: PSNR(Y)=30.597, SSIM(Y)=0.8663
Set14/16ch: PSNR(Y)=27.626, SSIM(Y)=0.7552
B100/16ch: PSNR(Y)=26.942, SSIM(Y)=0.7137
U100/16ch: PSNR(Y)=24.546, SSIM(Y)=0.7260
M109/16ch: PSNR(Y)=27.659, SSIM(Y)=0.8580
Epoch 195/200: Training loss=0.035794, lr=8.66e-05
Epoch 195/200: Validation combined_loss=0.046022
Validation configuration losses: 32ch=0.045223, 16ch=0.046822
Set5/32ch: PSNR(Y)=31.074, SSIM(Y)=0.8761
Set14/32ch: PSNR(Y)=27.925, SSIM(Y)=0.7625
B100/32ch: PSNR(Y)=27.114, SSIM(Y)=0.7194
U100/32ch: PSNR(Y)=24.876, SSIM(Y)=0.7397
M109/32ch: PSNR(Y)=28.290, SSIM(Y)=0.8719
Set5/16ch: PSNR(Y)=30.598, SSIM(Y)=0.8664
Set14/16ch: PSNR(Y)=27.626, SSIM(Y)=0.7552
B100/16ch: PSNR(Y)=26.942, SSIM(Y)=0.7136
U100/16ch: PSNR(Y)=24.546, SSIM(Y)=0.7260
M109/16ch: PSNR(Y)=27.660, SSIM(Y)=0.8581
Epoch 196/200: Training loss=0.035748, lr=8.46e-05
Epoch 196/200: Validation combined_loss=0.046025
Validation configuration losses: 32ch=0.045227, 16ch=0.046823
Set5/32ch: PSNR(Y)=31.072, SSIM(Y)=0.8761
Set14/32ch: PSNR(Y)=27.924, SSIM(Y)=0.7624
B100/32ch: PSNR(Y)=27.114, SSIM(Y)=0.7194
U100/32ch: PSNR(Y)=24.876, SSIM(Y)=0.7397
M109/32ch: PSNR(Y)=28.288, SSIM(Y)=0.8719
Set5/16ch: PSNR(Y)=30.597, SSIM(Y)=0.8663
Set14/16ch: PSNR(Y)=27.626, SSIM(Y)=0.7552
B100/16ch: PSNR(Y)=26.942, SSIM(Y)=0.7136
U100/16ch: PSNR(Y)=24.546, SSIM(Y)=0.7260
M109/16ch: PSNR(Y)=27.660, SSIM(Y)=0.8581
Epoch 197/200: Training loss=0.035852, lr=8.29e-05
Epoch 197/200: Validation combined_loss=0.046023
Validation configuration losses: 32ch=0.045223, 16ch=0.046822
Set5/32ch: PSNR(Y)=31.072, SSIM(Y)=0.8761
Set14/32ch: PSNR(Y)=27.924, SSIM(Y)=0.7624
B100/32ch: PSNR(Y)=27.114, SSIM(Y)=0.7194
U100/32ch: PSNR(Y)=24.876, SSIM(Y)=0.7397
M109/32ch: PSNR(Y)=28.290, SSIM(Y)=0.8719
Set5/16ch: PSNR(Y)=30.597, SSIM(Y)=0.8663
Set14/16ch: PSNR(Y)=27.626, SSIM(Y)=0.7552
B100/16ch: PSNR(Y)=26.942, SSIM(Y)=0.7136
U100/16ch: PSNR(Y)=24.546, SSIM(Y)=0.7260
M109/16ch: PSNR(Y)=27.660, SSIM(Y)=0.8581
Epoch 198/200: Training loss=0.035829, lr=8.17e-05
Epoch 198/200: Validation combined_loss=0.046023
Validation configuration losses: 32ch=0.045223, 16ch=0.046824
Set5/32ch: PSNR(Y)=31.072, SSIM(Y)=0.8761
Set14/32ch: PSNR(Y)=27.924, SSIM(Y)=0.7624
B100/32ch: PSNR(Y)=27.114, SSIM(Y)=0.7194
U100/32ch: PSNR(Y)=24.876, SSIM(Y)=0.7397
M109/32ch: PSNR(Y)=28.291, SSIM(Y)=0.8719
Set5/16ch: PSNR(Y)=30.596, SSIM(Y)=0.8663
Set14/16ch: PSNR(Y)=27.626, SSIM(Y)=0.7552
B100/16ch: PSNR(Y)=26.942, SSIM(Y)=0.7136
U100/16ch: PSNR(Y)=24.546, SSIM(Y)=0.7260
M109/16ch: PSNR(Y)=27.660, SSIM(Y)=0.8581
Epoch 199/200: Training loss=0.035798, lr=8.07e-05
Epoch 199/200: Validation combined_loss=0.046022
Validation configuration losses: 32ch=0.045222, 16ch=0.046822
Set5/32ch: PSNR(Y)=31.072, SSIM(Y)=0.8761
Set14/32ch: PSNR(Y)=27.924, SSIM(Y)=0.7625
B100/32ch: PSNR(Y)=27.115, SSIM(Y)=0.7194
U100/32ch: PSNR(Y)=24.876, SSIM(Y)=0.7397
M109/32ch: PSNR(Y)=28.290, SSIM(Y)=0.8719
Set5/16ch: PSNR(Y)=30.597, SSIM(Y)=0.8663
Set14/16ch: PSNR(Y)=27.626, SSIM(Y)=0.7552
B100/16ch: PSNR(Y)=26.942, SSIM(Y)=0.7137
U100/16ch: PSNR(Y)=24.546, SSIM(Y)=0.7260
M109/16ch: PSNR(Y)=27.660, SSIM(Y)=0.8580
Epoch 200/200: Training loss=0.035791, lr=8.02e-05
Epoch 200/200: Validation combined_loss=0.046024
Validation configuration losses: 32ch=0.045225, 16ch=0.046824
Set5/32ch: PSNR(Y)=31.072, SSIM(Y)=0.8761
Set14/32ch: PSNR(Y)=27.924, SSIM(Y)=0.7625
B100/32ch: PSNR(Y)=27.115, SSIM(Y)=0.7194
U100/32ch: PSNR(Y)=24.876, SSIM(Y)=0.7397
M109/32ch: PSNR(Y)=28.289, SSIM(Y)=0.8719
Set5/16ch: PSNR(Y)=30.597, SSIM(Y)=0.8663
Set14/16ch: PSNR(Y)=27.626, SSIM(Y)=0.7552
B100/16ch: PSNR(Y)=26.942, SSIM(Y)=0.7137
U100/16ch: PSNR(Y)=24.546, SSIM(Y)=0.7260
M109/16ch: PSNR(Y)=27.660, SSIM(Y)=0.8580
==================================================
Training Finished
==================================================
==================================================
Testing Best Model
==================================================
Set5/32ch: PSNR(Y)=31.077, SSIM(Y)=0.8762
Set14/32ch: PSNR(Y)=27.924, SSIM(Y)=0.7624
B100/32ch: PSNR(Y)=27.114, SSIM(Y)=0.7194
U100/32ch: PSNR(Y)=24.876, SSIM(Y)=0.7397
M109/32ch: PSNR(Y)=28.291, SSIM(Y)=0.8719
Set5/16ch: PSNR(Y)=30.598, SSIM(Y)=0.8664
Set14/16ch: PSNR(Y)=27.627, SSIM(Y)=0.7552
B100/16ch: PSNR(Y)=26.942, SSIM(Y)=0.7136
U100/16ch: PSNR(Y)=24.546, SSIM(Y)=0.7260
M109/16ch: PSNR(Y)=27.661, SSIM(Y)=0.8581
==================================================
Testing Bicubic Interpolation
==================================================
Set5: PSNR(Y)=28.638, SSIM(Y)=0.8129
Set14: PSNR(Y)=26.212, SSIM(Y)=0.7063
B100: PSNR(Y)=26.013, SSIM(Y)=0.6706
U100: PSNR(Y)=23.227, SSIM(Y)=0.6589
M109: PSNR(Y)=25.016, SSIM(Y)=0.7876
